external_id,plaj_adi,resmi_bolge_id,turetilen_bolge_id,ayni,boylam_farki,sonraki_aday,sonraki_fark,belirsiz,atlanan
5df3aad15a6c24371775bd16,Dune Allen Regional Beach Access,dune-allen,dune-allen,evet,0.0001,gulf-place,0.0221,hayır,
5c8000ddf836f94c3171b973,Fort Panic Regional Beach Access - 43,dune-allen,dune-allen,evet,0.0035,gulf-place,0.0185,hayır,
5c803a5e0970a77f5a2f0e82,Ed Walline Regional Beach Access - 39,gulf-place,gulf-place,evet,0.0028,santa-rosa-beach,0.0046,evet,
5c803abb0970a7346100fff5,Gulfview Heights Regional Beach Access - 37,santa-rosa-beach,santa-rosa-beach,evet,0.0042,gulf-place,0.0117,hayır,
5c79a4b00970a7972e59c7a2,Blue Mountain Regional Beach Access - 36,blue-mountain-beach,blue-mountain-beach,evet,0.0000,santa-rosa-beach,0.0244,hayır,
6a315b65def75df603062712,"Bets ""Beachmama"" Haynes Regional Beach Access",grayton-beach,grayton-beach,evet,0.0010,watercolor,0.0207,hayır,
5c8189f0f836f90da711b134,Santa Clara Regional Beach Access - 17,seagrove,seagrove,evet,0.0104,seaside,0.0183,hayır,
5c81ac29f836f9166535cba4,Walton Dunes - 8,seagrove,watersound,hayır,0.0157,seagrove,0.0215,hayır,
5c8188bbf836f90da711b132,"Inlet Beach Regional Access - 2a, 2b, 2c",inlet-beach,inlet-beach,evet,0.0041,seacrest,0.0364,hayır,
