# Gerçek çekimdeki (9 Ekim 2026) adres ve konum eşleşmelerinin hepsi: adres 1, konum 7 (yöntem başına 30'dan az olduğu için tamamı). Aynı 8 eşleşme gerçek çekimden önce geçici denemede de çıkmış ve aynı biçimde kontrol edilmişti; hatalı eşleşme bulunmadı, kurallar değişmedi. Book>Direct tarafı: konaklama çekiminin kaydı ve ilan fotoğrafı; şirket tarafı: kiralama şirketi çekiminin ham kopyasındaki ilan sayfası. foto, sonuc ve not sütunları iki tarafa bakan kişinin kararıdır.
yontem,lodging_id,bd_baslik,bd_adres,bd_oda,bd_banyo,bd_kapasite,bd_foto,sirket,sirket_sayfa,sirket_baslik,sirket_adres,sirket_oda,sirket_banyo,sirket_kapasite,sirket_foto,mesafe_m,adres_ayni,oda_ayni,banyo_ayni,kapasite_ayni,foto,sonuc,not,eslesme_notu,sirket_sayfa_sha256
adres,521917,57 Western Lake Drive,"57 Western Lake Drive, Watercolor",6.0,7.0,14,https://storage.googleapis.com/jrs_book_direct_images/l_a78145868da9491a8cd8ac43409d9701.jpg,Dune Vacation Rentals,https://dunevacationrentals.com/vacation-rental/wind_and_wave/,Luxury Beach Homes in WaterColor | Book Western Lake Drive Rentals in WaterColor – Dune Vacation Rentals,"57 WESTERN LAKE DR, Santa Rosa Beach",6.0,6.0,14,https://dunevacationrentals.com/wp-content/uploads/2022/03/dvr-logo-200x200-white.png,,evet,evet,hayır,evet,"BD'de dış cephe fotoğrafı; şirket sayfasının og:image'ı logo, fotoğraf karşılaştırılamadı",doğru,"Adres birebir (57 Western Lake Dr), 6 oda, 14 kişi aynı; banyo 7 / 6 (şirket sayfası metninden okunan).","Adres: '57 western lk dr', 6 oda; şirket ilanı: 57 Western Lake Drive.",29a33de0857872cb215eb1d83056bb3b1be94bd845f5d23e5df7de1fc265cc08
konum,521603,Match Pointe CH,"69 Pointe Dr, Dune Allen",1.0,1.0,4,https://storage.googleapis.com/jrs_book_direct_images/l_266e0fadf12208259004f54c336d5cd0.jpg,30A Vacay,https://www.30a-vacay.com/vacation-rentals/rental/dune-allen---match-pointe/,"Dune Allen - Match Pointe | Santa Rosa Beach, Florida | 30A Vacay",,1.0,1.0,4,https://www.30a-vacay.com/unitimages/698b69bd1e36700014883bf0/51c5da70-bdf1-41-MqqgP,4.0,,evet,evet,evet,"aynı iç mekân, farklı açı (kemerli pencereler, tavan vantilatörü)",doğru,"Başlık aynı (Match Pointe); BD'de 'CH' (misafir evi), şirkette 1 oda/1 banyo/4 kişi de aynı.","Konum: 4.0 m, 1 oda / 1 banyo; şirket ilanı: https://www.30a-vacay.com/vacation-rentals/rental/dune-allen---match-pointe/.",f95d13a992ac1a2e18f0cdd1809a184acfe2e2e7af58ed17f26e71fdf6720064
konum,521610,Sea The Stars,"54 Main St, Rosemary Beach",2.0,2.0,5,https://storage.googleapis.com/jrs_book_direct_images/l_e18b24226d5b133979c81ab3c0f9a4ed.jpg,30A Vacay,https://www.30a-vacay.com/vacation-rentals/rental/rosemary---54-main-st/,"Rosemary - 54 Main St | Rosemary Beach, Florida | 30A Vacay",,2.0,2.0,5,https://www.30a-vacay.com/unitimages/698b6a7b17937b003d330a8c/20cca21c-7973-4c-QvlYw,0.0,,evet,evet,evet,"farklı kareler (BD salon, şirket balkon)",doğru,Şirket başlığı 'Rosemary - 54 Main St' BD adresiyle aynı; 2/2/5 aynı.,"Konum: 0.0 m, 2 oda / 2 banyo; şirket ilanı: https://www.30a-vacay.com/vacation-rentals/rental/rosemary---54-main-st/.",5bf8707fbc1c4a90d0d35e5c5968f1ed5ac4f12bf7f1abbff74303bb3f53adbc
konum,521618,Catch Of The Day,"107 Cobia Run E, Seacrest",3.0,3.0,10,https://storage.googleapis.com/jrs_book_direct_images/l_186ace1606483952b5d410844d13dfdb.jpg,30A Vacay,https://www.30a-vacay.com/vacation-rentals/rental/seacrest---catch-of-the-day/,"Seacrest - Catch of the Day | Panama City Beach, Florida | 30A Vacay",,3.0,3.0,10,https://www.30a-vacay.com/unitimages/698b6a3bb1c612003327f555/d51764fe-0c3b-44-FvtG5,12.5,,evet,evet,evet,"farklı kareler (BD salon, şirket dış cephe)",doğru,"Başlık aynı (Catch of the Day); 3/3/10 aynı; 12,5 m.","Konum: 12.5 m, 3 oda / 3 banyo; şirket ilanı: https://www.30a-vacay.com/vacation-rentals/rental/seacrest---catch-of-the-day/.",d6f0ad9f27e3631ae752106cb69553a6fbd5c3b631b4ded2a022e8ec05c3171c
konum,521619,Flip Flop Happy,"130 Flip Flop Ln, Seacrest",5.0,4.0,16,https://storage.googleapis.com/jrs_book_direct_images/l_2e62dbb0d7294629ecdcb8a553485e66.jpg,30A Vacay,https://www.30a-vacay.com/vacation-rentals/rental/seacrest---flip-flop-happy/,"Seacrest - Flip Flop Happy | Panama City Beach, Florida | 30A Vacay",,5.0,4.0,16,https://www.30a-vacay.com/unitimages/698b6a3bb1c612003327f40c/dcb1fsgegypcjftfbtxb.jpg,9.4,,evet,evet,evet,"aynı ev, aynı açıdan dış cephe",doğru,Başlık aynı (Flip Flop Happy); 5/4/16 aynı.,"Konum: 9.4 m, 5 oda / 4 banyo; şirket ilanı: https://www.30a-vacay.com/vacation-rentals/rental/seacrest---flip-flop-happy/.",a9922096d4d8a2feaad27aed46d168ab9269591f1a00880ac20040188e816a6a
konum,521630,"Hello, Sunshine","82 Lifeguard Loop W, Seacrest",5.0,5.0,13,https://storage.googleapis.com/jrs_book_direct_images/l_be16a194f42e6fa465747ddbba729096.jpg,30A Vacay,https://www.30a-vacay.com/vacation-rentals/rental/seacrest---hello-sunshine/,"Seacrest - Hello Sunshine | Panama City Beach, Florida | 30A Vacay",,5.0,5.0,12,https://www.30a-vacay.com/unitimages/698b6a8182a1e3001c0c9f4d/f078f0bc-fd88-4d-XsHeo,1.5,,evet,evet,hayır,"farklı kareler (BD dış cephe, şirket salon)",doğru,Başlık aynı (Hello Sunshine); kapasite 13 / 12.,"Konum: 1.5 m, 5 oda / 5 banyo; şirket ilanı: https://www.30a-vacay.com/vacation-rentals/rental/seacrest---hello-sunshine/.",33b906868c9b4d4421c3b4ce09cd16578b09f19776b9f5b1595af1e0528c74e7
konum,521664,Texas Tide,"200 N Andalusia Ave, Seagrove",3.0,3.0,9,https://storage.googleapis.com/jrs_book_direct_images/l_ec244cfa4e14c27f7dea4c011999f196.jpg,30A Vacay,https://www.30a-vacay.com/vacation-rentals/rental/seagrove---texas-tide/,"Seagrove - Texas Tide | Santa Rosa Beach, Florida | 30A Vacay",,3.0,3.0,11,https://www.30a-vacay.com/unitimages/698b6a71c1d67a0035af853d/3eba40ca-afb9-44-1Kt6h,0.0,,evet,evet,hayır,"farklı kareler (BD salon, şirket dış cephe)",doğru,Başlık aynı (Texas Tide); kapasite 9 / 11.,"Konum: 0.0 m, 3 oda / 3 banyo; şirket ilanı: https://www.30a-vacay.com/vacation-rentals/rental/seagrove---texas-tide/.",ca587842743e62519f6f5bfc8b8d419dcc915c1721d78f8de6561db9f340994a
konum,521677,Mykonos On The Gulf 1,"29 Silk Grass Ln MH, Watercolor",5.0,5.0,16,https://storage.googleapis.com/jrs_book_direct_images/l_b2d7b1907fa6ca0d342b013a2c11ca1a.jpg,30A Vacay,https://www.30a-vacay.com/vacation-rentals/rental/watercolor---29-silk-mh--ch/,"Watercolor - 29 Silk MH & CH | Santa Rosa Beach, Florida | 30A Vacay",,5.0,5.0,16,https://www.30a-vacay.com/unitimages/698b6b97e7cbfc0012ea2a9e/9a0c0181-893c-45-m59J8,1.1,,evet,evet,evet,birebir aynı fotoğraf,doğru,"29 Silk Grass Ln; BD 'MH', şirket 'MH & CH'; 5/5/16 aynı.","Konum: 1.1 m, 5 oda / 5 banyo; şirket ilanı: https://www.30a-vacay.com/vacation-rentals/rental/watercolor---29-silk-mh--ch/.",5811eeada115397ad852dc3782addb469efcd2f6e1718a13db64eb2e2dfa5340
