# Kiralama şirketlerinin kendi sitelerinde 2026-10-08 tarihinde sorgulanan fiyatlar; toplam fiyat 3452/3682 fiyatta vergileri ve sitenin gösterdiği ücretleri içerir, kalanında sitenin toplamı kalemlerin toplamıyla doğrulanamadı.
# Fiyatlar 2 yetişkin için soruldu (sitenin fiyat isteği misafir sayısı sormuyorsa misafir sayısı boş kalır).
# Fiyatlı ilanlar Book>Direct ilanlarıdır (eşleme yöntemi: bağlantı, adres veya konum); 'kendi envanteri' sütunu tek bir topluluğun resmî kiralama programında Book>Direct'te olmayan evleri ayrı sayar.
# Yayımlanmış kira: sitenin sezon için yayımladığı kira aralığı × gece sayısı; vergi ve ücretler hariç, toplam fiyat ortancalarına karışmaz.
# Gecelik ortalama = sitenin kira tutarı ÷ gece sayısı (bizim hesabımız; ücret ve vergiler hariç). Oda sayısı Book>Direct ilanından; 1–2 grubuna stüdyolar dahildir. Ortancalar 7 gecelik toplam fiyattandır.
# Çekim e54c9dfae72a4e06a0702d2394cd8083 · girdi konaklama çekimi 69136a089ec2438e92901c872f39e9be · sorgu günü 2026-10-08
mahalle,pencere,giris,cikis,gece,durum,bookdirect_ilan,sirket_baglantili_ilan,sorgulanan_ilan,fiyatli_ilan,fiyatli_baglanti,fiyatli_adres,fiyatli_konum,fiyatli_pay,musaitligi_bilinen,musait_pay,toplam_q1_usd,toplam_ortanca_usd,toplam_q3_usd,kira_gecelik_q1_usd,kira_gecelik_ortanca_usd,kira_gecelik_q3_usd,oda_1_2_ilan,oda_1_2_ortanca_usd,oda_3_ilan,oda_3_ortanca_usd,oda_4_ilan,oda_4_ortanca_usd,oda_5plus_ilan,oda_5plus_ortanca_usd,kendi_envanteri_ev,kendi_envanteri_sorgulanan,kendi_envanteri_fiyatli,kendi_envanteri_toplam_ortanca_usd,yayimlanmis_kira_ilan,yayimlanmis_haftalik_kira_alt_ortanca_usd,yayimlanmis_haftalik_kira_ust_ortanca_usd,fiyatli_toplam_bookdirect_ve_kendi,gorev08_fiyatli_ilan
Dune Allen,Sonbahar 2026,2026-10-17,2026-10-24,7,queried,114,97,56,15,14,0,1,0.268,56,0.268,2340.26,2671.2,4120.33,218.0,315.03,457.72,5,2307.2,1,2469.83,6,3831.18,2,4730.77,0,0,0,,0,,,15,8
Dune Allen,Kış 2027,2027-01-16,2027-01-23,7,queried,114,97,56,35,34,0,1,0.625,56,0.625,2331.14,3091.2,4037.22,234.35,325.0,414.96,9,2307.2,6,2699.2,11,3847.2,8,4517.24,0,0,0,,0,,,35,22
Dune Allen,Bahar tatili 2027,2027-03-13,2027-03-20,7,queried,114,97,56,45,44,0,1,0.804,56,0.804,3063.2,3875.2,5168.8,302.32,400.0,564.75,17,3063.2,10,3483.2,10,5202.4,7,6756.12,0,0,0,,0,,,45,31
Dune Allen,Yaz 2027,2027-07-10,2027-07-17,7,queried,114,97,56,46,45,0,1,0.821,56,0.821,4173.84,5608.06,8990.33,446.62,621.03,1072.84,16,4088.84,10,5608.06,11,8531.61,8,13016.5,0,0,0,,0,,,46,29
Dune Allen,Sonbahar 2027,2027-10-16,2027-10-23,7,queried,114,97,56,46,46,0,0,0.821,55,0.836,3063.2,3483.2,5040.76,300.0,350.0,554.5,16,3063.2,10,3287.2,11,4712.08,8,5997.85,0,0,0,,0,,,46,
Gulf Place,Sonbahar 2026,2026-10-17,2026-10-24,7,queried,31,18,15,7,7,0,0,0.467,15,0.467,1939.53,1972.15,2193.39,198.43,246.55,278.11,2,1939.53,4,1972.15,0,,1,4106.82,0,0,0,,0,,,7,1
Gulf Place,Kış 2027,2027-01-16,2027-01-23,7,queried,31,18,15,12,12,0,0,0.8,15,0.8,1685.21,1944.05,2501.82,187.44,214.55,319.11,4,1682.07,5,2118.61,0,,1,3617.6,0,0,0,,0,,,12,2
Gulf Place,Bahar tatili 2027,2027-03-13,2027-03-20,7,queried,31,18,15,11,11,0,0,0.733,15,0.733,2709.66,3529.44,3972.39,306.08,450.18,506.68,4,3470.03,4,3453.45,0,,1,6808.8,0,0,0,,0,,,11,2
Gulf Place,Yaz 2027,2027-07-10,2027-07-17,7,queried,31,18,15,15,15,0,0,1.0,15,1.0,4221.12,4803.21,5966.28,503.73,596.79,745.28,5,4632.42,7,5049.75,0,,1,12226.55,0,0,0,,0,,,15,3
Gulf Place,Sonbahar 2027,2027-10-16,2027-10-23,7,queried,31,18,15,12,12,0,0,0.8,15,0.8,2395.43,2556.7,3693.87,277.87,312.39,437.0,4,2368.69,5,3571.19,0,,1,5459.07,0,0,0,,0,,,12,
Santa Rosa Beach,Sonbahar 2026,2026-10-17,2026-10-24,7,queried,246,114,62,7,7,0,0,0.113,50,0.14,2424.91,3602.23,4125.64,201.0,339.47,476.23,0,,2,2849.61,4,3127.93,1,3602.23,0,0,0,,0,,,7,1
Santa Rosa Beach,Kış 2027,2027-01-16,2027-01-23,7,queried,246,114,62,45,45,0,0,0.726,60,0.75,1952.05,2451.66,4452.0,177.51,246.57,430.94,4,1327.13,12,2077.99,15,2353.96,10,4950.98,0,0,0,,0,,,45,5
Santa Rosa Beach,Bahar tatili 2027,2027-03-13,2027-03-20,7,queried,246,114,62,44,44,0,0,0.71,58,0.759,2730.77,3994.82,5832.08,307.19,417.06,629.24,5,2451.68,14,3858.49,15,4055.35,7,7963.48,0,0,0,,0,,,44,5
Santa Rosa Beach,Yaz 2027,2027-07-10,2027-07-17,7,queried,246,114,62,52,52,0,0,0.839,61,0.852,4614.58,6584.05,9432.73,545.08,733.0,970.36,5,3259.48,18,6334.74,16,7302.66,9,13627.04,0,0,0,,0,,,52,5
Santa Rosa Beach,Sonbahar 2027,2027-10-16,2027-10-23,7,queried,246,114,62,43,43,0,0,0.694,49,0.878,2575.48,3398.52,5370.4,268.37,336.5,528.61,3,1861.48,14,2915.81,15,4894.69,8,6918.81,0,0,0,,0,,,43,
Blue Mountain Beach,Sonbahar 2026,2026-10-17,2026-10-24,7,queried,194,129,94,16,16,0,0,0.17,73,0.219,1987.54,2712.72,3449.99,203.49,299.11,470.89,2,1553.71,5,2113.26,6,3051.11,3,5430.77,0,0,0,,21,2142.0,4648.0,16,2
Blue Mountain Beach,Kış 2027,2027-01-16,2027-01-23,7,queried,194,129,94,49,49,0,0,0.521,73,0.671,1715.92,2315.55,2977.86,155.86,254.16,355.44,9,1936.65,17,1690.88,14,2935.17,8,4428.39,0,0,0,,21,1729.0,4340.0,49,7
Blue Mountain Beach,Bahar tatili 2027,2027-03-13,2027-03-20,7,queried,194,129,94,54,54,0,0,0.574,73,0.74,3058.1,3649.94,4540.82,350.15,446.11,577.23,10,3165.81,22,3483.07,17,4375.18,4,7510.88,0,0,0,,21,3318.0,4340.0,54,7
Blue Mountain Beach,Yaz 2027,2027-07-10,2027-07-17,7,queried,194,129,94,66,66,0,0,0.702,73,0.904,4461.23,5782.24,6866.21,537.18,711.43,828.72,12,4020.89,25,5391.23,23,6369.76,5,10440.53,0,0,0,,21,3598.0,3976.0,66,7
Blue Mountain Beach,Sonbahar 2027,2027-10-16,2027-10-23,7,queried,194,129,94,62,62,0,0,0.66,73,0.849,2710.96,3108.09,4002.64,296.32,375.31,502.21,10,2965.28,25,2927.83,19,3384.29,7,5258.98,0,0,0,,21,2254.0,4340.0,62,
Grayton Beach,Sonbahar 2026,2026-10-17,2026-10-24,7,queried,86,73,45,5,5,0,0,0.111,45,0.111,2720.71,4809.28,7805.98,347.03,520.0,725.0,0,,0,,2,3764.99,3,7805.98,0,0,0,,0,,,5,4
Grayton Beach,Kış 2027,2027-01-16,2027-01-23,7,queried,86,73,45,27,27,0,0,0.6,45,0.6,2217.04,2873.99,4758.95,292.22,491.29,587.8,3,2873.99,8,2147.81,7,2953.16,9,6063.68,0,0,0,,0,,,27,9
Grayton Beach,Bahar tatili 2027,2027-03-13,2027-03-20,7,queried,86,73,45,28,28,0,0,0.622,45,0.622,3271.39,4144.84,6026.83,418.55,520.0,784.29,5,3332.91,7,3281.43,8,5661.69,8,7701.51,0,0,0,,0,,,28,8
Grayton Beach,Yaz 2027,2027-07-10,2027-07-17,7,queried,86,73,45,31,31,0,0,0.689,45,0.689,3966.8,5462.24,8514.81,642.39,729.29,1118.61,7,3861.76,8,3966.8,8,7047.09,8,9819.33,0,0,0,,0,,,31,8
Grayton Beach,Sonbahar 2027,2027-10-16,2027-10-23,7,queried,86,73,45,39,39,0,0,0.867,45,0.867,2858.8,3515.68,6518.16,440.63,725.0,1082.16,7,2836.96,11,3018.4,9,4432.96,12,7705.03,0,0,0,,0,,,39,
WaterColor,Sonbahar 2026,2026-10-17,2026-10-24,7,queried,259,114,73,13,12,1,0,0.178,72,0.181,5988.42,6467.03,8033.07,644.15,706.55,830.0,0,,0,,3,7103.88,10,6279.72,0,0,0,,0,,,13,3
WaterColor,Kış 2027,2027-01-16,2027-01-23,7,queried,259,114,73,47,45,1,1,0.644,73,0.644,5068.22,6471.79,8438.84,527.71,673.75,940.35,5,4426.24,8,5237.78,9,5612.1,25,8341.88,0,0,0,,0,,,47,15
WaterColor,Bahar tatili 2027,2027-03-13,2027-03-20,7,queried,259,114,73,46,45,1,0,0.63,72,0.639,6811.34,9115.17,11200.78,786.41,1074.69,1297.35,8,5557.38,8,8920.4,11,7898.87,19,10390.86,0,0,0,,0,,,46,18
WaterColor,Yaz 2027,2027-07-10,2027-07-17,7,queried,259,114,73,52,51,1,0,0.712,72,0.722,9221.65,10781.31,13529.86,1141.82,1333.15,1573.45,10,6631.41,7,9732.6,12,10066.86,23,13336.7,0,0,0,,0,,,52,20
WaterColor,Sonbahar 2027,2027-10-16,2027-10-23,7,queried,259,114,73,39,39,0,0,0.534,72,0.542,6290.42,8462.4,10487.27,798.53,1055.24,1313.52,6,5208.94,5,8653.91,10,7414.37,18,10941.1,0,0,0,,0,,,39,
Seaside,Sonbahar 2026,2026-10-17,2026-10-24,7,queried,221,155,131,8,8,0,0,0.061,131,0.061,5131.8,6600.22,11556.7,600.69,818.42,1442.09,1,3502.24,1,4191.07,2,16333.77,4,9370.42,0,0,0,,0,,,8,2
Seaside,Kış 2027,2027-01-16,2027-01-23,7,queried,221,155,131,86,86,0,0,0.656,130,0.662,3111.73,4292.17,5313.13,375.52,532.5,647.37,41,3040.17,25,4785.53,13,5707.47,7,8047.97,0,0,0,,0,,,86,3
Seaside,Bahar tatili 2027,2027-03-13,2027-03-20,7,queried,221,155,131,71,71,0,0,0.542,131,0.542,5078.8,7312.02,8609.81,633.75,882.66,1074.37,32,4849.32,24,8058.88,11,8666.58,3,10628.64,0,0,0,,0,,,71,5
Seaside,Yaz 2027,2027-07-10,2027-07-17,7,queried,221,155,131,98,98,0,0,0.748,131,0.748,6162.81,8702.2,10633.18,764.74,1084.47,1326.85,42,6074.34,32,9478.83,17,10410.63,6,13841.1,0,0,0,,0,,,98,5
Seaside,Sonbahar 2027,2027-10-16,2027-10-23,7,queried,221,155,131,101,101,0,0,0.771,131,0.771,4421.17,6185.15,7474.49,521.61,771.81,932.7,46,4112.86,31,6769.73,16,8263.78,7,9318.18,0,0,0,,0,,,101,
Seagrove,Sonbahar 2026,2026-10-17,2026-10-24,7,queried,498,382,287,53,53,0,0,0.185,286,0.185,1581.72,2508.72,3600.05,168.38,283.99,432.31,12,1349.37,17,2383.73,14,3064.09,8,5009.99,0,0,0,,0,,,53,31
Seagrove,Kış 2027,2027-01-16,2027-01-23,7,queried,498,382,287,207,207,0,0,0.721,286,0.724,1319.15,1903.39,2830.65,118.6,187.5,340.91,86,1381.65,41,2041.8,39,2674.3,28,4594.16,0,0,0,,0,,,207,132
Seagrove,Bahar tatili 2027,2027-03-13,2027-03-20,7,queried,498,382,287,222,221,0,1,0.774,287,0.774,2348.77,3117.19,5185.68,258.67,335.5,603.83,100,2623.15,51,4007.73,33,5307.15,26,8291.49,0,0,0,,0,,,222,139
Seagrove,Yaz 2027,2027-07-10,2027-07-17,7,queried,498,382,287,261,260,0,1,0.909,287,0.909,4115.52,5255.72,7163.35,486.96,595.11,871.86,121,4666.52,55,6148.02,40,7666.2,31,12199.66,0,0,0,,0,,,261,161
Seagrove,Sonbahar 2027,2027-10-16,2027-10-23,7,queried,498,382,287,247,247,0,0,0.861,286,0.864,1985.34,2590.28,3703.34,214.79,270.54,429.75,122,2337.16,46,2966.81,39,4144.45,27,6574.23,0,0,0,,0,,,247,
WaterSound,Sonbahar 2026,2026-10-17,2026-10-24,7,queried,165,92,52,19,19,0,0,0.365,52,0.365,2060.28,2377.27,2534.76,184.3,228.01,235.74,3,1812.23,11,2308.13,2,3416.78,2,3063.74,0,0,0,,0,,,19,16
WaterSound,Kış 2027,2027-01-16,2027-01-23,7,queried,165,92,52,41,41,0,0,0.788,52,0.788,2252.2,2679.48,4235.16,219.0,279.0,421.4,8,2075.48,19,2522.68,11,3925.32,2,3363.26,0,0,0,,0,,,41,35
WaterSound,Bahar tatili 2027,2027-03-13,2027-03-20,7,queried,165,92,52,43,43,0,0,0.827,52,0.827,3251.92,4163.48,6549.21,348.28,440.86,697.13,9,3170.28,19,3872.28,12,6163.35,2,4675.06,0,0,0,,0,,,43,36
WaterSound,Yaz 2027,2027-07-10,2027-07-17,7,queried,165,92,52,49,49,0,0,0.942,52,0.942,5529.0,6852.11,8127.04,640.0,795.0,952.97,10,5212.6,24,6780.92,12,8660.4,2,8513.2,0,0,0,,0,,,49,39
WaterSound,Sonbahar 2027,2027-10-16,2027-10-23,7,queried,165,92,52,38,38,0,0,0.731,52,0.731,2566.98,2971.8,4482.68,256.53,306.28,467.11,10,2455.16,19,3041.24,7,5065.19,2,3786.58,0,0,0,,0,,,38,
Seacrest,Sonbahar 2026,2026-10-17,2026-10-24,7,queried,301,226,161,24,24,0,0,0.149,158,0.152,2580.3,3066.75,3557.35,290.83,360.07,445.91,1,2368.23,10,2753.95,6,2808.44,7,4218.47,0,0,0,,0,,,24,8
Seacrest,Kış 2027,2027-01-16,2027-01-23,7,queried,301,226,161,125,123,0,2,0.776,160,0.781,2385.79,3052.63,3583.55,257.37,359.91,453.58,24,2641.21,44,2720.14,26,2932.73,29,4048.16,0,0,0,,0,,,125,79
Seacrest,Bahar tatili 2027,2027-03-13,2027-03-20,7,queried,301,226,161,115,114,0,1,0.714,159,0.723,4322.98,5298.5,6626.18,483.9,654.62,842.51,24,4716.95,47,4795.16,23,6307.38,19,7545.14,0,0,0,,0,,,115,73
Seacrest,Yaz 2027,2027-07-10,2027-07-17,7,queried,301,226,161,128,127,0,1,0.795,159,0.805,6055.11,7944.61,9194.99,754.23,976.31,1170.55,27,6450.04,45,7336.9,28,8130.07,26,10763.97,0,0,0,,0,,,128,80
Seacrest,Sonbahar 2027,2027-10-16,2027-10-23,7,queried,301,226,161,84,84,0,0,0.522,158,0.532,2830.64,3555.89,4279.24,308.63,406.71,498.87,17,2743.98,35,3518.75,18,3783.27,12,5778.71,0,0,0,,0,,,84,
Alys Beach,Sonbahar 2026,2026-10-17,2026-10-24,7,queried,7,7,0,0,0,0,0,,0,,,,,,,,0,,0,,0,,0,,73,73,4,9139.2,0,,,4,0
Alys Beach,Kış 2027,2027-01-16,2027-01-23,7,queried,7,7,0,0,0,0,0,,0,,,,,,,,0,,0,,0,,0,,73,73,48,8326.64,0,,,48,0
Alys Beach,Bahar tatili 2027,2027-03-13,2027-03-20,7,queried,7,7,0,0,0,0,0,,0,,,,,,,,0,,0,,0,,0,,73,73,54,14068.88,0,,,54,0
Alys Beach,Yaz 2027,2027-07-10,2027-07-17,7,queried,7,7,0,0,0,0,0,,0,,,,,,,,0,,0,,0,,0,,73,73,62,15108.8,0,,,62,0
Alys Beach,Sonbahar 2027,2027-10-16,2027-10-23,7,queried,7,7,0,0,0,0,0,,0,,,,,,,,0,,0,,0,,0,,73,73,0,,0,,,0,
Rosemary Beach,Sonbahar 2026,2026-10-17,2026-10-24,7,queried,166,133,100,10,10,0,0,0.1,99,0.101,2431.73,2941.43,4263.96,310.17,352.54,523.14,5,2836.76,4,3077.59,0,,1,14549.79,0,0,0,,0,,,10,10
Rosemary Beach,Kış 2027,2027-01-16,2027-01-23,7,queried,166,133,100,67,66,0,1,0.67,100,0.67,2512.47,4291.39,5929.09,308.66,527.37,739.45,32,2813.25,16,4986.51,7,5902.59,11,8647.79,0,0,0,,0,,,67,60
Rosemary Beach,Bahar tatili 2027,2027-03-13,2027-03-20,7,queried,166,133,100,82,81,0,1,0.82,100,0.82,4013.91,5872.09,9366.62,503.39,729.42,1170.21,38,3927.18,24,6759.64,11,9664.65,8,13962.05,0,0,0,,0,,,82,75
Rosemary Beach,Yaz 2027,2027-07-10,2027-07-17,7,queried,166,133,100,90,89,0,1,0.9,100,0.9,4653.41,7108.39,11900.93,565.2,870.17,1504.68,40,4440.03,24,8376.24,15,12603.5,10,15286.76,0,0,0,,0,,,90,81
Rosemary Beach,Sonbahar 2027,2027-10-16,2027-10-23,7,queried,166,133,100,62,62,0,0,0.62,99,0.626,3561.85,5133.15,8424.07,433.48,624.81,1038.96,26,3405.94,17,5406.9,11,8528.02,7,11474.63,0,0,0,,0,,,62,
Inlet Beach,Sonbahar 2026,2026-10-17,2026-10-24,7,queried,101,76,51,15,15,0,0,0.294,46,0.326,1987.51,2962.4,5129.0,250.51,374.86,563.35,3,1558.86,2,2498.47,5,4818.81,4,9050.63,0,0,0,,0,,,15,2
Inlet Beach,Kış 2027,2027-01-16,2027-01-23,7,queried,101,76,51,42,42,0,0,0.824,51,0.824,2077.14,2964.69,5103.39,243.83,343.54,634.51,8,1588.32,8,2151.45,14,3290.14,10,6794.22,0,0,0,,0,,,42,12
Inlet Beach,Bahar tatili 2027,2027-03-13,2027-03-20,7,queried,101,76,51,38,38,0,0,0.745,50,0.76,3646.14,5286.65,7430.27,450.07,638.15,922.46,8,2400.09,9,3833.37,14,5756.32,6,13391.67,0,0,0,,0,,,38,8
Inlet Beach,Yaz 2027,2027-07-10,2027-07-17,7,queried,101,76,51,41,41,0,0,0.804,51,0.804,4656.25,7108.6,12673.12,611.87,910.91,1661.35,6,3459.2,11,5106.31,13,8122.16,9,20434.52,0,0,0,,0,,,41,11
Inlet Beach,Sonbahar 2027,2027-10-16,2027-10-23,7,queried,101,76,51,38,38,0,0,0.745,46,0.826,2575.09,4145.01,7151.85,327.19,509.27,914.39,7,2462.45,10,2648.98,11,4902.12,8,12100.94,0,0,0,,0,,,38,
