sirket,alan_adi,uyarlayici,ilan,lodging_id,sayfa,oda,kapasite,misafir_1,toplam_1,misafir_2,toplam_2,fark,farkli_kalemler,durum_1,durum_2,not
Benchmark Management,benchmark30a.com,rescms,Emotional Rescue,526206,https://www.benchmark30a.com/emerald-coast-vacation-rentals/emotional-rescue,6.0,20,2,25251.83,12,25251.83,0.0,,priced,priced,
Benchmark Management,benchmark30a.com,rescms,Intensive Care,528399,https://www.benchmark30a.com/emerald-coast-vacation-rentals/intensive-care,6.0,12,2,15868.43,12,15868.43,0.0,,priced,priced,
Benchmark Management,benchmark30a.com,rescms,Ocean Breeze,522887,https://www.benchmark30a.com/emerald-coast-vacation-rentals/ocean-breeze,5.0,13,2,7265.84,10,7265.84,0.0,,priced,priced,
30A Escapes,30aescapes.com,track,,,,,,,,,,,,,,Sitenin fiyat isteği misafir sayısı sormuyor; kontrol gerekmez (2 yetişkin kuralı anlamsız).
Rosemary Beach®,rosemarybeach.com,streamline,Beachside & Barefoot Cottage,519586,https://rosemarybeach.com/rentals/availability/beachside-&-barefoot-cottage/?arrival=&depart=&beds=Any&baths=Any&prop=&type=Any&guests=Any&loc=Any&pageNumber=5,6.0,14,2,,12,,,,unavailable,unavailable,Fiyat alınamadı: We have no inventory available for the selected dates. (E0031)
Rosemary Beach®,rosemarybeach.com,streamline,Serendipity Cottage & Carriage House,519730,https://rosemarybeach.com/rentals/availability/serendipity-cottage-and-carriage-house/?arrival=&depart=&beds=Any&baths=Any&prop=&type=Any&guests=Any&loc=Any&pageNumber=8,6.0,16,2,32886.48,12,32886.48,0.0,,priced,priced,
Rosemary Beach®,rosemarybeach.com,streamline,Hope Cottage & Carriage House,519636,https://rosemarybeach.com/994491/?arrival=&depart=&beds=Any&baths=Any&prop=&type=Any&guests=Any&loc=Any,6.0,16,2,,12,,,,unavailable,unavailable,Fiyat alınamadı: We have no inventory available for the selected dates. (E0031)
Rosemary Beach®,rosemarybeach.com,streamline,Carmel Cottage,519605,https://rosemarybeach.com/rentals/availability/carmel-cottage/,5.0,15,2,14590.6,10,14590.6,0.0,,priced,priced,
Rosemary Beach®,rosemarybeach.com,streamline,Webb Isle Cottage,519765,https://rosemarybeach.com/rentals/availability/webb-isle-cottage/?arrival=&depart=&beds=Any&baths=Any&prop=&type=Any&guests=Any&loc=Any&pageNumber=9,5.0,14,2,13733.52,10,13733.52,0.0,,priced,priced,
Panhandle Getaways,panhandlegetaways.com,track,,,,,,,,,,,,,,Sitenin fiyat isteği misafir sayısı sormuyor; kontrol gerekmez (2 yetişkin kuralı anlamsız).
Dune Vacation Rentals,dunevacationrentals.com,streamline,63 Western Lake Drive,527142,https://dunevacationrentals.com/vacation-rental/serenity-on-western-lake/,7.0,16,2,27638.52,14,27638.52,0.0,,priced,priced,
Dune Vacation Rentals,dunevacationrentals.com,streamline,Summer Of 42,530457,https://dunevacationrentals.com/Rentals/Summer_of_42/,6.0,16,2,31199.0,12,31199.0,0.0,,priced,priced,
Dune Vacation Rentals,dunevacationrentals.com,streamline,Stress Free,527192,https://dunevacationrentals.com/vacation-rental/stress-free/,6.0,16,2,25462.78,12,25462.78,0.0,,priced,priced,
30A Cottages,30acottagesandconcierge.com,rescms,Beach Therapy,520677,https://www.30acottagesandconcierge.com/vacation-rentals/beach-therapy,5.0,14,2,20449.8,10,20449.8,0.0,,priced,priced,
30A Cottages,30acottagesandconcierge.com,rescms,Warmth Of The Sun,521713,https://www.30acottagesandconcierge.com/vacation-rentals/warmth-sun,5.0,11,2,,10,,,,unavailable,unavailable,Fiyat alınamadı: Not Available
30A Cottages,30acottagesandconcierge.com,rescms,Beach Bliss,520683,https://www.30acottagesandconcierge.com/vacation-rentals/beach-bliss,5.0,12,2,10808.73,10,10808.73,0.0,,priced,priced,
30A Cottages,30acottagesandconcierge.com,rescms,The Upper Deck,521712,https://www.30acottagesandconcierge.com/vacation-rentals/upper-deck,5.0,11,2,7010.42,10,7010.42,0.0,,priced,priced,
My Vacation Haven,myvacationhaven.com,rescms,Rolling Dunes,530890,https://www.myvacationhaven.com/emerald-coast-vacation-rentals/rolling-dunes-g,5.0,15,2,11709.57,10,11709.57,0.0,,priced,priced,
My Vacation Haven,myvacationhaven.com,rescms,That Summer Feeling,523180,https://www.myvacationhaven.com/emerald-coast-vacation-rentals/summer-feeling,4.0,14,2,4411.31,8,4411.31,0.0,,priced,priced,
My Vacation Haven,myvacationhaven.com,rescms,Sandy Bottoms,528658,https://www.myvacationhaven.com/emerald-coast-vacation-rentals/sandy-bottoms,4.0,10,2,3604.79,8,3604.79,0.0,,priced,priced,
Homeowner's Collection,homeownerscollection.com,rescms,Days Like This,531007,https://www.homeownerscollection.com/seaside-vacation-rentals/days,6.0,12,2,16953.29,12,16953.29,0.0,,priced,priced,
Homeowner's Collection,homeownerscollection.com,rescms,Southern Comfort,522772,https://www.homeownerscollection.com/seaside-vacation-rentals/southern-comfort,6.0,14,2,14081.14,12,14081.14,0.0,,priced,priced,
Homeowner's Collection,homeownerscollection.com,rescms,On The Lawn,531016,https://www.homeownerscollection.com/seaside-vacation-rentals/lawn,6.0,16,2,,12,,,,unavailable,unavailable,Fiyat alınamadı: Not Available
Homeowner's Collection,homeownerscollection.com,rescms,For My Girls,526581,https://www.homeownerscollection.com/seaside-vacation-rentals/my-girls,5.0,11,2,,10,,,,priced,unavailable,Fiyat alınamadı: Warning message Occupancy for this property is 9 persons. × Not Available
Homeowner's Collection,homeownerscollection.com,rescms,Biscuits,531005,https://www.homeownerscollection.com/seaside-vacation-rentals/biscuits,5.0,12,2,13531.0,10,13531.0,0.0,,priced,priced,
Southern Vacation Rentals,southernresorts.com,property_quote,Salty Dunes,536579,https://southernresorts.com/property/aee49230-dda3-45d3-8d62-9ae36c63ed7c,7.0,19,2,9715.87,14,9715.87,0.0,,priced,priced,
Southern Vacation Rentals,southernresorts.com,property_quote,The Taj Mahal,519544,https://southernresorts.com/property/5a91fc61-9429-4088-81fe-8c6f32ff8ee4,5.0,14,2,,10,,,,unavailable,unavailable,Fiyat alınamadı: Provided unit or unit type is not available for the dates provided.
Southern Vacation Rentals,southernresorts.com,property_quote,Green Wave,521708,https://southernresorts.com/property/ce9d05aa-d471-43cd-91ce-8d3f031fd6e6,5.0,12,2,7991.57,10,7991.57,0.0,,priced,priced,
Southern Vacation Rentals,southernresorts.com,property_quote,Easy Breezy,536630,https://southernresorts.com/property/424753da-ceed-44fe-afce-d0e9e77ccc63,5.0,20,2,,10,,,,unavailable,unavailable,Fiyat alınamadı: Provided unit or unit type is not available for the dates provided.
Southern Vacation Rentals,southernresorts.com,property_quote,Cypress Dune Cottage,529575,https://southernresorts.com/property/a68eb00d-2c36-4f1a-80f2-ef75675b2b6d,4.0,8,2,4646.11,8,4646.11,0.0,,priced,priced,
Ocean Reef Resorts,oceanreefresorts.com,track,,,,,,,,,,,,,,Sitenin fiyat isteği misafir sayısı sormuyor; kontrol gerekmez (2 yetişkin kuralı anlamsız).
Oversee,oversee.us,vrp,Shores Fun,539981,https://oversee.us/vrp/unit/Shores_Fun-138-15,7.0,18,2,18512.36,14,18512.36,0.0,,priced,priced,
Oversee,oversee.us,vrp,Watercolor Reunions,539862,https://oversee.us/vrp/unit/Watercolor_Reunions-395-15,7.0,16,2,20176.94,14,20176.94,0.0,,priced,priced,
Oversee,oversee.us,vrp,Our 30A Sandcastle,539838,https://oversee.us/vrp/unit/Our_30A_Sandcastle-374-15,7.0,24,2,19341.51,14,19341.51,0.0,,priced,priced,
Paradise Properties,paradise30a.com,vr_router,Breakers Plus Waves,533978,https://www.paradise30a.com/vacation-rentals/rental/breakers-plus-waves/,7.0,17,2,,14,,,,unavailable,unavailable,Fiyat alınamadı: We have no inventory available for the selected dates..
Paradise Properties,paradise30a.com,vr_router,Summer Wind,534002,https://www.paradise30a.com/vacation-rentals/rental/summer-wind/,7.0,24,2,19557.04,14,19557.04,0.0,,priced,priced,
Paradise Properties,paradise30a.com,vr_router,Breakers,533977,https://www.paradise30a.com/vacation-rentals/rental/breakers/,6.0,16,2,,12,,,,unavailable,unavailable,Fiyat alınamadı: We have no inventory available for the selected dates..
Paradise Properties,paradise30a.com,vr_router,224 Winston Ln,524841,https://www.paradise30a.com/vacation-rentals/rental/224-winston-ln/,5.0,17,2,24556.06,10,24556.06,0.0,,priced,priced,
Paradise Properties,paradise30a.com,vr_router,Sand Seair,533999,https://www.paradise30a.com/vacation-rentals/rental/sand-seair/,5.0,18,2,11155.2,10,11155.2,0.0,,priced,priced,
Sanders Beach Rentals,sandersbeachrentals.com,rescms,209 Western Lake Drive,524792,https://www.sandersbeachrentals.com/30a-vacation-rentals/izzy-b,7.0,20,2,,14,,,,unavailable,unavailable,Fiyat alınamadı: Not Available
Sanders Beach Rentals,sandersbeachrentals.com,rescms,80 Scrub Oak Circle,524833,https://www.sandersbeachrentals.com/30a-vacation-rentals/80-scrub-oak-circle,6.0,16,2,11860.44,12,11860.44,0.0,,priced,priced,
Sanders Beach Rentals,sandersbeachrentals.com,rescms,22 Flatwood Street,524794,https://www.sandersbeachrentals.com/30a-vacation-rentals/22-flatwood-street,6.0,17,2,,12,,,,unavailable,unavailable,Fiyat alınamadı: Not Available
Sanders Beach Rentals,sandersbeachrentals.com,rescms,254 Spartina Circle,524782,https://www.sandersbeachrentals.com/30a-vacation-rentals/254-spartina-circle,6.0,15,2,,12,,,,unavailable,unavailable,Fiyat alınamadı: Not Available
Sanders Beach Rentals,sandersbeachrentals.com,rescms,73 Pond Cypress Circle,524800,https://www.sandersbeachrentals.com/30a-vacation-rentals/73-pond-cypress-circle,6.0,14,2,21581.3,12,21581.3,0.0,,priced,priced,
Sanders Beach Rentals,sandersbeachrentals.com,rescms,349 Needlerush Drive,524797,https://www.sandersbeachrentals.com/30a-vacation-rentals/349-needlerush-drive,6.0,18,2,,12,,,,unavailable,unavailable,Fiyat alınamadı: Not Available
Sanders Beach Rentals,sandersbeachrentals.com,rescms,31 Bluejack Street,524822,https://www.sandersbeachrentals.com/30a-vacation-rentals/31-bluejack-street,5.0,12,2,,10,,,,unavailable,unavailable,Fiyat alınamadı: Not Available
Sanders Beach Rentals,sandersbeachrentals.com,rescms,262 Garfield Street,524802,https://www.sandersbeachrentals.com/30a-vacation-rentals/262-garfield-street,5.0,14,2,9536.26,10,9536.26,0.0,,priced,priced,
FunVacay,funvacay.com,rescms,Wish You Were Here,535308,https://www.funvacay.com/emerald-coast-vacation-rentals/wish-you-were-here,6.0,16,2,17724.67,12,17724.67,0.0,,priced,priced,
FunVacay,funvacay.com,rescms,Dream Believer,535683,https://www.funvacay.com/emerald-coast-vacation-rentals/dream-believer,6.0,12,2,12906.6,12,12906.6,0.0,,priced,priced,
FunVacay,funvacay.com,rescms,The Luxe Lookout,537229,https://www.funvacay.com/emerald-coast-vacation-rentals/luxe-lookout,6.0,18,2,16297.01,12,16297.01,0.0,,priced,priced,
Your Friend at the Beach,yourfriendatthebeach.com,qvr,Adagio B201,527839,https://yourfriendatthebeach.com/vacation_rentals/adagio-b201/,4.0,10,2,,8,,,,no_price,no_price,Fiyat alınamadı: Sitenin fiyat servisi hata verdi: You are not authorized to use this service
Your Friend at the Beach,yourfriendatthebeach.com,qvr,Adagio C403,527843,https://yourfriendatthebeach.com/vacation_rentals/adagio-c403/,4.0,10,2,,8,,,,no_price,no_price,Fiyat alınamadı: Sitenin fiyat servisi hata verdi: You are not authorized to use this service
Your Friend at the Beach,yourfriendatthebeach.com,qvr,Adagio A401,527821,https://yourfriendatthebeach.com/vacation_rentals/adagio-a401/,4.0,10,2,,8,,,,no_price,no_price,Fiyat alınamadı: Sitenin fiyat servisi hata verdi: You are not authorized to use this service
Your Friend at the Beach,yourfriendatthebeach.com,qvr,Adagio A105,527814,https://yourfriendatthebeach.com/vacation_rentals/adagio-a105/,4.0,10,2,,8,,,,no_price,no_price,Fiyat alınamadı: Sitenin fiyat servisi hata verdi: You are not authorized to use this service
Your Friend at the Beach,yourfriendatthebeach.com,qvr,Adagio A102,527813,https://yourfriendatthebeach.com/vacation_rentals/adagio-a102/,4.0,10,2,,8,,,,no_price,no_price,Fiyat alınamadı: Sitenin fiyat servisi hata verdi: You are not authorized to use this service
Your Friend at the Beach,yourfriendatthebeach.com,qvr,Adagio A101,527806,https://yourfriendatthebeach.com/vacation_rentals/adagio-a101/,4.0,10,2,,8,,,,no_price,no_price,Fiyat alınamadı: Sitenin fiyat servisi hata verdi: You are not authorized to use this service
Your Friend at the Beach,yourfriendatthebeach.com,qvr,Adagio A305,527818,https://yourfriendatthebeach.com/vacation_rentals/adagio-a305/,4.0,10,2,,8,,,,no_price,no_price,Fiyat alınamadı: Sitenin fiyat servisi hata verdi: You are not authorized to use this service
Your Friend at the Beach,yourfriendatthebeach.com,qvr,Adagio A403,527832,https://yourfriendatthebeach.com/vacation_rentals/adagio-a403/,4.0,10,2,,8,,,,no_price,no_price,Fiyat alınamadı: Sitenin fiyat servisi hata verdi: You are not authorized to use this service
Your Friend at the Beach,yourfriendatthebeach.com,qvr,Adagio C205,527841,https://yourfriendatthebeach.com/vacation_rentals/adagio-c205/,4.0,10,2,,8,,,,no_price,no_price,Fiyat alınamadı: Sitenin fiyat servisi hata verdi: You are not authorized to use this service
Your Friend at the Beach,yourfriendatthebeach.com,qvr,Adagio B101,527833,https://yourfriendatthebeach.com/vacation_rentals/adagio-b101/,4.0,10,2,,8,,,,no_price,no_price,Fiyat alınamadı: Sitenin fiyat servisi hata verdi: You are not authorized to use this service
Your Friend at the Beach,yourfriendatthebeach.com,qvr,Adagio B102,527836,https://yourfriendatthebeach.com/vacation_rentals/adagio-b102/,4.0,10,2,,8,,,,no_price,no_price,Fiyat alınamadı: Sitenin fiyat servisi hata verdi: You are not authorized to use this service
30A Beach Stays,30abeachstays.com,wander,No Spooky Days,539678,https://www.30abeachstays.com/property/660561035844911119/2-golf-carts-private-heated-pool-walk-to-beach,6.0,16,2,16345.16,12,16345.16,0.0,,priced,priced,
30A Beach Stays,30abeachstays.com,wander,Sea Croft Soliel,539686,https://www.30abeachstays.com/property/660563724033065388/golf-cart-private-heated-poolhot-tub-bikes,6.0,14,2,13744.92,12,13744.92,0.0,,priced,priced,
30A Beach Stays,30abeachstays.com,wander,Serendipity At Saltwater,539677,https://www.30abeachstays.com/property/660562196274610367/private-heated-pool-pet-friendly-bikes-lsv,5.0,14,2,,10,,,,no_price,no_price,Fiyat alınamadı: Site: Request failed (DATES_NOT_BOOKABLE); tarihler bu sitede rezerve edilemiyor.
30A Beach Stays,30abeachstays.com,wander,Stay Salty,539668,https://www.30abeachstays.com/property/660556251914047319/watercolor-resort-beach-pools-golf-cart-bikes,5.0,12,2,10808.36,10,10808.36,0.0,,priced,priced,
Newman-Dailey Resort Properties,destinvacation.com,asmx_quote,,,,,,,,,,,,,,Sitenin fiyat isteği misafir sayısı sormuyor; kontrol gerekmez (2 yetişkin kuralı anlamsız).
Coastal Blue Vacations,coastalbluevacations.com,rescms,Vitamin Sea,530472,https://www.coastalbluevacations.com/30a-vacation-rentals/vitamin-sea,4.0,12,2,5866.41,8,5866.41,0.0,,priced,priced,
Coastal Blue Vacations,coastalbluevacations.com,rescms,Southern Breeze,530481,https://www.coastalbluevacations.com/30a-vacation-rentals/southern-breeze,4.0,12,2,5943.26,8,5943.26,0.0,,priced,priced,
Coastal Blue Vacations,coastalbluevacations.com,rescms,Our Happy Place,530477,https://www.coastalbluevacations.com/30a-vacation-rentals/our-happy-place,4.0,18,2,,8,,,,unavailable,unavailable,Fiyat alınamadı: Not Available
Coastal Blue Vacations,coastalbluevacations.com,rescms,Sea U There,530465,https://www.coastalbluevacations.com/30a-vacation-rentals/sea-u-there,4.0,10,2,7168.29,8,7168.29,0.0,,priced,priced,
Alys Beach Vacation Rentals,alysbeach.com,vrp,41 Governors Court,,https://vacation.alysbeach.com/vrp/unit/41_Governors_Court-31-15,5.0,10.0,2,21346.08,10,21346.08,0.0,,priced,priced,
Alys Beach Vacation Rentals,alysbeach.com,vrp,41 Kings Castle Court,,https://vacation.alysbeach.com/vrp/unit/41_Kings_Castle_Court-32-15,5.0,11.0,2,33578.72,10,33578.72,0.0,,priced,priced,
Alys Beach Vacation Rentals,alysbeach.com,vrp,43 Ladybug Court,,https://vacation.alysbeach.com/vrp/unit/43_Ladybug_Court-33-15,5.0,12.0,2,,10,,,,unavailable,unavailable,Fiyat alınamadı: Provided unit or unit type is not available for the dates provided.
Alys Beach Vacation Rentals,alysbeach.com,vrp,58 Silver Sea Court,,https://vacation.alysbeach.com/vrp/unit/58_Silver_Sea_Court-42-15,5.0,12.0,2,,10,,,,unavailable,unavailable,Fiyat alınamadı: Provided unit or unit type is not available for the dates provided.
Alys Beach Vacation Rentals,alysbeach.com,vrp,13 Sea Venture Alley,,https://vacation.alysbeach.com/vrp/unit/13_Sea_Venture_Alley-12-15,5.0,12.0,2,35446.88,10,35446.88,0.0,,priced,priced,
Dune Allen Realty Vacation Rentals,beautifulbeach.com,vr_router,Beach House 30A,519932,https://www.beautifulbeach.com/vacation-rentals/rental/3151-268844/,10.0,24,2,,20,,,,unavailable,unavailable,Fiyat alınamadı: The unit 3151-268844 is unavailable for these dates (7/10/2027 - 7/16/2027). Avail status = 'UnitUnAvailable'
Dune Allen Realty Vacation Rentals,beautifulbeach.com,vr_router,Greek Treat,519895,https://www.beautifulbeach.com/vacation-rentals/rental/3151-268872/,5.0,16,2,,10,,,,unavailable,unavailable,Fiyat alınamadı: The unit 3151-268872 is unavailable for these dates (7/10/2027 - 7/16/2027). Avail status = 'UnitUnAvailable'
Dune Allen Realty Vacation Rentals,beautifulbeach.com,vr_router,Beach House,519973,https://www.beautifulbeach.com/vacation-rentals/rental/3151-268848/,5.0,13,2,,10,,,,unavailable,unavailable,Fiyat alınamadı: The unit 3151-268848 is unavailable for these dates (7/10/2027 - 7/16/2027). Avail status = 'UnitUnAvailable'
Dune Allen Realty Vacation Rentals,beautifulbeach.com,vr_router,Breen,519882,https://www.beautifulbeach.com/vacation-rentals/rental/3151-268849/,5.0,10,2,14634.54,10,14634.54,0.0,,priced,priced,
Dune Allen Realty Vacation Rentals,beautifulbeach.com,vr_router,Blue Paradise,520006,https://www.beautifulbeach.com/vacation-rentals/rental/3151-268929/,4.0,12,2,,8,,,,unavailable,unavailable,Fiyat alınamadı: The unit 3151-268929 is unavailable for these dates (7/10/2027 - 7/16/2027). Avail status = 'UnitUnAvailable'
Dune Allen Realty Vacation Rentals,beautifulbeach.com,vr_router,Reynolds House,519911,https://www.beautifulbeach.com/vacation-rentals/rental/3151-268899/,4.0,14,2,11633.72,8,11633.72,0.0,,priced,priced,
Dune Allen Realty Vacation Rentals,beautifulbeach.com,vr_router,Greenwave,519926,https://www.beautifulbeach.com/vacation-rentals/rental/3151-268874/,4.0,11,2,8531.61,8,8531.61,0.0,,priced,priced,
Grayton Coast Rentals,graytoncoastrentals.com,rescms,Seaspray,522935,https://www.graytoncoastrentals.com/30a-vacation-rentals/seaspray,7.0,27,2,,14,,,,unavailable,unavailable,Fiyat alınamadı: Not Available
Grayton Coast Rentals,graytoncoastrentals.com,rescms,82 Watercolor,522946,https://www.graytoncoastrentals.com/30a-vacation-rentals/82-watercolor-blvd-east,7.0,18,2,,14,,,,unavailable,unavailable,Fiyat alınamadı: Not Available
Grayton Coast Rentals,graytoncoastrentals.com,rescms,Grayton Point,522924,https://www.graytoncoastrentals.com/30a-vacation-rentals/grayton-point,6.0,22,2,14458.08,12,14458.08,0.0,,priced,priced,
Grayton Coast Rentals,graytoncoastrentals.com,rescms,Eagle's Nest,522923,https://www.graytoncoastrentals.com/30a-vacation-rentals/eagles-nest,6.0,21,2,,12,,,,unavailable,unavailable,Fiyat alınamadı: Not Available
Grayton Coast Rentals,graytoncoastrentals.com,rescms,Kitty's Bliss,522928,https://www.graytoncoastrentals.com/30a-vacation-rentals/kittys-bliss,4.0,12,2,,8,,,,unavailable,unavailable,Fiyat alınamadı: Not Available
Grayt 30A Vacations / Royal Destinations,grayt30avacations.com,rescms,,,https://www.royaldestinations.com/30a-vacation-rentals/sunsational,8.0,18.0,2,40166.24,16,40166.24,0.0,,priced,priced,
Grayt 30A Vacations / Royal Destinations,grayt30avacations.com,rescms,,,https://www.royaldestinations.com/30a-vacation-rentals/summer-breeze,7.0,22.0,2,13984.02,14,13984.02,0.0,,priced,priced,
Grayt 30A Vacations / Royal Destinations,grayt30avacations.com,rescms,,,https://www.royaldestinations.com/30a-vacation-rentals/vitamin-sea-seacrest,7.0,22.0,2,18547.15,14,18547.15,0.0,,priced,priced,
Exclusive 30A,exclusive30a.com,exceptional_stay,Flamingo Key,524862,https://www.exclusive30a.com/vacation-rentals/flamingo-key-91?arrival_date=&departure_date=,6.0,17,2,13234.36,12,13234.36,0.0,,priced,priced,
Exclusive 30A,exclusive30a.com,exceptional_stay,Dandelion,524898,https://www.exclusive30a.com/vacation-rentals/dandelion-31?arrival_date=&departure_date=,5.0,16,2,,10,,,,unavailable,unavailable,Fiyat alınamadı: Validation error has occurred.
Exclusive 30A,exclusive30a.com,exceptional_stay,Fully Alive Main And Carriage,524907,https://www.exclusive30a.com/vacation-rentals/walk-on-the-ocean?arrival_date=&departure_date=,5.0,14,2,12839.19,10,12839.19,0.0,,priced,priced,
Exclusive 30A,exclusive30a.com,exceptional_stay,Kokomo,524845,https://www.exclusive30a.com/vacation-rentals/kokomo-59?arrival_date=&departure_date=,4.0,13,2,,8,,,,unavailable,unavailable,Fiyat alınamadı: Validation error has occurred.
Exclusive 30A,exclusive30a.com,exceptional_stay,Seas The Day (Seagrove),524885,https://www.exclusive30a.com/vacation-rentals/seas-the-day-seagrove-30?arrival_date=&departure_date=,4.0,10,2,9015.73,8,9015.73,0.0,,priced,priced,
