# Fiyat seviyesi bizim sınıflamamızdır: işletmenin kendi sitesindeki en kapsamlı ana öğün menüsünde (akşam, yoksa öğle, yoksa genel, yoksa brunch, yoksa kahvaltı) ana yemek fiyatlarının ortancası $15 altı '$', $15–25 '$$', $25–40 '$$$', $40 ve üstü '$$$$'; 5'ten az ana yemek fiyatı varsa hesaplanmaz.
# Çekim c51e63dcd7af42aab32ced56574899f3 · girdi restoran çekimi 35c9184e63d24eb1bbd27b6edaa39d7b
external_id,ad,mahalleler,site,site_kaynagi,site_durumu,site_notu,fiyat_seviyesi,seviye_yok_nedeni,ana_yemek_sayisi,ana_yemek_ortanca_usd,ana_yemek_en_dusuk_usd,ana_yemek_en_yuksek_usd,ana_menu_turu,ana_menu_url,menu_sayisi,okunan_menu,menu_yontemleri,rezervasyon,rezervasyon_platformu,cocuk_menusu,acik_hava,su_kenari_manzara,kopek_dostu,saatler,saat_kaynagi,sitenin_fiyat_isareti,erisim
/listing/3-sons-bbq/,3 Sons BBQ,Dune Allen,http://3sonsbarbq.com,directory,working,,,menü okunamadı (no_items),0,,,,,,1,0,,,,yes,,,,"Monday, Tuesday, Wednesday, Thursday, Friday, Saturday, Sunday 11:00–20:00",https://www.3sonsbarbq.com/,,2026-10-09T01:20:05+00:00
/listing/87-central-square-wine-bar/,87 Central Square Wine Bar,Seaside,http://87centralsquare.com,directory,working,Ana sayfada işletmenin adı ya da telefonu görünmedi; site yine de okundu. Tarayıcıyla okuma daha fazla bilgi vermedi.,,menü okunamadı (no_items),0,,,,,,1,0,,not_taken,,,,,,We are open seven days a week. The C-Bar is open from 3pm - 9:30pm Mon - Thur | 11am - 9:30pm Fri - Sun. · 87 Plaza is open from 3pm - 9pm. · Our menu is served from 4pm to 9pm.,https://www.87centralsquare.com/faq,,2026-10-09T01:20:05+00:00
/listing/98-bar-b-que/,98 Bar-B-Que,Santa Rosa Beach,http://www.98BBQ.com,directory,working,,$$,,24,17.95,11.0,78.0,dinner,https://98bbq.com/wp-content/uploads/2025/07/98BBQDinner2025.png,3,2,görüntüden okundu,,,yes,,,,,,,2026-10-09T01:20:06+00:00
/listing/ajs-grayton-beach/,AJ's Grayton Beach,Grayton Beach,http://ajsgrayton.com,directory,working,,$$,,57,18.0,10.0,42.0,general,https://ajsgrayton.com/santa-rosa-beach-grayton-beach-aj-s-grayton-beach-food-menu,6,3,sayfa metni,,,,yes,yes,,Sunday 11AM · Monday Closed · Tuesday Closed · Wednesday 3PM · Thursday 11AM · Friday 11AM · Saturday 11AM,https://ajsgrayton.com/,,2026-10-09T01:20:05+00:00
/listing/amavida-coffee-rosemary-beach/,Amavida Coffee in Rosemary Beach,Rosemary Beach,http://amavida.com,directory,working,Sayfalar görünür tarayıcıyla okundu (düz HTTP isteği reddedildi).,,menü bulunamadı,0,,,,,,0,0,,,,,,,,6:30am – 7:00pm · Open Daily,https://amavida.com/local-coffee-in-florida/,,2026-10-09T01:25:50+00:00
/listing/amavida-coffee-seaside/,Amavida Coffee in Seaside,Seaside,http://amavida.com,directory,working,,,menü bulunamadı,0,,,,,,0,0,,,,,,,,6:30am – 7:00pm · Open Daily,https://amavida.com/local-coffee-in-florida/,,2026-10-09T01:20:09+00:00
/listing/amici-30a-italian-kitchen/,Amici 30A Italian Kitchen,Inlet Beach,http://amici30a.com,directory,working,,$$$,,27,25.0,19.0,39.0,dinner,https://img1.wsimg.com/blobby/go/e867862f-c100-46fe-882c-f119e8fe8d3b/20260515%20(20260513)%202026%20Summer%20Menu%20-%20Dinner%20.pdf,5,4,PDF metni; görüntüden okundu,,,yes,,,,"Monday, Tuesday, Wednesday, Thursday, Friday, Saturday, Sunday 11:00–21:00",https://amici30a.com/,,2026-10-09T01:20:07+00:00
/listing/angelinas-pizzeria-pasta/,Angelina's Pizzeria and Pasta,Seagrove,http://angelinas30a.com,directory,working,,$$,,96,15.0,2.0,29.0,general,https://angelinas30a.com/menu,3,3,PDF metni; sayfa metni,not_taken,,yes,,,,"Mo 11:00-21:30, Tu 11:00-21:30, We 11:00-21:30, Th 11:00-21:30, Fr 11:00-22:00, Sa 11:00-22:00, Su 11:00-21:30",https://angelinas30a.com/,,2026-10-09T01:20:11+00:00
/listing/bad-ass-coffee/,Bad Ass Coffee,Grayton Beach,http://badasscoffee.com,directory,working,,,ana yemek fiyatı yok,0,,,,,,1,1,sayfa metni,,,,,,,,,,2026-10-09T01:20:16+00:00
/listing/barefoot-bbq/,Barefoot BBQ,Seaside,http://barefootbbq.com,directory,not_found,Site HTTP 404 döndü.,,site durumu: not_found,0,,,,,,0,0,,,,,,,,,,,2026-10-09T01:20:18+00:00
/listing/basmatis-asian-cuisine-sushi/,Basmati's Asian Cuisine & Sushi,Blue Mountain Beach,http://basmatisthirtya.com,directory,working,Tarayıcıyla okuma daha fazla bilgi vermedi.,,menü okunamadı (no_items),0,,,,,,1,0,,online,Resy,,yes,,,,,,2026-10-09T01:20:22+00:00
/listing/beachy-bean-coffee-co/,Beachy Bean Coffee Co.,Seagrove,http://coastside30a.com,directory,working,,$,,9,7.0,3.0,14.0,general,https://www.coastside30a.com/menu-1,3,2,sayfa metni,,,,,,,"Mo 07:00-21:00, Tu 07:00-21:00, We 07:00-21:00, Th 07:00-21:00, Fr 07:00-21:00, Sa 07:00-21:00, Su 07:00-21:00",https://www.coastside30a.com/,,2026-10-09T01:20:21+00:00
/listing/beignets-brew/,Beignets & Brew,Santa Rosa Beach,https://beignetsbrew.toast.site/order/bnb-santa-rosa-beach,directory,working,Sayfalar görünür tarayıcıyla okundu (daha önce doğrulama gösteren site).,,5'ten az ana yemek fiyatı (3),3,8.95,6.95,13.95,breakfast,https://beignetsbrew.toast.site/order/bnb-santa-rosa-beach/item-breakfast-croissant_7b42c523-6c1d-4616-b288-71c54a51fd0d,8,7,platform verisi; sayfa metni,waitlist,,yes,,,,Sunday 04:00:00–03:59:00 · Monday 04:00:00–03:59:00 · Tuesday 04:00:00–03:59:00 · Wednesday 04:00:00–03:59:00 · Thursday 04:00:00–03:59:00 · Friday 04:00:00–03:59:00 · Saturday 04:00:00–03:59:00,https://beignetsbrew.toast.site/order/bnb-santa-rosa-beach,$,2026-10-09T01:26:55+00:00
/listing/big-bad-breakfast/,Big Bad Breakfast,Inlet Beach,http://bigbadbreakfast.com/locations/inlet-beach-florida,directory,working,Dizindeki sayfa bulunamadı (HTTP 404: https://bigbadbreakfast.com/locations/inlet-beach-florida); sitenin ana sayfası okundu. Sayfalar görünür tarayıcıyla okundu (daha önce doğrulama gösteren site).,,"menü okunamadı (error, no_items)",0,,,,,,4,0,PDF metni,,,,yes,,,,,,2026-10-09T01:28:16+00:00
/listing/black-bear-bar-room/,Black Bear Bar Room,Grayton Beach,http://www.blackbearbreadco.com/,directory,working,,,5'ten az ana yemek fiyatı (2),2,14.0,13.0,15.0,breakfast,https://blackbearbreadco.com/menu/,10,3,sayfa metni,,,,,,,,,,2026-10-09T01:20:45+00:00
/listing/black-bear-bread-co/,Black Bear Bread Co.,Grayton Beach,http://blackbearbreadco.com,directory,working,,,5'ten az ana yemek fiyatı (2),2,14.0,13.0,15.0,breakfast,https://blackbearbreadco.com/menu/,10,3,sayfa metni,,,,,,,,,,2026-10-09T01:20:37+00:00
/listing/blue-mountain-bakery/,Blue Mountain Bakery,Blue Mountain Beach,http://bluemountainbakery.com,directory,working,Sayfalar görünür tarayıcıyla okundu (JavaScript ile çizilen menü).,,5'ten az ana yemek fiyatı (1),1,3.0,3.0,3.0,general,https://bluemountainbakery.square.site/,1,1,platform verisi,,,,,,,,,,2026-10-09T01:29:38+00:00
/listing/blue-mountain-beach-creamery/,Blue Mountain Beach Creamery,Blue Mountain Beach,http://bluemountainbeachcreamery.com,directory,working,,,menü bulunamadı,0,,,,,,0,0,,,,,,,,"Open daily 11:00 am - 10:00 pm · Serving homemade ice cream, yogurt and sorbet, as well as waffle cones made fresh daily.",https://bluemountainbeachcreamery.com/,,2026-10-09T01:20:28+00:00
/listing/borago/,Borago,Grayton Beach,http://boragorestaurant.com,directory,working,,$$$,,7,29.0,15.0,45.0,general,https://boragorestaurant.com/#menu-section,3,3,PDF metni; sayfa metni,phone,,yes,,,,"Mo 17:00-21:00, Tu 17:00-21:00, We 17:00-21:00, Th 17:00-21:00, Fr 17:00-21:00, Sa 17:00-21:00, Su 17:00-21:00",https://boragorestaurant.com/,,2026-10-09T01:20:32+00:00
/listing/brunos-pizza/,Bruno's Pizza,WaterSound,http://brunospizza30a.com,directory,working,,$$,,6,17.0,3.0,25.0,general,https://www.brunospizza30a.com/menu,1,1,sayfa metni,,,,,yes,,Mon · 11am-9pm · Tues · 11am-9pm · Wed · 11am-9pm · Thu · 11am-9pm · Fri · 11am-9pm · Sat,https://www.brunospizza30a.com/,,2026-10-09T01:20:33+00:00
/listing/bud-alleys-pizza-bar-trattoria/,Bud & Alley's Pizza Bar + Trattoria,Seaside,http://budandalleyspizzabar.com,directory,working,,$$,,18,19.0,11.0,24.0,general,https://www.budandalleys.com/wp-content/uploads/2025/08/pizza-bar-food-menu-aug-25.pdf,5,2,PDF metni,online,Toast Tables,,yes,yes,,Open Daily: 11:00am - 9:30pm · Hours are seasonal. Please call for current hours.,https://www.budandalleys.com/pizza-bar/,,2026-10-09T01:20:34+00:00
/listing/bud-alleys-restaurant-480/,Bud & Alley's Restaurant,Seaside,http://budandalleys.com,directory,working,,,5'ten az ana yemek fiyatı (3),3,33.0,20.0,44.0,dinner,https://www.budandalleys.com/wp-content/uploads/2025/07/BA_DinnerMenu_17x11_F1.pdf,9,6,PDF metni,online,Toast Tables,yes,yes,yes,,Sunday – Saturday | 8am – 9:30pm,https://www.budandalleys.com/,,2026-10-09T01:20:48+00:00
/listing/bud-alleys-taco-bar/,Bud & Alley's Taco Bar,Seaside,http://budandalleys.com/taco-bar,directory,working,,$,,9,9.0,6.0,16.0,general,https://www.budandalleys.com/wp-content/uploads/2025/08/taco-bar-food-menu-aug-25.pdf,5,2,PDF metni,online,Toast Tables,,yes,yes,,Open Daily: 11:00am - 9:30pm · Hours are seasonal. Please call for current hours.,https://www.budandalleys.com/taco-bar/,,2026-10-09T01:21:00+00:00
/listing/buddys-seafood-market-30a/,Buddy's Seafood Market 30A,Seagrove,http://buddysseafoodmarket.com,directory,working,Sayfalar görünür tarayıcıyla okundu (JavaScript ile çizilen menü).,,ana yemek fiyatı yok,0,,,,,,3,1,sayfa metni,,,,,,,10:00 - 6:00 PM,https://www.buddysseafoodmarket.com/locations,,2026-10-09T01:29:46+00:00
/listing/cafe-tango/,Cafe Tango,Santa Rosa Beach,http://cafetango30-a.com,directory,working,,,menü okunamadı (no_items),0,,,,,,1,0,görüntüden okundu,phone,,,,,,Closed on Mondays,http://cafetango30-a.com,,2026-10-09T01:21:04+00:00
/listing/cafe-thirty-a/,Cafe Thirty-A,Seagrove,http://cafethirtya.com,directory,working,,$$$$,,8,43.5,38.0,65.0,dinner,https://cafethirtya.com/dinner-menu,6,5,sayfa metni,online,Resy,yes,,yes,,"Open daily for dinner at 4:30pm. Reservations required. · CLOSED November 30 - December 25, 2025",https://cafethirtya.com/,,2026-10-09T01:21:18+00:00
/listing/cajun-corner-sports-bar-grill/,Cajun Corner Sports Bar and Grill,Santa Rosa Beach,http://Cajuncornersrb.com,directory,working,Tarayıcıyla okuma daha fazla bilgi vermedi.,,"menü okunamadı (error, no_items)",0,,,,,,2,0,,,,,yes,,,"Monday, Tuesday, Wednesday, Thursday, Sunday 11:00–21:00 · Friday, Saturday 11:00–22:00",https://cajuncornersrb.com/,,2026-10-09T01:21:24+00:00
/listing/caliza/,Caliza,Alys Beach,http://calizarestaurant.com,directory,working,,,menü bulunamadı,0,,,,,,0,0,,,,,yes,yes,,Pool Deck: Open Daily 9am – 7pm · Lunch: 11am – 4pm · Drinks: 11am – 6pm,https://alysbeach.com/amenities/caliza/,,2026-10-09T01:21:31+00:00
/listing/canopy-road-cafe/,Canopy Road Café,Inlet Beach,http://canopyroadcafe.com,directory,working,,,ana yemek fiyatı yok,0,,,,,,4,1,PDF metni; görüntüden okundu,not_taken,,,yes,,,,,$$,2026-10-09T01:21:32+00:00
/listing/chanticleer-eatery/,Chanticleer Eatery,Grayton Beach,http://www.chanticleereatery.com,directory,working,Sayfalar görünür tarayıcıyla okundu (daha önce doğrulama gösteren site).,,ana yemek fiyatı yok,0,,,,,,3,3,sayfa metni,,,,,,,"Sunday, Monday, Tuesday, Wednesday, Thursday, Friday, Saturday 11:00–21:00",https://www.chanticleereatery.com/,$$,2026-10-09T01:30:51+00:00
/listing/charlies-delights/,Charlie's Delights,Alys Beach,http://alysbeach.com/dining/charlies-donuts,directory,working,Dizindeki sayfa bulunamadı (HTTP 404: https://alysbeach.com/dining/charlies-donuts); sitenin ana sayfası okundu. Ana sayfada işletmenin adı ya da telefonu görünmedi; site yine de okundu.,,menü bulunamadı,0,,,,,,0,0,,,,,,yes,,,,,2026-10-09T01:21:42+00:00
/listing/chiringo-grayton/,Chiringo Grayton,Grayton Beach,http://chiringograyton.com,directory,working,Sayfalar görünür tarayıcıyla okundu (daha önce doğrulama gösteren site).,$$,,18,16.99,5.49,31.99,general,https://chiringograyton.com/menu,4,3,platform verisi; sayfa metni,not_taken,,yes,,yes,,Sunday 07:00:00–22:00:00 · Monday 07:00:00–22:00:00 · Tuesday 07:00:00–22:00:00 · Wednesday 07:00:00–22:00:00 · Thursday 07:00:00–22:00:00 · Friday 07:00:00–22:30:00 · Saturday 07:00:00–22:30:00,https://chiringograyton.com/order/chiringo-grayton-beach-63-hotz-ave,,2026-10-09T01:31:22+00:00
/listing/chopstix/,Chopstix,Santa Rosa Beach,http://chopstixsrb.com,directory,other_business,Alan adı satılık / park edilmiş sayfa.,,site durumu: other_business,0,,,,,,0,0,,,,,,,,,,,2026-10-09T01:21:36+00:00
/listing/ck-feed-supply-provisions-gifts/,CK Feed & Supply Provisions & Gifts,Rosemary Beach,http://cowgirlkitchen.com,directory,working,,,ana yemek fiyatı yok,0,,,,,,5,1,görüntüden okundu,,,,,,,Open Daily: 7:30am-9pm,https://cowgirlkitchen.com/,,2026-10-09T01:20:54+00:00
/listing/coastal-coffee-cafe/,Coastal Coffee & Cafe,Santa Rosa Beach,http://www.coastalcoffee30a.com,directory,working,,,ana yemek fiyatı yok,0,,,,,,1,1,sayfa metni,,,,,,yes,Mon-Sun: 6:30 am - 4:30 pm,https://coastalcoffee30a.com/,,2026-10-09T01:21:40+00:00
/listing/cowgirl-kitchen/,Cowgirl Kitchen,Blue Mountain Beach,http://cowgirlkitchen.com,directory,working,,,ana yemek fiyatı yok,0,,,,,,5,1,görüntüden okundu,,,,,,,Open Daily: 7:30am-9pm,https://cowgirlkitchen.com/,,2026-10-09T01:20:54+00:00
/listing/cowgirl-kitchen-restaurant-bar/,Cowgirl Kitchen Restaurant & Bar,Rosemary Beach,http://cowgirlkitchen.com,directory,working,,,ana yemek fiyatı yok,0,,,,,,5,1,görüntüden okundu,,,,,,,Open Daily: 7:30am-9pm,https://cowgirlkitchen.com/,,2026-10-09T01:20:54+00:00
/listing/crabby-steves/,Crabby Steve's,Seacrest,https://www.facebook.com/Crabby-Steves-Bar-Gulfside-Restaurant-151074171632615/,directory,social_login,Sosyal medya sayfası; giriş yapmadan içerik okunmadı.,,site durumu: social_login,0,,,,,,0,0,,,,,,,,,,,2026-10-09T01:21:43+00:00
/listing/crackings/,Crackings,Grayton Beach,http://crackingsfl.com,directory,working,Sayfalar görünür tarayıcıyla okundu (daha önce doğrulama gösteren site).,,menü okunamadı (no_items),0,,,,,,2,0,,waitlist,,,,,,"Monday, Tuesday, Wednesday, Thursday 07:30–13:00 · Sunday, Saturday 07:30–12:30 · Sunday, Tuesday, Wednesday, Thursday 07:00–14:00",https://www.crackingsfl.com/,$$,2026-10-09T01:32:22+00:00
/listing/creative-crepes/,Creative Crepes,Rosemary Beach,https://www.facebook.com/CreativeCrepes/,directory,social_login,Sosyal medya sayfası; giriş yapmadan içerik okunmadı.,,site durumu: social_login,0,,,,,,0,0,,,,,,,,,,,2026-10-09T01:21:45+00:00
/listing/crepes-du-soleil/,Crepes Du Soleil,Seaside,https://www.crepesdusoleil.com/,directory,working,Tarayıcıyla okuma daha fazla bilgi vermedi.,,menü okunamadı (no_items),0,,,,,,1,0,,,,,,,,,,,2026-10-09T01:21:46+00:00
/listing/crust-artisan-bakery/,Crust Artisan Bakery,Santa Rosa Beach,https://www.facebook.com/CRUSTartisanbakery,directory,social_login,Sosyal medya sayfası; giriş yapmadan içerik okunmadı.,,site durumu: social_login,0,,,,,,0,0,,,,,,,,,,,2026-10-09T01:21:47+00:00
/listing/cuvee-30a/,Cuvee 30A,Inlet Beach,http://cuvee30a.com,directory,working,,,ana yemek fiyatı yok,0,,,,,,10,10,sayfa metni,online,çevrim içi,,,,,"Monday, Tuesday, Wednesday, Thursday, Friday, Saturday 16:00–21:00 · Monday, Tuesday, Wednesday, Thursday, Friday, Saturday 16:00–19:00 · Monday, Tuesday, Wednesday, Thursday, Friday, Saturday 16:00–21:30",https://cuvee30a.com/,$$,2026-10-09T01:21:52+00:00
/listing/dawsons-yogurt-fudge-works/,Dawson's Yogurt & Fudge Works,Seaside,https://www.dawsonsyogurtseasidefl.com/,directory,working,Sayfalar görünür tarayıcıyla okundu (daha önce doğrulama gösteren site).,,menü okunamadı (no_items),0,,,,,,2,0,,,,,,yes,,,,$$,2026-10-09T01:32:57+00:00
/listing/decadent-dessert-bar-bistro/,Decadent Dessert Bar & Bistro,Inlet Beach,http://decadentdessertbar.com,directory,working,Ana sayfada işletmenin adı ya da telefonu görünmedi; site yine de okundu. Tarayıcıyla okuma daha fazla bilgi vermedi.,,menü okunamadı (no_items),0,,,,,,1,0,,,,,,,,Sunday: 11 AM - 6 PM · Mon - Thurs: 7 AM - 8 PM · Fri - Sat: 7 AM - 9 PM,https://decadentdessertbar.com/locations,,2026-10-09T01:21:50+00:00
/listing/destin-ice-market-30a/,Destin Ice Market 30A,Inlet Beach,http://destinicemarket30a.com,directory,working,,,menü bulunamadı,0,,,,,,0,0,,,,,,,,"Mo 09:00-18:00, Tu 09:00-18:00, We 09:00-18:00, Th 09:00-18:00, Fr 09:00-18:00, Sa 09:00-18:00, Su 09:00-18:00",https://destinicemarket30a.com/,,2026-10-09T01:21:52+00:00
/listing/don-pedros-mexican-restaurant/,Don Pedro's Mexican Restaurant,Santa Rosa Beach,http://facebook.com/donpedrosmexican,directory,social_login,Sosyal medya sayfası; giriş yapmadan içerik okunmadı.,,site durumu: social_login,0,,,,,,0,0,,,,,,,,,,,2026-10-09T01:21:58+00:00
/listing/dough-sea-dough-donuts/,Dough Sea Dough Donuts,Seagrove,http://facebook.com/30Adonuthut,directory,social_login,Sosyal medya sayfası; giriş yapmadan içerik okunmadı.,,site durumu: social_login,0,,,,,,0,0,,,,,,,,,,,2026-10-09T01:22:02+00:00
/listing/down-island-gulf-seafood-restaurant/,Down Island Gulf Seafood Restaurant,Santa Rosa Beach,http://www.downislandsrb.com,directory,working,,,ana yemek fiyatı yok,0,,,,,,9,6,PDF metni; sayfa metni,online,OpenTable,yes,,,,"Mo 17:00-22:00, Tu 17:00-22:00, We 17:00-22:00, Th 17:00-22:00, Fr 17:00-22:00, Sa 17:00-22:00, Su 17:00-22:00",https://downislandsrb.com/,,2026-10-09T01:22:03+00:00
/listing/edwards-fine-food-wine/,Edward's Fine Food & Wine,Rosemary Beach,http://edwards30a.com,directory,working,,,5'ten az ana yemek fiyatı (2),2,30.0,28.0,32.0,dinner,https://edwards30a.com/main-menu,4,4,sayfa metni,not_taken,,yes,,,,", Tu 17:00-21:00, We 17:00-21:00, Th 17:00-21:00, Fr 17:00-21:30, Sa 17:00-21:30, Su 17:00-21:00",https://edwards30a.com/,,2026-10-09T01:22:05+00:00
/listing/farm-fire/,Farm & Fire,Santa Rosa Beach,https://www.farmandfiresouthwalton.com,directory,working,Tarayıcıyla okuma daha fazla bilgi vermedi.,,menü okunamadı (no_items),0,,,,,,1,0,,,,,,,,"Monday, Tuesday, Wednesday, Thursday, Friday, Saturday 16:00–21:00 · Sunday 11:00–21:00",https://www.farmandfiresouthwalton.com,$$,2026-10-09T01:22:27+00:00
/listing/fat-daddys-pizza/,Fat Daddy's Pizza,Santa Rosa Beach,http://fatdaddyspizza.com,directory,working,Ana sayfada işletmenin adı ya da telefonu görünmedi; site yine de okundu. Tarayıcıyla okuma daha fazla bilgi vermedi.,,menü bulunamadı,0,,,,,,0,0,,,,,,,,,,,2026-10-09T01:22:31+00:00
/listing/fish-out-water/,Fish Out of Water,WaterColor,https://www.foow30a.com,directory,working,Sayfalar görünür tarayıcıyla okundu (JavaScript ile çizilen menü).,$$,,48,19.0,9.0,39.0,general,https://places.singleplatform.com/fish-out-of-water/menu_widget?api_key=ke09z8icq4xu8uiiccighy1bw&widget_background_color=rgba%280%2C%200%2C%200%2C%200%29,3,2,platform verisi,not_taken,,yes,yes,yes,,OPEN DAILY · Lunch: 11 AM–2 PM · Happy Hour: 2–4 PM · Dinner: 2–10 PM · SATURDAY & SUNDAY · Brunch: 8 AM–2 PM · View Seasonal Hours,https://www.dinefish30a.com/,,2026-10-09T01:33:56+00:00
/listing/fonville-press/,Fonville Press,Alys Beach,http://fonvillepress.com,directory,working,Sayfalar görünür tarayıcıyla okundu (düz HTTP isteği reddedildi).,$$,,8,17.0,15.0,22.0,dinner,https://fonvillepress.com/wp-content/uploads/2026/08/FALL-DINNER-MENU-4.10.26-copy.pdf,6,5,PDF metni; platform verisi,,,yes,,yes,,Sunday 07:00–20:00 · Monday 07:00–20:00 · Tuesday 07:00–20:00 · Wednesday 07:00–20:00 · Thursday 07:00–20:00 · Friday 07:00–20:00 · Saturday 07:00–20:00,https://order.toasttab.com/online/fonville-press-23-north-somerset-street,,2026-10-09T01:34:29+00:00
/listing/frost-bites/,Frost Bites,Seaside,http://frostbitesseaside.com,directory,working,Ana sayfada işletmenin adı ya da telefonu görünmedi; site yine de okundu.,,menü bulunamadı,0,,,,,,0,0,,,,,,,,,,,2026-10-09T01:22:36+00:00
/listing/gallions/,Gallion's,Rosemary Beach,http://gallions30a.com,directory,working,,,ana yemek fiyatı yok,0,,,,,,1,1,sayfa metni,online,OpenTable,,,,,"Monday, Tuesday, Wednesday, Thursday, Friday, Saturday, Sunday 09:00–22:00",https://www.gallions30a.com/,$$$,2026-10-09T01:22:32+00:00
/listing/georges-alys-beach/,George's at Alys Beach,Alys Beach,http://georgesatalysbeach.com,directory,working,,,5'ten az ana yemek fiyatı (4),4,40.0,36.0,44.0,dinner,https://georgesatalysbeach.com/dinner-fall-winter,9,9,PDF metni; sayfa metni,not_taken,,yes,yes,,,"Mo 11:00-15:00, Mo 17:00-21:00, Tu 11:00-15:00, Tu 17:00-21:00, We 11:00-15:00, We 17:00-21:00, Th 11:00-15:00, Th 17:00-21:00, Fr 11:00-15:00, Fr 17:00-21:00, Sa 11:00-15:00, Sa 17:00-21:00, Su 11:00-15:00, Su 17:00-21:00",https://georgesatalysbeach.com/,,2026-10-09T01:22:34+00:00
/listing/goatfeathers-seafood-restaurant-west-market/,Goatfeathers Seafood Restaurant & West Market,Santa Rosa Beach,http://www.goatfeathersseafood.com,directory,working,,,menü bulunamadı,0,,,,,,0,0,,,,,,,,,,,2026-10-09T01:22:34+00:00
/listing/goatfeathers-seagrove-market/,Goatfeathers Seagrove Market,Seagrove,http://www.goatfeathersseafood.com/#!reservations/co4e,directory,working,,,menü bulunamadı,0,,,,,,0,0,,,,,,,,,,,2026-10-09T01:22:41+00:00
/listing/grayton-corner-cafe/,Grayton Corner Cafe,Grayton Beach,http://graytoncornercafe.com,directory,other_business,Alan adı satılık / park edilmiş sayfa.,,site durumu: other_business,0,,,,,,0,0,,,,,,,,,,,2026-10-09T01:22:36+00:00
/listing/grayton-seafood-company/,Grayton Seafood Company,Grayton Beach,http://graytonseafood.com,directory,working,,,ana yemek fiyatı yok,0,,,,,,1,1,sayfa metni,,,,,,,", Tu 16:30-21:00, We 16:30-21:00, Th 16:30-21:00, Fr 16:30-21:00, Sa 16:30-21:00,",https://graytonseafood.com/,,2026-10-09T01:22:39+00:00
/listing/great-southern-cafe/,Great Southern Cafe,Seaside,http://thegreatsoutherncafe.com,directory,working,Tarayıcıyla okuma daha fazla bilgi vermedi.,,menü okunamadı (no_items),0,,,,,,1,0,,waitlist,,,,,,Open Daily · Breakfast 8 a.m.–10:45 a.m. · Lunch & Dinner 11 a.m.–9:30 p.m.,https://www.thegreatsoutherncafe.com/contact,,2026-10-09T01:22:40+00:00
/listing/havana-beach-bar-grill/,Havana Beach Bar & Grill,Rosemary Beach,http://www.havanabeachbar.com,directory,working,,,menü bulunamadı,0,,,,,,0,0,,,,,yes,,,8 AM–2 PM,https://www.havanabeachbar.com/,,2026-10-09T01:22:41+00:00
/listing/hibiscus-coffee-guesthouse/,Hibiscus Coffee & Guesthouse,Grayton Beach,http://hibiscusflorida.com,directory,working,,,menü bulunamadı,0,,,,,,0,0,,,,,yes,,yes,Our office is open in the morning from 9:30am to 11:00am and in the afternoon from 3:00 pm to 5:00 pm.,https://hibiscusflorida.com/faq/,,2026-10-09T01:22:44+00:00
/listing/hokulia-30a/,Hokulia on 30A,Seagrove,https://hokuliashaveice.com/,directory,closed_season,Site: …Closed for the season…,,site durumu: closed_season,0,,,,,,0,0,,,,,,,,,,,2026-10-09T01:22:44+00:00
/listing/hurricane-oyster-bar-grill/,Hurricane Oyster Bar & Grill,Grayton Beach,http://hurricaneoyster.com,directory,working,,$$,,11,18.0,15.0,24.0,general,http://hurricaneoyster.com/menu/,2,2,sayfa metni,not_taken,,yes,,,,,,,2026-10-09T01:22:43+00:00
/listing/its-heavenly/,It's Heavenly,Seaside,https://www.itsheavenlyseasidefl.com/,directory,working,Sayfalar görünür tarayıcıyla okundu (daha önce doğrulama gösteren site).,,ana yemek fiyatı yok,0,,,,,,2,1,sayfa metni,,,,,yes,,,,$$,2026-10-09T01:35:21+00:00
/listing/johnny-mctighes-irish-pub/,Johnny McTighe's Irish Pub,Blue Mountain Beach,http://johnnymctighesirishpub.com,directory,working,Ana sayfada işletmenin adı ya da telefonu görünmedi; site yine de okundu. Tarayıcıyla okuma daha fazla bilgi vermedi.,,menü bulunamadı,0,,,,,,0,0,,,,,,,,,,,2026-10-09T01:22:47+00:00
/listing/kahve-cream/,Kahve & Cream,Seagrove,http://kahveandcream.com,directory,not_found,Site HTTP 404 döndü.,,site durumu: not_found,0,,,,,,0,0,,,,,,,,,,,2026-10-09T01:22:49+00:00
/listing/kith-kin/,Kith & Kin,Gulf Place; Santa Rosa Beach,http://kithandkin30a.com,directory,unreachable,Siteye ulaşılamadı: SourceError,,site durumu: unreachable,0,,,,,,0,0,,,,,,,,,,,
/listing/la-chalupita-mexican-market/,La Chalupita Mexican Market,Santa Rosa Beach,https://www.loc8nearme.com/florida/santa-rosa-beach/la-chalupita-mexican-market/2358896/,directory,unreachable,Site HTTP 403 (text/html; charset=UTF-8) döndü. Tarayıcıyla okuma daha fazla bilgi vermedi.,,site durumu: unreachable,0,,,,,,0,0,,,,,,,,,,,2026-10-09T01:22:50+00:00
/listing/la-crema-tapas-chocolate/,La Crema-Tapas and Chocolate,Rosemary Beach,http://www.lacrematapas.com,directory,working,,,ana yemek fiyatı yok,0,,,,,,1,1,sayfa metni,not_taken,,,yes,,,"Mo 11:00-21:00, Tu 11:00-21:00, We 11:00-21:00, Th 11:00-21:00, Fr 11:00-22:00, Sa 11:00-22:00, Su 11:00-21:00",https://lacrematapas.com/,,2026-10-09T01:22:50+00:00
/listing/laco/,LaCO,Seacrest,http://lacocina30a.com,directory,working,,$$,,19,19.0,6.5,38.0,general,https://laco30a.com/food,7,7,PDF metni; sayfa metni,not_taken,,yes,,,,"Mo 11:00-21:00, Tu 11:00-21:00, We 11:00-21:00, Th 11:00-21:00, Fr 11:00-21:00, Sa 11:00-21:00, Su 11:00-21:00",https://laco30a.com/,,2026-10-09T01:22:51+00:00
/listing/littles-lunches-kitchen-30a/,Little's Lunches & Kitchen 30A,Inlet Beach,https://www.30a.littleslunches.com/,directory,unreachable,Siteye ulaşılamadı: ConnectError,,site durumu: unreachable,0,,,,,,0,0,,,,,,,,,,,
/listing/local-catch-bar-grill/,Local Catch Bar & Grill,Santa Rosa Beach,http://localcatch30a.com,directory,working,Sayfalar görünür tarayıcıyla okundu (JavaScript ile çizilen menü).,$$,,21,20.0,2.0,36.0,general,https://places.singleplatform.com/local-catch/menu_widget?api_key=ke09z8icq4xu8uiiccighy1bw&display_menu=298657&hide_cover_photo=true&hide_disclaimer=true&item_desc_font_color=%235f5f5f&item_price_font_color=%235f5f5f&item_title_font_color=%235f5f5f&menu_desc_background_color=%23ffffff&menu_desc_font_color=%235f5f5f&primary_background_color=%23ffffff&primary_font_color=%23767676&section_desc_background_color=%23ffffff&section_desc_font_color=%235f5f5f&section_title_background_color=%23ffffff&section_title_font_color=%235c5c5c&stylesheet=https%3A//fonts.googleapis.com/css2%3Ffamily%3DMerriweather%3Awght@300%26display%3Dswap%22&stylesheet=rel%3D%22stylesheet&widget_background_color=rgba%280%2C%200%2C%200%2C%200%29,2,1,platform verisi,,,yes,,,,"Mo 11:00-22:00, Tu 11:00-22:00, We 11:00-22:00, Th 11:00-22:00, Fr 11:00-22:00, Sa 11:00-22:00, Su 11:00-22:00",https://www.localcatch30a.com/,,2026-10-09T01:35:35+00:00
/listing/local-smoke/,Local Smoke,WaterSound,https://hub30a.com/eat-drink/,directory,working,Dizindeki sayfa bulunamadı (HTTP 404: https://hub30a.com/eat-drink/); sitenin ana sayfası okundu.,,menü bulunamadı,0,,,,,,0,0,,,,,yes,,,"The Arcade, Nectar Coffee & Mr. Freeze Ice Cream open 8am-8pm. · Duos Restaurant & Bar, Tacklebox, Local Smoke, Mile Marker 15 and Louie’s Una Pizza open 11am-9pm.",https://thebigchill.com,,2026-10-09T01:22:58+00:00
/listing/los-rancheros/,Los Rancheros,Santa Rosa Beach,https://losrancheroscantina.com/,directory,working,,,ana yemek fiyatı yok,0,,,,,,2,2,sayfa metni,,,yes,,,,,,,2026-10-09T01:22:57+00:00
/listing/louis-louis/,Louis Louis,Santa Rosa Beach,http://louislouis.net,directory,working,Sayfalar görünür tarayıcıyla okundu (daha önce doğrulama gösteren site).,,5'ten az ana yemek fiyatı (3),3,27.0,20.0,48.0,general,https://www.louislouis.net/menus/special-diet-menu?location=louis-louis,5,5,sayfa metni,,,yes,,,,"Sunday, Monday, Tuesday, Wednesday, Thursday, Friday, Saturday 16:30–21:00",https://www.louislouis.net/,$$,2026-10-09T01:35:45+00:00
/listing/macho-taco-cantina/,Macho Taco Cantina,Santa Rosa Beach,http://eatmachotaco.com,directory,unreachable,Siteye ulaşılamadı: ConnectError,,site durumu: unreachable,0,,,,,,0,0,,,,,,,,,,,
/listing/marble-slab-creamery/,Marble Slab Creamery,Inlet Beach,http://thirtyavenue.com/marble-slab-creamery/,directory,working,Tarayıcıyla okuma daha fazla bilgi vermedi.,,menü bulunamadı,0,,,,,,0,0,,,,,yes,,,10am – 10pm daily,https://www.30avenue.com/directory/marble-slab-creamery/,,2026-10-09T01:23:03+00:00
/listing/mi-casita-mexican-grill/,Mi Casita Mexican Grill,Seagrove,http://micasita30a.com,directory,other_business,Alan adı satılık / park edilmiş sayfa.,,site durumu: other_business,0,,,,,,0,0,,,,,,,,,,,2026-10-09T01:23:09+00:00
/listing/mimmos-30a/,Mimmo's 30A,Blue Mountain Beach,http://mimmos.com,directory,working,,,ana yemek fiyatı yok,0,,,,,,4,1,sayfa metni,online,Resy,,,,,Now Serving Sunday Brunch at 30A Only!,https://mimmos.com/contact-us/,,2026-10-09T01:23:13+00:00
/listing/modica-market/,Modica Market,Seaside,http://modicamarket.com,directory,working,Sayfalar görünür tarayıcıyla okundu (daha önce doğrulama gösteren site).,,ana yemek fiyatı yok,0,,,,,,1,1,sayfa metni,,,,,,,Open Daily · Winter Hours: 7 a.m. – 6 p.m. · Fall & Spring Hours: 7 a.m. – 6 p.m. · Summer Hours: 7 a.m. – 6 p.m.,https://modicamarket.com/,,2026-10-09T01:36:27+00:00
/listing/mr-gyro-hero/,Mr. Gyro Hero,Seaside,https://www.facebook.com/mrgyrohero/,directory,social_login,Sosyal medya sayfası; giriş yapmadan içerik okunmadı.,,site durumu: social_login,0,,,,,,0,0,,,,,,,,,,,2026-10-09T01:23:10+00:00
/listing/neat-bottle-shop-tasting-room/,NEAT Bottle Shop and Tasting Room,Alys Beach,http://www.alysbeach.com/neat/,directory,working,,,menü bulunamadı,0,,,,,,0,0,,online,Resy,,yes,yes,,Open Daily | 9AM – 7PM,https://alysbeach.com/merchants/,,2026-10-09T01:23:13+00:00
/listing/north-beach-social/,North Beach Social,Santa Rosa Beach,http://northbeach.social,directory,working,Tarayıcıyla okuma daha fazla bilgi vermedi.,,menü okunamadı (no_items),0,,,,,,1,0,,,,,yes,yes,,Open Daily 11 AM - 9 PM,https://www.northbeach.social/,$$,2026-10-09T01:23:15+00:00
/listing/old-florida-fish-house/,Old Florida Fish House,Seagrove,http://oldfloridafishhouse.com,directory,working,,$$$,,11,38.0,28.0,129.0,dinner,https://oldfloridafishhouse.com/dinner-menu/,3,3,sayfa metni,online,Resy,,,yes,,Lunch:11:00am - 3:30pm · Dinner:4:30pm - 10:00pm,https://oldfloridafishhouse.com/,,2026-10-09T01:23:15+00:00
/listing/outcast-bar-grill/,Outcast Bar & Grill,Santa Rosa Beach,http://outcastseafood.com/santa-rosa-beach-menu,directory,working,Dizindeki sayfa bulunamadı (HTTP 404: https://www.outcastseafood.com/santa-rosa-beach-menu); sitenin ana sayfası okundu. Sayfalar görünür tarayıcıyla okundu (daha önce doğrulama gösteren site).,,ana yemek fiyatı yok,0,,,,,,2,1,sayfa metni,,,,,,,"Sunday, Monday, Tuesday, Wednesday, Thursday 11:00–21:00 · Friday, Saturday 11:00–22:00",https://www.outcastseafood.com/,$$,2026-10-09T01:36:55+00:00
/listing/pecan-jacks-ice-creamery-candy-kitchen/,Pecan Jack's Ice Creamery & Candy Kitchen,Gulf Place; Santa Rosa Beach,http://pecanjacks.com,directory,working,Ana sayfada işletmenin adı ya da telefonu görünmedi; site yine de okundu.,,menü bulunamadı,0,,,,,,0,0,,,,,,,,,,,2026-10-09T01:23:17+00:00
/listing/peddlers-pavilion/,Peddler's Pavilion,Seacrest,https://www.facebook.com/PeddlersPavilion30A/,directory,social_login,Sosyal medya sayfası; giriş yapmadan içerik okunmadı.,,site durumu: social_login,0,,,,,,0,0,,,,,,,,,,,2026-10-09T01:23:15+00:00
/listing/peddlers-pub/,Peddlers Pub,Seacrest,http://www.peddlers30a.com/#!peddlers-pub/c1q30,directory,unreachable,Site HTTP 403 (text/html; charset=UTF-8) döndü. Tarayıcıyla okuma daha fazla bilgi vermedi.,,site durumu: unreachable,0,,,,,,0,0,,,,,,,,,,,2026-10-09T01:23:17+00:00
/listing/pescado/,Pescado,Rosemary Beach,http://www.rooftop30a.com,directory,working,,,5'ten az ana yemek fiyatı (4),4,24.5,14.0,42.0,dinner,https://www.rooftop30a.com/dinner-menu,5,4,sayfa metni,,,yes,yes,yes,,"Monday–Tuesday | 3PM–10PM · Wednesday–Sunday | 10AM–10PM · Brunch | Wednesday–Sunday, 10AM–1:45PM · Happy Hour | Daily, 3PM–4PM · All ages welcome Wednesday–Sunday until 3PM. · Guests must be 18+ after 3PM.",https://www.rooftop30a.com/,,2026-10-09T01:23:20+00:00
/listing/pickle-factory/,Pickle Factory,Grayton Beach,,none,no_site,Dizinde web sitesi yok ve gözden geçirilmiş bir resmî site kaydı yok.,,site durumu: no_site,0,,,,,,0,0,,,,,,,,,,,
/listing/pickles-beachside-grill/,Pickles Beachside Grill,Seaside,https://www.dawsongroupseasidefl.com/pickles,directory,working,Dizindeki sayfa bulunamadı (HTTP 404: https://www.dawsongroupseasidefl.com/pickles); sitenin ana sayfası okundu. Ana sayfada işletmenin adı ya da telefonu görünmedi; site yine de okundu. Sayfalar görünür tarayıcıyla okundu (daha önce doğrulama gösteren site).,,menü bulunamadı,0,,,,,,0,0,,,,,,,,"Sunday, Monday, Tuesday, Wednesday, Thursday, Friday, Saturday 08:00–16:00",https://www.dawsongroupseasidefl.com/,,2026-10-09T01:37:26+00:00
/listing/pizza-by-sea-gulf-place/,Pizza by the Sea at Gulf Place,Gulf Place,http://pizzabythesea.com/gulf-place-town-center,directory,working,Dizindeki sayfa bulunamadı (HTTP 404: https://pizzabythesea.com/gulf-place-town-center); sitenin ana sayfası okundu. Sayfalar görünür tarayıcıyla okundu (daha önce doğrulama gösteren site).,$$$,,49,25.0,15.0,30.0,general,https://pizzabythesea.com/menu,8,8,sayfa metni,,,yes,yes,,,Every Day: 11 AM – 9 PM,https://pizzabythesea.com/,$$,2026-10-09T01:37:42+00:00
/listing/pizza-by-sea-seacrest/,Pizza by the Sea in Seacrest,Seacrest,http://pizzabythesea.com/seacrest,directory,working,Dizindeki sayfa bulunamadı (HTTP 404: https://pizzabythesea.com/seacrest); sitenin ana sayfası okundu. Sayfalar görünür tarayıcıyla okundu (daha önce doğrulama gösteren site).,$$$,,49,25.0,15.0,30.0,general,https://pizzabythesea.com/menu,6,6,sayfa metni,,,yes,yes,,,Every Day: 11 AM – 9 PM,https://pizzabythesea.com/,$$,2026-10-09T01:39:23+00:00
/listing/pizza-by-sea-watercolor/,Pizza by the Sea in WaterColor,WaterColor,http://pizzabythesea.com/watercolor-crossings,directory,working,Dizindeki sayfa bulunamadı (HTTP 404: https://pizzabythesea.com/watercolor-crossings); sitenin ana sayfası okundu. Sayfalar görünür tarayıcıyla okundu (daha önce doğrulama gösteren site).,$$$,,49,25.0,15.0,30.0,general,https://pizzabythesea.com/menu,6,6,sayfa metni,,,yes,yes,,,Every Day: 11 AM – 9 PM,https://pizzabythesea.com/,$$,2026-10-09T01:40:53+00:00
/listing/prema-organic-cafe/,Prema Organic Cafe,Seagrove,https://prema30a.com/,directory,working,Sayfalar görünür tarayıcıyla okundu (daha önce doğrulama gösteren site).,$,,14,12.75,4.75,14.75,general,https://prema30a.com/menu,9,3,sayfa metni,,,,yes,,,Sunday 07:30–14:00 · Monday 07:30–14:00 · Tuesday 07:30–14:00 · Wednesday 07:30–14:00 · Thursday 07:30–14:00 · Friday 07:30–14:00 · Saturday 07:30–14:00,https://prema30a.com/,$$,2026-10-09T01:42:16+00:00
/listing/raw-juicy/,Raw & Juicy,Alys Beach,http://rawandjuicylife.com,directory,working,,$$$,,5,25.0,21.0,26.0,general,https://static1.squarespace.com/static/648cac04cb844709919f430f/t/69ab169c0e8a3a73583f7e46/1772820141683/GraytonSamplePizzaNightMenu-202602,2,2,PDF metni; görüntüden okundu,online,Toast Tables,,,,,", , , , , ,",https://www.rawandjuicylife.com/,,2026-10-09T01:23:19+00:00
/listing/red-fish-taco/,Red Fish Taco,Blue Mountain Beach,https://www.redfishtaco.com/,directory,working,Sayfalar görünür tarayıcıyla okundu (daha önce doğrulama gösteren site).,,5'ten az ana yemek fiyatı (2),2,179.0,48.0,310.0,general,https://www.redfishtaco.com/menus/family-meals?location=red-fish-taco,4,3,sayfa metni,,,,,,,Temporarily Closed,https://www.redfishtaco.com/,$$,2026-10-09T01:43:38+00:00
/listing/redds-pub/,Redd's Pub,Blue Mountain Beach,http://reddspub.com,directory,working,,$,,6,13.49,4.99,17.99,lunch,https://reddspub.com/redds-pop-up-lunch-featuring-ss-soul-food/,8,4,sayfa metni,,,,,yes,,"Tuesday, Wednesday, Thursday, Friday, Saturday 17:00–21:00",https://reddspub.com/menu-page/,,2026-10-09T01:23:22+00:00
/listing/restaurant-paradis/,Restaurant Paradis,Rosemary Beach,http://restaurantparadis.com,directory,working,Sayfalar görünür tarayıcıyla okundu (daha önce doğrulama gösteren site).,,5'ten az ana yemek fiyatı (1),1,25.0,25.0,25.0,dinner,https://www.restaurantparadis.com/menus/dinner-menu?location=rosemary-beach,3,3,sayfa metni,,,yes,,,,"Sunday, Monday, Tuesday, Wednesday, Thursday 17:00–21:00 · Friday, Saturday 17:00–22:00",https://www.restaurantparadis.com/,$$$,2026-10-09T01:44:10+00:00
/listing/roux-30a-4953/,Roux 30A,Grayton Beach,http://roux30a.com,directory,working,Sayfalar görünür tarayıcıyla okundu (JavaScript ile çizilen menü).,,ana yemek fiyatı yok,0,,,,,,3,1,platform verisi,online,Resy,,,,,,,,2026-10-09T01:44:42+00:00
/listing/scratch-biscuit-kitchen/,Scratch Biscuit Kitchen,WaterColor,http://scratchbk.com,directory,working,Sayfalar görünür tarayıcıyla okundu (JavaScript ile çizilen menü).,$,,28,8.0,2.0,34.0,general,https://places.singleplatform.com/scratch-biscuit-kitchen/menu_widget?api_key=ke09z8icq4xu8uiiccighy1bw&hide_cover_photo=false&menu_desc_background_color=%23375762&primary_background_color=%23375762&primary_font_color=%23ffffff&primary_font_family=Arial&section_desc_background_color=%23c16810&section_title_background_color=%23c16810&section_title_font_color=%23dae1e5&widget_background_color=rgba%280%2C%200%2C%200%2C%200%29,2,1,platform verisi,not_taken,,yes,,,,"Daily, 7 AM–2 PM · *Seasonal Hours Apply",https://scratchbk.com/,,2026-10-09T01:45:12+00:00
/listing/seacrest-sundries-market/,Seacrest Sundries Market,Seacrest,http://www.seacrestsundries.com/,directory,working,,,menü bulunamadı,0,,,,,,0,0,,,,,,,,Open Daily 9am to 9pm,https://seacrestsundries.com/,,2026-10-09T01:23:31+00:00
/listing/seagrove-village-market-cafe/,Seagrove Village Market Cafe,Seagrove,http://seagrovevillagemarket.com,directory,working,,$$,,31,16.0,2.0,57.0,general,https://seagrovevillagemarket.com/wp-content/uploads/2026/01/SVM_Menu_2026-JANUARY.pdf,3,3,PDF metni; sayfa metni,online,Resy,yes,yes,yes,,"Monday, Tuesday, Wednesday, Thursday, Friday, Saturday, Sunday 09:00–17:00",http://seagrovevillagemarket.com,,2026-10-09T01:23:37+00:00
/listing/shades-bar-grill/,Shades Bar & Grill,Inlet Beach,http://shades30a.com,directory,working,,$$,,24,17.5,4.0,40.0,dinner,https://shades30a.com/dinner,4,3,sayfa metni,not_taken,,yes,yes,yes,,"Mo 11:00-02:00, Tu 11:00-02:00, We 11:00-02:00, Th 11:00-02:00, Fr 11:00-02:00, Sa 11:00-02:00, Su 11:00-02:00",https://shades30a.com/,,2026-10-09T01:23:37+00:00
/listing/shaka-sushi-noodle-bar/,Shaka Sushi and Noodle Bar,Inlet Beach,http://shaka30a.squarespace.com,directory,working,,,ana yemek fiyatı yok,0,,,,,,4,4,sayfa metni,not_taken,,yes,yes,yes,yes,"Mo 16:00-22:00, Tu 16:00-22:00, We 16:00-22:00, Th 16:00-22:00, Fr 16:00-22:00, Sa 16:00-22:00, Su 16:00-22:00",https://shaka30a.squarespace.com/,,2026-10-09T01:23:38+00:00
/listing/shelbys-beach-bar-grill/,Shelby's Beach Bar and Grill,Gulf Place,http://shelbysbeachbar30a.com,directory,working,Sayfalar görünür tarayıcıyla okundu (daha önce doğrulama gösteren site).,,menü okunamadı (no_items),0,,,,,,1,0,,,,,yes,yes,,"Sunday, Monday, Tuesday, Wednesday, Thursday, Friday, Saturday 11:00–22:00",https://www.shelbysbeachbar30a.com/,$$$,2026-10-09T01:45:27+00:00
/listing/shunk-gulley-oyster-bar/,Shunk Gulley Oyster Bar,Gulf Place,http://shunkgulley.com,directory,working,,$$$,,8,25.5,18.0,49.0,general,https://www.shunkgulley.com/Menu_Best_Restaurants_On_30A,2,2,sayfa metni,not_taken,,,yes,yes,,"Sunday, Monday, Tuesday, Wednesday, Thursday 11:00–21:00 · Friday, Saturday 11:00–22:00",https://www.shunkgulley.com/,$,2026-10-09T01:23:39+00:00
/listing/siam-thai/,Siam Thai,Santa Rosa Beach,https://order.online/store/-23129146/,review,unreachable,Daha önce doğrulama sayfası gösteren site; düz HTTP isteği yapılmadı. Doğrulama sayfası 15 dk içinde tamamlanmadı (order.online); tarayıcıyla okunamadı.,,site durumu: unreachable,0,,,,,,0,0,,,,,,,,,,,
/listing/smallcakes-cupcakery-creamery/,Smallcakes Cupcakery and Creamery,Seacrest,http://smallcakescupcakery.com,directory,working,,,menü okunamadı (error),0,,,,,,1,0,,,,,yes,,,3 Seasons on Food Network’s Cupcake Wars,https://smallcakescupcakery.com/,,2026-10-09T01:23:53+00:00
/listing/south-philly-30a/,South of Philly 30A,Santa Rosa Beach,http://South of Philly on Facebook,directory,unreachable,Siteye ulaşılamadı: ConnectError,,site durumu: unreachable,0,,,,,,0,0,,,,,,,,,,,
/listing/steamboat-bar-grill-30a/,Steamboat Bar & Grill 30A,Seagrove,http://steamboatgrill30a.com,directory,unreachable,Siteye ulaşılamadı: ConnectError,,site durumu: unreachable,0,,,,,,0,0,,,,,,,,,,,
/listing/stinkys-fish-camp/,Stinky's Fish Camp,Dune Allen,http://www.stinkysfishcamp.com,directory,working,Sayfalar görünür tarayıcıyla okundu (daha önce doğrulama gösteren site).,$$$,,9,25.0,22.0,28.0,dinner,https://www.stinkysfishcamp.com/menus/weekday-dinner?location=stinkys-fish-camp,10,8,sayfa metni,,,yes,,yes,,,,$$,2026-10-09T01:45:59+00:00
/listing/subway/,Subway,Seagrove,http://www.subway.com,directory,unreachable,Siteye ulaşılamadı: RemoteProtocolError,,site durumu: unreachable,0,,,,,,0,0,,,,,,,,,,,
/listing/summer-kitchen-cafe/,Summer Kitchen Café,Rosemary Beach,http://www.theskcafe.com,directory,working,Ana sayfada işletmenin adı ya da telefonu görünmedi; site yine de okundu. Tarayıcıyla okuma daha fazla bilgi vermedi.,,menü bulunamadı,0,,,,,,0,0,,,,,,,,,,,2026-10-09T01:23:58+00:00
/listing/surfing-deer/,Surfing Deer,Seagrove,http://surfingdeer.com,directory,working,,,5'ten az ana yemek fiyatı (4),4,46.0,18.0,60.0,dinner,https://surfingdeer.com/wp-content/uploads/2026/05/surfing-deer-DINNER-MENU-spring-summer-2026-web.pdf,6,4,PDF metni,online,Resy,yes,,,,MON—SAT · 4:30pm—close,http://surfingdeer.com,,2026-10-09T01:24:02+00:00
/listing/sweet-henriettas-treats-coffee/,Sweet Henrietta's Treats and Coffee,Santa Rosa Beach; Seagrove,http://sweethenriettas.com,directory,working,,,menü bulunamadı,0,,,,,,0,0,,,,,,,,"Mo 07:00-18:00, Tu 07:00-18:00, We 07:00-18:00, Th 07:00-18:00, Fr 07:00-18:00, Sa 07:00-17:00, Su 07:00-17:00",https://www.sweethenriettas.com/,,2026-10-09T01:23:59+00:00
/listing/thai-elephant/,Thai Elephant,Santa Rosa Beach,https://thaielephantsrb.com/,review,working,,,menü okunamadı (no_items),0,,,,,,1,0,,,,,,,,,,,2026-10-09T01:24:03+00:00
/listing/the-bay/,The Bay,Santa Rosa Beach,http://baysouthwalton.com,directory,working,Tarayıcıyla okuma daha fazla bilgi vermedi.,,menü okunamadı (no_items),0,,,,,,1,0,,waitlist,,,yes,yes,,"Monday, Tuesday, Wednesday, Thursday, Friday, Saturday, Sunday 11:00–21:30",https://www.baysouthwalton.com/,$$,2026-10-09T01:24:09+00:00
/listing/the-big-chill-30a/,The Big Chill 30A,WaterSound,http://thebigchill.com,directory,working,,,menü bulunamadı,0,,,,,,0,0,,,,,yes,,,"The Arcade, Nectar Coffee & Mr. Freeze Ice Cream open 8am-8pm. · Duos Restaurant & Bar, Tacklebox, Local Smoke, Mile Marker 15 and Louie’s Una Pizza open 11am-9pm.",https://thebigchill.com/,,2026-10-09T01:24:08+00:00
/listing/the-citizen/,The Citizen,Alys Beach,http://citizenalys.com,directory,working,Sayfalar görünür tarayıcıyla okundu (daha önce doğrulama gösteren site).,,ana yemek fiyatı yok,0,,,,,,8,1,platform verisi,online,Resy,yes,,,,,,,2026-10-09T01:47:06+00:00
/listing/the-courtyard-pescado/,The Courtyard at Pescado,Rosemary Beach,https://rooftop30a.com/the-courtyard,directory,working,Dizindeki sayfa bulunamadı (HTTP 404: https://www.rooftop30a.com/the-courtyard); sitenin ana sayfası okundu.,,5'ten az ana yemek fiyatı (4),4,24.5,14.0,42.0,dinner,https://www.rooftop30a.com/dinner-menu,5,4,sayfa metni,,,yes,yes,yes,,"Monday–Tuesday | 3PM–10PM · Wednesday–Sunday | 10AM–10PM · Brunch | Wednesday–Sunday, 10AM–1:45PM · Happy Hour | Daily, 3PM–4PM · All ages welcome Wednesday–Sunday until 3PM. · Guests must be 18+ after 3PM.",https://www.rooftop30a.com/,,2026-10-09T01:24:10+00:00
/listing/the-daytrader-tiki-bar-restaurant/,The Daytrader Tiki Bar and Restaurant,Seaside,http://daytradertiki.com,directory,working,,$$,,18,24.5,11.0,42.0,general,https://www.daytradertiki.com/copy-of-new-menu,3,3,görüntüden okundu; sayfa metni,not_taken,,yes,,,,Open Daily from 11:00am - 9:00pm,https://www.daytradertiki.com/,,2026-10-09T01:24:11+00:00
/listing/the-donut-hole/,The Donut Hole,Santa Rosa Beach,https://donutholerestaurant.com/,directory,working,,,menü bulunamadı,0,,,,,,0,0,,,,,,,,,,,2026-10-09T01:24:09+00:00
/listing/the-donut-hole-inlet-beach/,The Donut Hole - Inlet Beach,Inlet Beach,https://m.facebook.com/pages/The-Donut-Hole-cafe-Bakery/199694330045503,directory,social_login,Sosyal medya sayfası; giriş yapmadan içerik okunmadı.,,site durumu: social_login,0,,,,,,0,0,,,,,,,,,,,2026-10-09T01:24:09+00:00
/listing/the-meltdown-30a/,The MeltDown on 30A,Seaside,http://meltdownon30a.com,directory,working,,$,,9,12.0,8.5,12.0,general,https://cdn.prod.website-files.com/5b5220f0ff2e00fb6bc0ecc5/6a217fbb42043716b3f0da30_meltdown_8.5x11_menu_5.2026.png,1,1,görüntüden okundu,,,,,,,Mo-Su 11:00-21:00,https://www.meltdownon30a.com/,$,2026-10-09T01:24:12+00:00
/listing/the-perfect-pig/,The Perfect Pig,Seagrove,http://theperfectpig.com,directory,working,,,menü bulunamadı,0,,,,,,0,0,,phone,,yes,,yes,,Mo 07:30-21:30 · Tu 07:30-21:30 · We 07:30-21:30 · Th 07:30-21:30 · Fr 07:30-21:30 · Sa 07:30-21:30 · Su 07:30-21:30,https://www.theperfectpig.com/location/watercolor-way/,,2026-10-09T01:24:17+00:00
/listing/the-perfect-pig-gulf-place/,The Perfect Pig - Gulf Place,Gulf Place,https://www.theperfectpig.com/location/gulf-place/,directory,working,,,menü bulunamadı,0,,,,,,0,0,,phone,,yes,,yes,,Mo 08:00-21:00 · Tu 08:00-21:00 · We 08:00-21:00 · Th 08:00-21:00 · Fr 08:00-21:00 · Sa 08:00-21:00 · Su 08:00-21:00,https://www.theperfectpig.com/location/gulf-place/,,2026-10-09T01:24:15+00:00
/listing/the-perfect-pig-watercolor/,The Perfect Pig - WaterColor,WaterColor,https://www.theperfectpig.com/location/watercolor-way/,directory,working,,,menü bulunamadı,0,,,,,,0,0,,phone,,yes,,yes,,Mo 07:30-21:30 · Tu 07:30-21:30 · We 07:30-21:30 · Th 07:30-21:30 · Fr 07:30-21:30 · Sa 07:30-21:30 · Su 07:30-21:30,https://www.theperfectpig.com/location/watercolor-way/,,2026-10-09T01:24:19+00:00
/listing/the-red-bar/,The Red Bar,Grayton Beach,http://theredbar.com,directory,working,Sayfalar görünür tarayıcıyla okundu (daha önce doğrulama gösteren site).,,5'ten az ana yemek fiyatı (3),3,27.0,20.0,48.0,general,https://www.louislouis.net/menus/special-diet-menu?location=louis-louis,9,9,sayfa metni,,,yes,,,,"Sunday, Monday, Tuesday, Wednesday, Thursday, Friday, Saturday 11:00–15:00 · Sunday, Monday, Tuesday, Wednesday, Thursday, Friday, Saturday 15:00–16:30 · Sunday, Monday, Tuesday, Wednesday, Thursday, Friday, Saturday 16:30–22:00",https://www.theredbar.com/,$$,2026-10-09T01:47:46+00:00
/listing/the-shrimp-shack/,The Shrimp Shack,Seaside,https://www.shrimpshackseasidefl.com/,directory,working,Sayfalar görünür tarayıcıyla okundu (daha önce doğrulama gösteren site).,,5'ten az ana yemek fiyatı (2),2,82.5,70.0,95.0,general,https://www.shrimpshackseasidefl.com/menus/family-meals?location=the-shrimp-shack-boardwalk-bar,5,4,sayfa metni,,,,,,,,,$$,2026-10-09T01:48:28+00:00
/listing/the-wine-bar-watercolor/,The Wine Bar at WaterColor,WaterColor,http://www.thewinebarfl.com,directory,working,,,ana yemek fiyatı yok,0,,,,,,3,3,sayfa metni,not_taken,,,,,,,,,2026-10-09T01:24:24+00:00
/listing/tichelis-pizza/,Ticheli's Pizza,Seacrest,https://www.tichelispizza.com/,directory,working,,$,,30,13.0,2.0,25.0,general,https://www.tichelispizza.com/menu,1,1,sayfa metni,,,,,,,", , , , , ,",https://www.tichelispizza.com/,,2026-10-09T01:24:22+00:00
/listing/vki-japanese-steakhouse-sushi-bar/,VKI Japanese Steakhouse & Sushi Bar,Santa Rosa Beach,https://www.vkijapanesefl.com/,directory,working,,$$,,100,15.0,6.0,43.0,general,https://www.vkijapanesefl.com/menu,1,1,sayfa metni,,,,,,,"Tuesday, Wednesday, Thursday, Friday, Saturday, Sunday 11:00–22:00",https://www.vkijapanesefl.com/,$$,2026-10-09T01:24:23+00:00
/listing/wild-bills-beach-dogs/,Wild Bill's Beach Dogs,Seaside,https://www.wildbillsseasidefl.com/,directory,working,Sayfalar görünür tarayıcıyla okundu (daha önce doğrulama gösteren site).,$,,12,13.0,7.0,14.0,lunch,https://www.wildbillsseasidefl.com/menus/wild-bills-lunch-and-dinner?location=wild-bills-beach-dogs,3,2,sayfa metni,,,,,yes,,"We open daily at 8:00am. Closing times vary by season, so check our hours before you swing by.",https://www.wildbillsseasidefl.com/about,$$,2026-10-09T01:49:08+00:00
/listing/wild-nectar-30a/,Wild Nectar 30A,Seaside,https://www.facebook.com/WildNectar30A/,directory,social_login,Sosyal medya sayfası; giriş yapmadan içerik okunmadı.,,site durumu: social_login,0,,,,,,0,0,,,,,,,,,,,2026-10-09T01:24:23+00:00
