id,ifade_tr
kural-kapsam,"Walton County'nin plaj kuralları Highway 20'nin güneyindeki plajlarda ve su alanlarında geçerlidir."
kural-hayvan-yasagi,"Walton County'nin halka açık plajlarında hayvanlar yasaktır; hizmet hayvanları ve ilçe izni olan köpekler hariç."
kural-kopek-izin-saat,"Yalnız Walton County mülk sahiplerine ve daimi sakinlere verilen ilçe köpek izni, tasmalı bir köpeğin 15:30–08:30 arasında plajda bulunmasına izin verir."
kural-cam,"Plaja cam ya da seramik şişe ve kap getirilemez."
kural-cadir-olcu,"İlçe plajlarında bir çadırın toplam kapladığı alan 10 × 10 feet'i geçemez."
kural-cadir-yer,"İlçe plajlarında çadırlar plajın kara tarafındaki yarısında kalmalıdır (Grayton Beach hariç); çadırlar arasında 4 feet'lik yürüme yolu bırakılır."
kural-semsiye-olcu,"İlçe plajlarında bir şemsiyenin toplam kapladığı alan 8 × 8 feet'i geçemez."
kural-15-ft,"İlçe plajlarında plaj eşyası deniz duvarına, kumul eteğine ya da kumul bitki çizgisine 15 feet'ten yakın kurulamaz."
kural-gece-esya,"İlçe izni olmadan kişisel eşyalar gün batımından bir saat sonradan gün doğumundan bir saat sonrasına kadar plajda bırakılamaz."
kural-gece-esya-terk,"İzinsiz olarak gece plajda bırakılan eşya terk edilmiş sayılır ve ilçenin malı olur."
kural-ates-izin,"Gulf plajında şenlik ateşi ya da başka açık ateş izne tabidir."
kural-ates-mesafe,"Plaj ateşi işaretli bir kaplumbağa yuvasına en az 200 feet, bitki çizgisine en az 50 feet ve oturulan herhangi bir yapıya en az 100 feet uzakta olmalıdır."
kural-ates-saat-mart-ekim,"Mart–Ekim arasında ateş çukurları saat 17:00'den önce plaja kurulamaz ve tüm kalıntılar gece yarısına kadar kaldırılmalıdır."
kural-ates-saat-kasim-subat,"Kasım–Şubat arasında ateş çukurları saat 16:00'dan önce plaja kurulamaz ve kalıntılar 23:00'e kadar kaldırılmalıdır."
kural-izgara,"Plajda kömürlü ızgara yasaktır; küçük propan ızgaralarına izin verilebilir."
kural-havai-fisek,"İlçe plajlarında ve plaj erişimlerinde kişisel havai fişek yasaktır."
kural-gece-kamp,"İlçe plajlarında, plaj erişimlerinde, kumullarda ve otoparklarda gece kamp yapılamaz."
kural-cukur,"Plajda kazılan çukurların başında durulmalı ve ayrılmadan önce doldurulmalıdır; çukur 3 × 3 feet'ten büyük ve 2 feet'ten derin olamaz."
kural-metal-kurek,"İlçe plajlarında çelik ağızlı kürek ve diğer metal kazma aletleri yasaktır."
kural-kapatma-emri,"Plajı ya da yanındaki suyu kapatan resmî bir emre uymamak kanuna aykırıdır."
kural-kaplumbaga-sezonu,"İlçe plaj yönetmeliğine göre deniz kaplumbağası yuvalama sezonu 1 Mayıs–31 Ekim arasıdır."
kural-kaplumbaga-gece-surus,"Deniz kaplumbağası yuvalama sezonunda izinli plaj sürüşü 22:00–08:00 arasında yasaktır."
kural-otopark-gece,"İlçenin bakımını yaptığı plaj erişimi otoparklarında gece park yasaktır."
kural-ceza,"İlçe plaj kurallarından birini çiğnemek, her ihlal için 500 dolara kadar para cezası olan bir sivil ihlaldir."
kural-alkol,"Walton County kodunun 22. bölümünde alkolle ilgili bir hüküm yoktur."
alkol-plaj-vsw,"Walton County turizm dairesine göre yasal içki yaşındaki yetişkinler plajda alkol içebilir; ama yalnız teneke ya da plastikten, asla camdan değil."
alkol-eyalet-parki,"Grayton Beach, Topsail Hill Preserve ve Deer Lake gibi Florida eyalet parklarında alkol içmek yasaktır; alkol satan restoran ve konaklama yerleri ile parkın izin verdiği etkinlikler hariç."
alkol-21-yas,"Florida kanunu 21 yaşından küçüklerin alkollü içki bulundurmasını yasaklar."
alkol-lsv,"Walton County Şerif Ofisi'ne göre düşük hızlı araçta (LSV) açık alkol kabı bulundurulamaz."
bayrak-yesil,"Yeşil bayrak düşük tehlike demektir: deniz sakin, ama yüzenler yine de dikkatli olmalı."
bayrak-sari,"Sarı bayrak orta tehlike demektir: orta dalga ve/veya orta akıntı."
bayrak-kirmizi,"Kırmızı bayrak yüksek tehlike demektir: yüksek dalga ve/veya güçlü akıntı."
bayrak-cift-kirmizi,"Çift kırmızı bayrak denizin halka kapalı olduğu anlamına gelir."
bayrak-mor,"Mor bayrak denizde zararlı canlılar (ör. denizanası) bulunduğunu gösterir ve başka bir bayrakla birlikte çekilebilir."
bayrak-ilce-geneli,"Her plaj erişiminde çekilen bayrak ilçe plajlarının herhangi bir yerindeki en tehlikeli koşulu gösterir; bu yüzden bir plaj bayrağından daha sakin görünebilir."
bayrak-gunde-iki-kez,"İtfaiye bölgesinin plaj güvenliği birimi bayraklara karar vermek için 26 millik plajındaki koşulları günde iki kez kontrol eder."
ates-izni-swfd,"South Walton'da her plaj ateşi için South Walton İtfaiye Bölgesi'nden izin gerekir."
ates-izni-yas,"Plaj ateşi izni yalnız 18 yaşında ve daha büyük kişilere verilir."
ates-izinsiz-ceza,"İtfaiye bölgesine göre izinsiz plaj ateşi yakmanın cezası 500 dolardır."
cankurtaran-swfd,"İtfaiye bölgesinin sık sorulan sorular sayfasına göre cankurtaranlar 1 Mart–30 Eylül arasında her gün 10:00–18:00'de 8 kule noktasında görev yapar."
cankurtaran-vsw,"Visit South Walton'a göre bölgesel plaj erişimlerinde 1 Mart–31 Ekim arasında cankurtaran bulunur; yıl boyunca sınırlı gezici görev vardır."
cankurtaran-2026,"2026 sezonunda South Walton İtfaiye Bölgesi cankurtaranları kulelerde 1 Mart–31 Ekim arasında her gün 10:00–18:00'de görevdedir."
erisim-rosemary-yok,"Visit South Walton'ın 2023 otopark rehberi Rosemary Beach'te halka açık plaj erişimi listelemiyor."
erisim-alys-yok,"Visit South Walton'ın 2023 otopark rehberi Alys Beach'te halka açık plaj erişimi listelemiyor."
erisim-bolgesel-tanim,"South Walton'da batıda Miramar Beach'ten doğuda Inlet Beach'e kadar tuvalet, otopark, duş ve bisiklet park yeri olan 11 bölgesel plaj erişimi vardır."
erisim-mahalle-tanim,"Mahalle plaj erişimleri mahallelerin içindeki daha küçük halka açık erişimlerdir; esas olarak yürüyerek gelenler içindir."
erisim-islak-kum,"Visit South Walton'a göre Walton County'nin 26 mil plajı vardır ve herkes bunun tamamında ıslak kum boyunca yürüyebilir."
park-ride-ucret-grayton,"Highway 283 üzerindeki Grayton Beach Park and Ride otoparkı saati 5 dolar, tam günü 15 dolardır."
park-ride-ucret-393,"Highway 393 üzerindeki 393 Beach Park and Ride otoparkı saati 5 dolar, tam günü 15 dolardır."
servis-ucretsiz-grayton,"Grayton Beach Park and Ride'dan plaja ücretsiz servis her gün 06:00–21:45 arasında ya da ihtiyaç oldukça çalışır."
servis-393-duraklar,"393 Beach Park and Ride servisi yolcuları Ed Walline, Blue Mountain, Fort Panic ve Dune Allen bölgesel erişimlerine bırakır."
servis-seaside,"Ücretsiz Seaside servisi her gün 06:00'dan gece yarısına kadar Highway 331 ile Seaside merkezi arasında çalışır."
otopark-seaside-ucret,"Seaside, Smolian Circle çevresinde ve belirlenmiş diğer yerlerde saatlik ücretli park uygular; ücret güne, doluluğa ve kasaba etkinliklerine göre değişir."
otopark-seaside-servis,"Seaside'ın ücretsiz servisi her gün 06:00'dan gece yarısına kadar Highway 331 South üzerindeki belirlenmiş otoparktan kasaba merkezine çalışır."
otopark-alys-ucretsiz,"Alys Beach ziyaretçileri Town Center amfitiyatrosu çevresindeki işaretli yerlere, George's'un arkasındaki otoparka ve 30A'ya paralel yan yollara ücretsiz park edebilir."
erisim-alys-ozel,"Alys Beach'e göre plajı ve plaj erişimleri ev sahiplerine ve Alys Beach Vacation kiracılarına ait özel olanaklardır; halka açık değildir."
otopark-watercolor,"WaterColor yerleşkesi boyunca ücretli park yerleri vardır ve WaterColor Community Association tarafından yönetilir."
otopark-rosemary,"Visit South Walton'ın 2023 otopark rehberine göre Rosemary Beach'te halka açık plaj erişimi yoktur; Barrett Square boyunca dükkân otoparkı ilk gelen alır esasıyla kullanılabilir."
otopark-watersound,"Visit South Walton'ın 2023 otopark rehberine göre WaterSound, The Big Chill ziyaretçilerine ilk gelen alır esasıyla halka açık otopark sunar."
havalimani-ecp,"Northwest Florida Beaches Uluslararası Havalimanı (ECP) 30A'nın doğu ucuna kuş uçuşu yaklaşık 13.4 mil (21.5 km) uzaklıktadır."
havalimani-vps,"Destin–Fort Walton Beach Havalimanı (VPS) 30A'nın batı ucuna kuş uçuşu yaklaşık 17.9 mil (28.9 km) uzaklıktadır."
havalimani-pns,"Pensacola Uluslararası Havalimanı (PNS) 30A'nın batı ucuna kuş uçuşu yaklaşık 56 mil (89.5 km) uzaklıktadır."
timpoochee-uzunluk-liste,"Visit South Walton'ın parkur listesi Timpoochee Trail'in uzunluğunu 19 mil olarak veriyor."
timpoochee-uzunluk-rehber,"Visit South Walton'ın 2021 parkur rehberi Timpoochee Trail'in tamamını 18.5 millik bir bisiklet turu olarak anlatıyor."
timpoochee-ilce-bakim,"Walton County Turizm Dairesi 26 milden fazla çok amaçlı yolun bakımını ve temizliğini yaptığını söylüyor."
golf-arabasi-yol,"Florida kanununa göre golf arabaları, yerel yönetimin golf arabası için belirleyip tabelayla işaretlediği yollar dışında kamu yollarında kullanılamaz."
golf-arabasi-saat,"Golf arabaları belirlenmiş yollarda yalnız gün doğumu ile gün batımı arasında kullanılabilir; yerel yönetim gece kullanımına izin verir ve arabada far ve ön cam varsa istisna olur."
golf-arabasi-yas,"Kamu yolunda golf arabası kullanan 18 yaşından küçük kişinin öğrenci sürücü belgesi ya da ehliyeti olmalıdır."
lsv-hiz,"Düşük hızlı araçlar (LSV) yalnız hız sınırı 35 mph ya da daha düşük olan yollarda kullanılabilir."
lsv-tescil-ehliyet,"Düşük hızlı araç tescilli ve sigortalı olmalı, sürücüsünün geçerli ehliyeti olmalıdır."
cok-amacli-yol-golf,"Walton County çok amaçlı yollarında golf arabaları ve iş araçları yalnız kolluk, itfaiye bölgesi, ilçe, altyapı ya da bitişik mülkün bakım işleri için kullanılabilir."
golf-arabasi-ilce-yollari,"Walton County, golf arabalarının ilçenin bakımını yaptığı kamu yollarında açıkça yasak olduğunu söylüyor."
golf-arabasi-wcso,"Walton County Şerif Ofisi golf arabalarının hiçbir kamu yolunda hiçbir zaman yasal olarak kullanılamayacağını belirtiyor."
lsv-walton-35,"Walton County'de düşük hızlı araçlar yalnız hız sınırı 35 mph ya da daha düşük yollarda kullanılabilir; şerifin sayfası yasak oldukları yolları haritada gösteriyor."
lsv-walton-patika,"Walton County'de düşük hızlı aracı herhangi bir kaldırımda ya da bisiklet yolunda kullanmak yasaktır."
lsv-walton-98,"Düşük hızlı araçlar US Highway 98'de ve kaldırımında kullanılamaz; yolu yalnız dört yollu bir kavşakta geçebilir."
hiz-30a,"The DeFuniak Herald Mart 2017'de ilçe meclisinin CR-30A trafik çalışmasının hız önerilerini onayladığını yazdı; öneri CR-30A boyunca en fazla 35 mph hız sınırıydı."
hiz-30a-karar,"Walton County İlçe Meclisi 14 Şubat 2017'de Atkins CR 30A trafik çalışmasının hız bölgesi önerilerini kabul edip uygulamaya 5–0 oyla karar verdi."
park-grayton-ucret,"Grayton Beach State Park girişi araç başına 5 dolar (iki ila sekiz kişi), tek kişilik araç için 4 dolar, yaya, bisikletli ve ek yolcu için 2 dolardır."
park-grayton-saat,"Grayton Beach State Park yılın 365 günü 08:00'den gün batımına kadar açıktır."
park-topsail-ucret,"Topsail Hill Preserve State Park girişi araç başına 6 dolar (iki ila sekiz kişi, her ek kişi 2 dolar), tek kişilik araç ya da motosiklet için 4 dolar, yaya ve bisikletli için 2 dolardır."
park-topsail-saat,"Topsail Hill Preserve State Park yılın 365 günü 08:00'den gün batımına kadar açıktır."
park-deer-lake-ucret,"Deer Lake State Park araç başına 3 dolar (iki ila sekiz yolcu), yaya, bisikletli ve ek yolcu için 2 dolar alır; ücret tam para ile güven kutusuna ödenir."
park-deer-lake-saat,"Deer Lake State Park yılın 365 günü 08:00'den gün batımına kadar açıktır."
orman-point-washington-saat,"Point Washington Eyalet Ormanı günübirlik kullanım için gün doğumundan gün batımına kadar açıktır."
orman-point-washington-ucret,"Point Washington dahil Florida eyalet ormanları için günlük giriş 2 dolardır."
kasirga-sezon-tarih,"Resmî Atlantik kasırga sezonu 1 Haziran–30 Kasım arasıdır."
kasirga-sezon-zirve,"Atlantik kasırga sezonu 10 Eylül civarında zirve yapar; etkinliğin çoğu Ağustos ortası ile Ekim ortası arasındadır."
ziyaretci-2025-ozet,"Walton County Turizm Dairesi'nin 2025 çalışması ilçenin 2025 ziyaretçi sayısını yaklaşık 4.59 milyon olarak veriyor."
ziyaretci-2025-ekonomik-etki,"Aynı çalışmanın ekonomik etki sayfası 2025 ziyaretçi sayısını 4.57 milyon olarak veriyor."
oda-gece-2025,"2025 çalışması Walton County'de 2025'te yaklaşık 3.5 milyon oda-gece sayıyor."
adr-2025,"2025'te oteller ve kiralık tatil evleri genelinde ortalama günlük fiyat (ADR) 354.10 dolardı."
doluluk-2025,"2025'te otel ve kiralık tatil evi doluluğu birlikte %48.3'tü."
doluluk-yaz-2025,"Haziran–Ağustos 2025'te otel ve kiralık tatil evi doluluğu birlikte %69.1'di."
adr-yaz-2025,"Haziran–Ağustos 2025'te birleşik ortalama günlük fiyat 500.54 dolardı."
doluluk-sonbahar-2025,"Eylül–Kasım 2025'te otel ve kiralık tatil evi doluluğu birlikte %35.7'ydi."
adr-sonbahar-2025,"Eylül–Kasım 2025'te birleşik ortalama günlük fiyat 335.96 dolardı."
doluluk-kis-2026,"Aralık 2025–Şubat 2026'da otel ve kiralık tatil evi doluluğu birlikte %32.1'di."
adr-kis-2026,"Aralık 2025–Şubat 2026'da birleşik ortalama günlük fiyat 213.82 dolardı."
doluluk-ilkbahar-2026,"Mart–Mayıs 2026'da otel ve kiralık tatil evi doluluğu birlikte %56.6'ydı."
adr-ilkbahar-2026,"Mart–Mayıs 2026'da birleşik ortalama günlük fiyat 389.17 dolardı."
vergi-tdt-orani,"Choctawhatchee Körfezi'nin güneyindeki kısa süreli kiralamalar %5 turist geliştirme vergisi öder; körfezin kuzeyindeki bölge %3 alır."
genel-gulf-of-america,"2025-22 sayılı yönetmelik ilçe plaj kodu boyunca Gulf of Mexico adını Gulf of America olarak değiştiriyor."
genel-mahalle-sayisi,"Visit South Walton bölgeyi 16 ayrı plaj mahallesi olarak tanıtıyor."
genel-south-walton-tanim,"Visit South Walton, South Walton'ı 16 plaj mahallesinden oluşan bir şerit olarak tanımlıyor."
hukuk-anayasa-islak-kum,"Florida Anayasası'na göre ortalama yüksek su çizgisinin altındaki kumsallar dahil gezilebilir suların altındaki topraklar devlet tarafından bütün halk adına emanet olarak tutulur."
hukuk-walton-2016-karar,"Walton County'nin 25 Ekim 2016'da kabul edilen ve 1 Nisan 2017'de yürürlüğe giren 2016-23 sayılı kararı, halkın ilçedeki bütün plajların kuru kum alanını eskiden beri gelen kullanımını (customary use) korunmuş ilan etti; özel kumullar ve kalıcı yapıların deniz tarafında 15 feet'lik tampon bıraktı."
hukuk-2018-kanun-surec,"Florida'nın 2018 kanunu (CS/HB 631, Chapter 2018-94, yürürlük 1 Temmuz 2018) 163.035. maddeyi getirdi: bir yerel yönetim, ortalama yüksek su çizgisinin üstündeki plaj için customary use kuralını ancak bir mahkeme bunu her parsel sahibine bildirimden ve yönetimin ispat yükünü taşıdığı bir davadan sonra onaylarsa sürdürebilir."
hukuk-dava-1194,"Walton County Aralık 2018'de 163.035. madde uyarınca 1.194 özel sahil mülkünde customary use'un onaylanması için mahkemeye dava açtı."
hukuk-dava-sonuc-2024,"Florida Senatosu'nun 2025 kanun analizine göre dava hiç duruşmaya gitmedi: itiraz eden sahipler ya customary use olmadığı tespitiyle davadan çıkarıldı ya da halka yürüme ve oturma için 20 feet'lik geçiş alanı veren bir uzlaşma yaptı; mahkeme customary use'u yalnız hiç itiraz etmemiş, temsil edilmeyen 95 parselde kabul etti (nihai özet karar, 14 Şubat 2024)."
hukuk-2025-kaldirma,"Vali tarafından 24 Haziran 2025'te onaylanan ve yayımlanınca yürürlüğe giren Chapter 2025-178 (CS/SB 1622), 163.035. maddeyi yürürlükten kaldırdı."
hukuk-2025-ecl,"Aynı 2025 kanunu, en az üç belediyesi olan ve nüfusu 275.000'den az olan Gulf kıyısı ilçelerinde erozyon kontrol çizgisini ortalama yüksek su çizgisi olarak belirliyor; devletin oradaki kritik aşınmış plajları kamu irtifakı olmadan onarmasına izin veriyor ve bu çizginin deniz tarafına eklenen kumu devlet arazisi olarak tutuyor."
hukuk-2025-etki,"Senato analizine göre 163.035'in kaldırılması customary use'u 2018 öncesindeki düzene döndürür: yerel yönetim customary use kararı çıkarabilir, sahipler buna mahkemede itiraz edebilir ve mahkemeler her olaya ayrı karar verir."
hukuk-2026-temyiz,"Florida 1. Bölge Temyiz Mahkemesi 18 Şubat 2026'da sahil mülk sahiplerinin Şubat 2024 kararına karşı başvurularını reddetti; taraflar kabul etti, mahkeme de katıldı: 2025'teki yürürlükten kaldırmadan sonra nihai karar hükümsüzdür ve hukuki etkisi yoktur."
hukuk-2026-ilce-tutum,"Aynı davada ilçe, kaldırmanın tarafları 'başlangıç noktasına' döndürdüğünü, 2017 customary use kararının 163.035 ile geçersiz hâle geldiğini ve artık yürürlükte olmadığını, yerel özerklik yetkisiyle yeni bir karar çıkarabileceğine inandığını söyledi."
hukuk-2026-yeni-karar-yok,"Walton County katipliğinin yayımladığı 2026-01 ile 2026-10 numaralı kararlar arasında (10 Ekim 2026'da kontrol edildi) plajın customary use'u ile ilgili olan yok."
hukuk-gecis-alani-turizm,"Walton County Turizm Dairesi'ne göre ilçenin customary use uzlaşma anlaşması kapsamında, uzlaşma ve özet karara dahil parsellerde halkın ıslak-kuru kum çizgisinin kara tarafında 20 feet'lik bir geçiş alanı var; ilçe plajlarının yaklaşık üçte ikisi halka açık."
hukuk-iddia-ozel-plaj-kalmadi,"Kontrol edilen iddia: 'Yeni bir yasa imzalandı ve 30A'da özel plaj kalmadı.'"
hukuk-video-ozet,"Video için özet, bu kaynakların söylediği kadarıyla: Walton County'de ortalama yüksek su çizgisinin altındaki ıslak kum halka açıktır, üstündeki kuru kumun bir kısmı özel mülktür; Şubat 2026 itibarıyla ne ilçenin 2017 customary use kararı ne de 2024 mahkeme kararı yürürlüktedir; bu yüzden plaja gidenler halka açık plaj erişimlerini kullanmalıdır."
erisim-tekerlekli-sandalye,"Yumuşak kum için tasarlanmış sınırlı sayıda plaj tekerlekli sandalyesi South Walton İtfaiye Bölgesi aracılığıyla 1 Mart–31 Ekim arasında, 10:30–17:30'da ücretsiz verilir."
erisim-sandalye-yerleri,"Plaj tekerlekli sandalyeleri Miramar Beach (Kule 54), Ed Walline (Kule 33), Santa Clara (Kule 21) ve Inlet Beach (Kule 11) erişimlerinde bulunur."
erisim-ada-bolgesel,"Visit South Walton, South Walton'ın dokuz bölgesel plaj erişiminden altısını ADA'ya uygun olarak listeliyor: Miramar Beach, Fort Panic, Dune Allen, Ed Walline, Santa Clara ve Inlet Beach (yalnız orta yürüyüş yolu)."
erisim-mat-ed-walline,"Ed Walline bölgesel plaj erişimine tekerlekli sandalyeye uygun erişim matları (AccessMats) döşendi; matlar 5 feet genişliğinde ve Gulf'e doğru 120 feet uzanıyor."
ziyaretci-koken-2025,"Walton County Turizm Dairesi'nin 2025 ziyaretçi çalışmasında (Downs & St. Germain Research, 2.655 anket) ziyaretçilerin en çok geldiği pazarlar Atlanta (%11.1), Nashville (%7.5), Dallas–Fort Worth (%4.8), Birmingham (%4.0) ve Houston (%3.6) idi."
okul-atlanta-gwinnett,"Gwinnett County Public Schools (Atlanta metrosu) 2026–27 takviminde güz tatili 12–16 Ekim 2026, bahar tatili 5–9 Nisan 2027."
okul-nashville-mnps,"Metro Nashville Public Schools'ta güz tatili 12–16 Ekim 2026, bahar tatili 22–25 Mart 2027; 26 Mart 2027 bölgenin kapalı olduğu bahar tatil günü."
okul-dfw-dallas,"Dallas ISD takviminde güz tatili 8–9 Ekim 2026, bahar tatili 15–19 Mart 2027."
okul-birmingham-jefcoed,"Jefferson County Schools (Birmingham bölgesi, Alabama) bahar tatili 22–26 Mart 2027 (22–23 Mart gerekirse hava telafi günü); Ekim'deki tek kapanış 12 Ekim 2026 Columbus Day."
okul-houston-hisd,"Houston ISD'nin 2026–27 yıllık takvimi 8–12 Mart 2027'yi ve 26 Mart 2027'yi 'ders yok (recess)' olarak işaretliyor; güz tatili yok, yalnız 9 Ekim 2026'da ders olmayan bir personel gelişim günü var."
etkinlik-30a-songwriters,"30A Songwriters Festival Ocak ayında 30A boyunca mekânlarda yapılır, merkezi ve gişesi WaterColor'dadır; 18. yılı olan 2027 festivali 15–18 Ocak 2027'de."
etkinlik-30a-wine-festival,"30A Wine Festival Şubat'ta Alys Beach'te yapılır; 2027 festivali 17–21 Şubat 2027'de."
etkinlik-seaside-yari-maraton,"Seaside School Half Marathon + 5K Şubat'ta Seaside Amfitiyatrosu'ndan başlar (15 Şubat 2026); 2027 tarihi Seaside'ın takviminde henüz yok."
etkinlik-sowal-wine-food,"South Walton Beaches Wine & Food Festival Nisan'da Miramar Beach'teki Grand Boulevard'da yapılan dört günlük bir festivaldir; 2027 ayrıntıları henüz yayımlanmadı."
etkinlik-digital-graffiti,"Alys Beach'te Mayıs'ta yapılan projeksiyon sanatı festivali Digital Graffiti (15–16 Mayıs 2026) iki yılda bir düzenine geçiyor; sonraki 19–20 Mayıs 2028'de, yani 2027'de yapılmayacak."
etkinlik-seaside-4-temmuz,"Seaside 4 Temmuz'da Central Square'de Bağımsızlık Günü kutlaması yapar."
etkinlik-seaside-halloweener,"Seaside'ın her yıl yapılan Halloweener Derby'si (dachshund yarışı ve köpek kostüm yarışması) Ekim sonunda yapılır (24 Ekim 2026)."
etkinlik-seaside-seeing-red,"Seaside'ın Seeing Red Wine Festival'i Kasım başında yapılır (5–8 Kasım 2026); büyük tadım 7 Kasım 2026'da Central Square'de."
etkinlik-rosemary-uncorked,"Rosemary Beach'teki yemek ve şarap etkinliği Rosemary Beach Uncorked 15. yılını 14 Kasım 2026'da kutluyor."
etkinlik-30a-10k,"30A 10K Thanksgiving Day Races Şükran Günü'nde Rosemary Beach'te yapılır; 15. yarışlar 26 Kasım 2026'da."
etkinlik-seaside-holiday-parade,"Seaside'ın Holiday Parade & Turn on the Town etkinliği Kasım sonunda Scenic Highway 30A üzerinde yapılır (28 Kasım 2026)."
etkinlik-seaside-yilbasi,"Seaside 31 Aralık'ta Seaside Amfitiyatrosu'nda yılbaşı kutlaması yapar."
etkinlik-escape-to-create,"Seaside'ın 1993'ten beri düzenlediği yaratıcı sanat programı Escape to Create 2027'de ara veriyor."
tarih-seaside-arazi,"Seaside'ın tarih sayfasına göre J.S. Smolian 1946'da Seagrove Beach'in yanında 80 akre arazi aldı; torunu Robert Davis araziyi 1978'de miras aldı."
tarih-seaside-kurulus,"Seaside'ın inşaatı 1981'de başladı; kurucuları Robert Davis ve Daryl Rose Davis kasabayı Miamili mimarlar Andrés Duany ve Elizabeth Plater-Zyberk ile planladı."
tarih-seaside-dpz,"Planlama firması DPZ, Seaside'ı 1980'de tasarlanmış, 1982'de temeli atılmış, 80 akre, müşterisi Robert Davis olarak listeliyor."
tarih-truman-show,"Congress for the New Urbanism Temmuz 1998'de, The Truman Show'un 1997'de Seaside'da çekildiğini ve Mayıs 1998 sonunda gösterime girdiğini, 400.000 dolarlık çekim ücretinin Seaside Neighborhood School'un yapımında kullanıldığını yazdı."
tarih-rosemary-dpz,"DPZ, Rosemary Beach'i 1995'te Paul Borden, Leucadia National Corp. ve Patrick Bienvenue için tasarlanmış olarak listeliyor."
tarih-alys-dpz,"DPZ, Alys Beach'i 2003'te EBSCO için tasarlanmış olarak listeliyor; Alys Beach, DPZ CoDesign'ın New Urbanism ana planını izlediğini söylüyor."
tarih-alys-kurulus,"Alys Beach'in kuruluş yılı: Alys Beach'in kendi sitesi bunu söylemiyor."
tarih-new-urbanism-tuzuk,"Congress for the New Urbanism'in kurucu belgesi Charter of the New Urbanism 1996'da tamamlanıp kabul edildi."
genel-30a-ilce-yolu,"FDOT'un yol envanteri Walton County'deki 60660100 numaralı yolu W CO HWY 30A (kilometre taşı 0–7.832) ve E CO HWY 30A (7.832–18.561) olarak listeliyor: 30A bir ilçe yoludur."
genel-destin-okaloosa,"ABD Nüfus Bürosu'nun adres servisi Destin Belediye Binası'nı (4200 Indian Bayou Trail) ve Fort Walton Beach Belediye Binası'nı (107 Miracle Strip Parkway SW) Walton County'de değil, Okaloosa County'de gösteriyor."
