alt_bolum_adi,bolge_id,gerekce
VIZCAYA AT DUNE ALLEN S/D,dune-allen,Alt bölüm adında mahalle adı tam olarak geçiyor: DUNE ALLEN
PALMS AT DUNE ALLEN UNRECD,dune-allen,Alt bölüm adında mahalle adı tam olarak geçiyor: DUNE ALLEN (UNRECD = kayda geçmemiş plat)
COTTAGES AT DUNE ALLEN CONDO,dune-allen,Alt bölüm adında mahalle adı tam olarak geçiyor: DUNE ALLEN
DUNE ALLEN S/D OF LOT 1,dune-allen,Alt bölüm adında mahalle adı tam olarak geçiyor: DUNE ALLEN
GULF PLACE TOWN CENTER EAST,gulf-place,Alt bölüm adında mahalle adı tam olarak geçiyor: GULF PLACE
BLUE MOUNTAIN BCH S/D UNIT I,blue-mountain-beach,Alt bölüm adında mahalle adı geçiyor: BLUE MOUNTAIN BCH (BCH = BEACH kısaltması)
GRAYTON BEACH S/D,grayton-beach,Alt bölüm adında mahalle adı tam olarak geçiyor: GRAYTON BEACH
BUTLER'S ADD TOWN OF GRAYTON BEACH,grayton-beach,Alt bölüm adında mahalle adı tam olarak geçiyor: GRAYTON BEACH
GRAYTON BEACH COTTAGES S/D,grayton-beach,Alt bölüm adında mahalle adı tam olarak geçiyor: GRAYTON BEACH
GRAYTON BEACH FRONT,grayton-beach,Alt bölüm adında mahalle adı tam olarak geçiyor: GRAYTON BEACH
GRAYTON BEACH VILLAS CONDO,grayton-beach,Alt bölüm adında mahalle adı tam olarak geçiyor: GRAYTON BEACH
SEAGROVE HORIZONS,seagrove,Alt bölüm adında mahalle adı tam olarak geçiyor: SEAGROVE
SEAGROVE 1ST ADD,seagrove,Alt bölüm adında mahalle adı tam olarak geçiyor: SEAGROVE (1. ek plat)
SEAGROVE S/D 2ND ADD,seagrove,Alt bölüm adında mahalle adı tam olarak geçiyor: SEAGROVE (2. ek plat)
SEAGROVE 3RD ADD,seagrove,Alt bölüm adında mahalle adı tam olarak geçiyor: SEAGROVE (3. ek plat)
SEAGROVE VILLAGE 6TH ADD,seagrove,Alt bölüm adında mahalle adı tam olarak geçiyor: SEAGROVE (6. ek plat)
SEAGROVE REVISED,seagrove,Alt bölüm adında mahalle adı tam olarak geçiyor: SEAGROVE (yeniden düzenlenmiş plat)
SEAGROVE BEACH DUNE VILLAS,seagrove,Alt bölüm adında mahalle adı tam olarak geçiyor: SEAGROVE BEACH
BEACHSIDE CONDO AT SEAGROVE,seagrove,Alt bölüm adında mahalle adı tam olarak geçiyor: AT SEAGROVE
CLIFFS AT SEAGROVE,seagrove,Alt bölüm adında mahalle adı tam olarak geçiyor: AT SEAGROVE
SANCTUARY AT SEAGROVE,seagrove,Alt bölüm adında mahalle adı tam olarak geçiyor: AT SEAGROVE
ONE SEAGROVE PLACE,seagrove,Alt bölüm adında mahalle adı tam olarak geçiyor: SEAGROVE
PALMS AT SEAGROVE PH I,seagrove,Alt bölüm adında mahalle adı tam olarak geçiyor: AT SEAGROVE
PALMS AT SEAGROVE PH II,seagrove,Alt bölüm adında mahalle adı tam olarak geçiyor: AT SEAGROVE
PALMS AT SEAGROVE PH III,seagrove,Alt bölüm adında mahalle adı tam olarak geçiyor: AT SEAGROVE
PALMS AT SEAGROVE PH IV,seagrove,Alt bölüm adında mahalle adı tam olarak geçiyor: AT SEAGROVE
PARK PLACE ON SEAGROVE BEACH,seagrove,Alt bölüm adında mahalle adı tam olarak geçiyor: SEAGROVE BEACH
SEACREST S/D,seacrest,Alt bölüm adında mahalle adı tam olarak geçiyor: SEACREST
SEACREST TOWNHOMES UNRECD,seacrest,Alt bölüm adında mahalle adı tam olarak geçiyor: SEACREST (UNRECD = kayda geçmemiş plat)
ROSEMARY BEACH PH 1,rosemary-beach,Alt bölüm adında mahalle adı tam olarak geçiyor: ROSEMARY BEACH (resmî rehber kısıtı: bu mahalleye erişim atanmaz)
ROSEMARY BEACH PH 2,rosemary-beach,Alt bölüm adında mahalle adı tam olarak geçiyor: ROSEMARY BEACH (resmî rehber kısıtı: bu mahalleye erişim atanmaz)
ROSEMARY BEACH PH 2 REPLAT,rosemary-beach,Alt bölüm adında mahalle adı tam olarak geçiyor: ROSEMARY BEACH (resmî rehber kısıtı: bu mahalleye erişim atanmaz)
ROSEMARY BEACH PH 3,rosemary-beach,Alt bölüm adında mahalle adı tam olarak geçiyor: ROSEMARY BEACH (resmî rehber kısıtı: bu mahalleye erişim atanmaz)
OVERLOOK AT INLET BEACH S/D,inlet-beach,Alt bölüm adında mahalle adı tam olarak geçiyor: INLET BEACH
COTTAGES AT INLET BEACH,inlet-beach,Alt bölüm adında mahalle adı tam olarak geçiyor: INLET BEACH
PALMS AT INLET BEACH,inlet-beach,Alt bölüm adında mahalle adı tam olarak geçiyor: INLET BEACH
PARK PLACE AT INLET BEACH,inlet-beach,Alt bölüm adında mahalle adı tam olarak geçiyor: INLET BEACH
