zincir,magaza,adres,enlem,boylam,magaza_url,kontrol_tarihi,durum,osm_id,not
Publix,-,,,,https://www.publix.com/locations,2026-10-09,okunamadı,,"Site bu bilgisayardan (ABD dışı bağlantı) yalnız 'International' sayfası gösteriyor: 'Currently, we are unable to service customers outside of the United States'. www.publix.com/locations ve mağaza bulucunun veri adresi services.publix.com/storelocator aynı sayfayı verdi (1 tekrar denendi). OSM'deki 5 Publix noktası (node/1107944402, node/1108597697, node/11618396412, way/258037630, way/431579081) zincir sitesinden doğrulanamadı."
Winn-Dixie,-,,,,https://www.winndixie.com/locator,2026-10-09,okunamadı,,"Site 403 'Access Denied' (Akamai, errors.edgesuite.net) döndü; www.winndixie.com/locator ve mağaza bulucunun veri adresi /V2/storelocator/getStores aynı engeli verdi (1 tekrar denendi). OSM'deki 2 Winn-Dixie noktası (node/8616131316, way/636390177) zincir sitesinden doğrulanamadı."
Walmart,Santa Rosa Beach Us 98 W Supercenter,"6712 Us Highway 98 W, Santa Rosa Beach, FL 32459",30.377057,-86.288891,https://www.walmart.com/store/5872-santa-rosa-beach-fl,2026-10-09,açık,way/258037585,"Walmart Supercenter, mağaza no 5872. Adres ve koordinat Walmart'ın Santa Rosa Beach şehir dizini sayfasındaki gömülü mağaza verisinden (geoPoint); mağaza detay sayfası ayrıca açılmadı. Sitede kapanış işareti yok."
Walmart,Dune Lakes E Us 98 Neighborhood Market,"6861 E Us Hwy 98, Santa Rosa Beach, FL 32459",30.3447537,-86.0737478,https://www.walmart.com/store/8861-santa-rosa-beach-fl,2026-10-09,açık,way/1433363223,"Walmart Neighborhood Market, mağaza no 8861. Adres ve koordinat Santa Rosa Beach şehir dizini sayfasındaki gömülü veriden (geoPoint); detay sayfası ayrıca açılmadı."
Walmart,Panama City Beach Pier Park Supercenter,"15495 Panama City Beach Pkwy, Panama City Beach, FL 32413",30.218056,-85.866111,https://www.walmart.com/store/3119-panama-city-beach-fl,2026-10-09,açık,way/363341578,"Walmart Supercenter, mağaza no 3119. Adres ve koordinat Panama City Beach şehir dizini sayfasındaki gömülü veriden (geoPoint). Aynı sayfadaki 818 Front Beach Rd Supercenter (10270 Front Beach Rd, boylam -85.804892) bölge dışında."
Target,Target Pier Park,"15555 Starfish St, Panama City Beach, FL 32413-2457",30.219781,-85.868686,https://www.target.com/sl/pier-park/2208,2026-10-09,açık,,Mağaza no 2208; sayfa verisinde status 'Open'. Koordinat sayfadaki geo alanından. Verilen OSM süpermarket listesinde Target noktası yok; OSM karşılığı bu işte aranmadı.
Whole Foods Market,-,,,,https://www.wholefoodsmarket.com/sitemap/sitemap-stores.xml,2026-10-09,bölgede mağaza yok,,"Sitenin mağaza site haritasında bölgede mağaza yok. En yakın: Destin (4402 Legendary Dr, Destin, FL 32541; sitenin koordinatı 30.390252, -86.420231, bölgenin batı sınırı -86.40'ın yaklaşık 2 km batısında; https://www.wholefoodsmarket.com/stores/destin) ve Tallahassee."
The Fresh Market,-,,,,https://www.thefreshmarket.com/your-market/store-locator,2026-10-09,okunamadı,,"Eyalet/şehir dizini yok (/stores 404). Mağaza bulucu sayfası iki yüklemede de yalnız haritayı çizdi, mağaza listesi gelmedi (sayfadaki mağaza seçicisi 'No The Fresh Market locations found' diyor; liste bu bilgisayardan yüklenmiyor). sitemap.xml mağaza sayfası içermiyor; /my-market/store/panama-city-beach ve /destin 404. OSM node/11649173348 (30.2214, -85.8639, adressiz) zincir sitesinden doğrulanamadı."
Trader Joe's,-,,,,https://locations.traderjoes.com/fl/,2026-10-09,bölgede mağaza yok,,"Florida dizininde bölgede şehir yok; Florida Panhandle'da listelenen tek şehir Tallahassee. Alabama dizininde Birmingham, Hoover, Huntsville."
Aldi,ALDI 23200 Front Beach Road,"23200 Front Beach Road, Panama City, FL 32413, US",30.26312,-85.9733,https://info.aldi.us/stores/l/fl/panama-city/23200-front-beach-road/ff74,2026-10-09,açık,way/431579080,"Site şehri 'Panama City' yazıyor (posta kodu 32413 Panama City Beach). Koordinat sayfadaki JSON-LD geo alanından; açılış saatleri her gün 09:00-20:00. Aynı şehir sayfasındaki 2533 Thomas Drive (boylam -85.7514) ve 3157 West 23rd Street bölge dışında. Florida dizininde Santa Rosa Beach, Miramar Beach, Destin, Freeport yok."
