external_id,plaj_adi,bolge_id,yontem,kaynak,not,belirsiz
5c81ab02f836f9166348e96c,Stallworth Preserve,dune-allen,turetim_en_yakin_mahalle_noktasi,4473ae75f66b40d49c75f5fa2444c6db,En yakın temsilî nokta: Dune Allen (boylam farkı 0.0090°); sonraki aday: Gulf Place (0.0310°).,hayır
5c818bddf836f90dc03cccc3,Beach Highlands - 44,dune-allen,turetim_en_yakin_mahalle_noktasi,4473ae75f66b40d49c75f5fa2444c6db,En yakın temsilî nokta: Dune Allen (boylam farkı 0.0064°); sonraki aday: Gulf Place (0.0284°).,hayır
5c8195dcf836f9166535cb93,Bullard - 43a,dune-allen,turetim_en_yakin_mahalle_noktasi,4473ae75f66b40d49c75f5fa2444c6db,En yakın temsilî nokta: Dune Allen (boylam farkı 0.0039°); sonraki aday: Gulf Place (0.0259°).,hayır
5df3aad15a6c24371775bd16,Dune Allen Regional Beach Access,dune-allen,resmi_rehber,https://www.visitsouthwalton.com/blog/guide-beach-parking-transportation/ (yayın 2023-05-04),başlık: Dune Allen; rehberdeki kayıt: Ft. Panic/ Dune Allen Regional Beach Access; eşleşme: ad (birleşik satırda adıyla geçiyor),hayır
5c8000ddf836f94c3171b973,Fort Panic Regional Beach Access - 43,dune-allen,resmi_rehber,https://www.visitsouthwalton.com/blog/guide-beach-parking-transportation/ (yayın 2023-05-04),"başlık: Dune Allen; rehberdeki kayıt: Ft. Panic/ Dune Allen Regional Beach Access, 5753 W Scenic Hwy 30A; eşleşme: ad + adres",hayır
5c81ac5bf836f90dc03cccd6,West Allen Loop - 42,dune-allen,turetim_en_yakin_mahalle_noktasi,4473ae75f66b40d49c75f5fa2444c6db,En yakın temsilî nokta: Dune Allen (boylam farkı 0.0036°); sonraki aday: Gulf Place (0.0184°).,hayır
5c81a5eef836f9166535cb9a,Lake Causeway - 41,gulf-place,turetim_en_yakin_mahalle_noktasi,4473ae75f66b40d49c75f5fa2444c6db,En yakın temsilî nokta: Gulf Place (boylam farkı 0.0094°); sonraki aday: Dune Allen (0.0126°).,hayır
64dd46e5d7a14c5b34023dc2,Palms of Dune Allen West - 44,gulf-place,turetim_en_yakin_mahalle_noktasi,4473ae75f66b40d49c75f5fa2444c6db,En yakın temsilî nokta: Gulf Place (boylam farkı 0.0064°); sonraki aday: Santa Rosa Beach (0.0138°).,hayır
5c81a7dcf836f9166348e965,Palms of Dune Allen East - 43,gulf-place,turetim_en_yakin_mahalle_noktasi,4473ae75f66b40d49c75f5fa2444c6db,En yakın temsilî nokta: Gulf Place (boylam farkı 0.0054°); sonraki aday: Santa Rosa Beach (0.0128°).,hayır
5c803a5e0970a77f5a2f0e82,Ed Walline Regional Beach Access - 39,gulf-place,resmi_rehber,https://www.visitsouthwalton.com/blog/guide-beach-parking-transportation/ (yayın 2023-05-04),"başlık: Gulf Place; rehberdeki kayıt: Ed Walline Regional Beach Access, 4447 W Scenic Hwy 30A; eşleşme: ad + adres",hayır
5c81aa70f836f90dc03cccd5,Shellseekers - 38a,santa-rosa-beach,turetim_en_yakin_mahalle_noktasi,4473ae75f66b40d49c75f5fa2444c6db,En yakın temsilî nokta: Santa Rosa Beach (boylam farkı 0.0016°); sonraki aday: Gulf Place (0.0058°).,hayır
5c81aa94f836f9166348e96b,Spooky Lane - 38,santa-rosa-beach,turetim_en_yakin_mahalle_noktasi,4473ae75f66b40d49c75f5fa2444c6db,En yakın temsilî nokta: Santa Rosa Beach (boylam farkı 0.0005°); sonraki aday: Gulf Place (0.0069°).,hayır
5c803abb0970a7346100fff5,Gulfview Heights Regional Beach Access - 37,santa-rosa-beach,resmi_rehber,https://www.visitsouthwalton.com/blog/guide-beach-parking-transportation/ (yayın 2023-05-04),"başlık: Santa Rosa Beach; rehberdeki kayıt: Gulfview Heights Regional Beach Access, 186 Gulfview Heights St; eşleşme: ad + adres",hayır
5c79a4b00970a7972e59c7a2,Blue Mountain Regional Beach Access - 36,blue-mountain-beach,resmi_rehber,https://www.visitsouthwalton.com/blog/guide-beach-parking-transportation/ (yayın 2023-05-04),"başlık: Blue Mountain Beach; rehberdeki kayıt: Blue Mountain Regional Beach Access, 2365 S Scenic Hwy 83; eşleşme: ad + adres",hayır
5c81a399f836f9166535cb95,Gulf Point Road - 35,blue-mountain-beach,turetim_en_yakin_mahalle_noktasi,4473ae75f66b40d49c75f5fa2444c6db,En yakın temsilî nokta: Blue Mountain Beach (boylam farkı 0.0022°); sonraki aday: Santa Rosa Beach (0.0266°).,hayır
5c81aa00f836f9166348e96a,Seagrade Road - 34,blue-mountain-beach,turetim_en_yakin_mahalle_noktasi,4473ae75f66b40d49c75f5fa2444c6db,En yakın temsilî nokta: Blue Mountain Beach (boylam farkı 0.0045°); sonraki aday: Santa Rosa Beach (0.0289°).,hayır
5c81959ff836f9166348e953,Blue Lake Road - 33,blue-mountain-beach,turetim_en_yakin_mahalle_noktasi,4473ae75f66b40d49c75f5fa2444c6db,En yakın temsilî nokta: Blue Mountain Beach (boylam farkı 0.0066°); sonraki aday: Grayton Beach (0.0274°).,hayır
5c81a8f2f836f9166348e968,Ray’s Multi­‐Mountain - 32,grayton-beach,turetim_en_yakin_mahalle_noktasi,4473ae75f66b40d49c75f5fa2444c6db,En yakın temsilî nokta: Grayton Beach (boylam farkı 0.0003°); sonraki aday: WaterColor (0.0221°).,hayır
6a315b65def75df603062712,"Bets ""Beachmama"" Haynes Regional Beach Access",grayton-beach,resmi_rehber,https://www.visitsouthwalton.com/blog/guide-beach-parking-transportation/ (yayın 2023-05-04),başlık: Grayton Beach; rehberdeki kayıt: beach access at 44 Hotz Ave; eşleşme: adres (rehberde ad yok),hayır
5c819a5af836f9166348e957,Grayton Dunes - 17,grayton-beach,turetim_en_yakin_mahalle_noktasi,4473ae75f66b40d49c75f5fa2444c6db,En yakın temsilî nokta: Grayton Beach (boylam farkı 0.0022°); sonraki aday: WaterColor (0.0195°).,hayır
5c819c45f836f90dc03cccc6,Grayton Dunes (West),grayton-beach,turetim_en_yakin_mahalle_noktasi,4473ae75f66b40d49c75f5fa2444c6db,En yakın temsilî nokta: Grayton Beach (boylam farkı 0.0029°); sonraki aday: WaterColor (0.0188°).,hayır
5c819666f836f9166348e955,Dogwood/Thyme - 29,seaside,turetim_en_yakin_mahalle_noktasi,4473ae75f66b40d49c75f5fa2444c6db,En yakın temsilî nokta: Seaside (boylam farkı 0.0047°); sonraki aday: WaterColor (0.0123°).,hayır
5c81a4e0f836f90dc03cccc9,Hickory - 28,seaside,turetim_en_yakin_mahalle_noktasi,4473ae75f66b40d49c75f5fa2444c6db,En yakın temsilî nokta: Seaside (boylam farkı 0.0057°); sonraki aday: WaterColor (0.0133°).,hayır
5c81a633f836f9166535cb9d,Live Oak - 27,seaside,turetim_en_yakin_mahalle_noktasi,4473ae75f66b40d49c75f5fa2444c6db,En yakın temsilî nokta: Seaside (boylam farkı 0.0064°); sonraki aday: WaterColor (0.0140°).,hayır
5c81a707f836f90dc03ccccf,Nightcap Street - 26,seaside,turetim_en_yakin_mahalle_noktasi,4473ae75f66b40d49c75f5fa2444c6db,En yakın temsilî nokta: Seaside (boylam farkı 0.0072°); sonraki aday: WaterColor (0.0148°).,hayır
5c81a576f836f9166348e95e,Highway 395 - 25,seaside,turetim_en_yakin_mahalle_noktasi,4473ae75f66b40d49c75f5fa2444c6db,En yakın temsilî nokta: Seaside (boylam farkı 0.0075°); sonraki aday: WaterColor (0.0152°).,hayır
5c81a5acf836f90dc03cccca,Holly - 24,seaside,turetim_en_yakin_mahalle_noktasi,4473ae75f66b40d49c75f5fa2444c6db,En yakın temsilî nokta: Seaside (boylam farkı 0.0091°); sonraki aday: WaterColor (0.0167°).,hayır
5c818ba6f836f90dc03cccc2,Azalea/Camellia - 23,seaside,turetim_en_yakin_mahalle_noktasi,4473ae75f66b40d49c75f5fa2444c6db,En yakın temsilî nokta: Seaside (boylam farkı 0.0103°); sonraki aday: WaterColor (0.0179°).,hayır
5c8199eaf836f90dc03cccc5,Gardenia - 22,seaside,turetim_en_yakin_mahalle_noktasi,4473ae75f66b40d49c75f5fa2444c6db,En yakın temsilî nokta: Seaside (boylam farkı 0.0115°); sonraki aday: Seagrove (0.0172°).,hayır
5c81a530f836f9166535cb98,Headland Ave,seaside,turetim_en_yakin_mahalle_noktasi,4473ae75f66b40d49c75f5fa2444c6db,En yakın temsilî nokta: Seaside (boylam farkı 0.0124°); sonraki aday: Seagrove (0.0164°).,hayır
5c81a2e4f836f9166348e959,Greenwood - 21,seaside,turetim_en_yakin_mahalle_noktasi,4473ae75f66b40d49c75f5fa2444c6db,En yakın temsilî nokta: Seaside (boylam farkı 0.0136°); sonraki aday: Seagrove (0.0151°). İki aday arasındaki fark 0.0016° (0.003° altında).,evet
5c818b77f836f9166535cb92,Andalusia - 20,seagrove,turetim_en_yakin_mahalle_noktasi,4473ae75f66b40d49c75f5fa2444c6db,En yakın temsilî nokta: Seagrove (boylam farkı 0.0138°); sonraki aday: Seaside (0.0149°). İki aday arasındaki fark 0.0012° (0.003° altında).,evet
5c8196ccf836f90dc03cccc4,Dothan - 19,seagrove,turetim_en_yakin_mahalle_noktasi,4473ae75f66b40d49c75f5fa2444c6db,En yakın temsilî nokta: Seagrove (boylam farkı 0.0124°); sonraki aday: Seaside (0.0163°).,hayır
5c81a944f836f9166348e969,San Juan - 18,seagrove,turetim_en_yakin_mahalle_noktasi,4473ae75f66b40d49c75f5fa2444c6db,En yakın temsilî nokta: Seagrove (boylam farkı 0.0114°); sonraki aday: Seaside (0.0173°).,hayır
5c8189f0f836f90da711b134,Santa Clara Regional Beach Access - 17,seagrove,resmi_rehber,https://www.visitsouthwalton.com/blog/guide-beach-parking-transportation/ (yayın 2023-05-04),"başlık: Seagrove; rehberdeki kayıt: Santa Clara Beach Access, 3468 E Scenic Hwy 30A; eşleşme: ad + adres",hayır
5c81a817f836f9166535cba1,Pelayo - 16,seagrove,turetim_en_yakin_mahalle_noktasi,4473ae75f66b40d49c75f5fa2444c6db,En yakın temsilî nokta: Seagrove (boylam farkı 0.0083°); sonraki aday: Seaside (0.0205°).,hayır
5c819629f836f9166348e954,Campbell Street - 15,seagrove,turetim_en_yakin_mahalle_noktasi,4473ae75f66b40d49c75f5fa2444c6db,En yakın temsilî nokta: Seagrove (boylam farkı 0.0062°); sonraki aday: Seaside (0.0225°).,hayır
5c818c91f836f9166348e952,Beachwood Villas - 14,seagrove,turetim_en_yakin_mahalle_noktasi,4473ae75f66b40d49c75f5fa2444c6db,En yakın temsilî nokta: Seagrove (boylam farkı 0.0039°); sonraki aday: Seaside (0.0248°).,hayır
6a315ac269745399950aca62,Seagrove Regional Beach Access,seagrove,turetim_en_yakin_mahalle_noktasi,4473ae75f66b40d49c75f5fa2444c6db,En yakın temsilî nokta: Seagrove (boylam farkı 0.0030°); sonraki aday: Seaside (0.0257°).,hayır
5c81a77ef836f9166535cb9f,One Seagrove - 13,seagrove,turetim_en_yakin_mahalle_noktasi,4473ae75f66b40d49c75f5fa2444c6db,En yakın temsilî nokta: Seagrove (boylam farkı 0.0000°); sonraki aday: Seaside (0.0287°).,hayır
5c81a8c7f836f9166535cba2,Ramsgate - 11,seagrove,turetim_en_yakin_mahalle_noktasi,4473ae75f66b40d49c75f5fa2444c6db,En yakın temsilî nokta: Seagrove (boylam farkı 0.0090°); sonraki aday: WaterSound (0.0282°).,hayır
5c81995ff836f9166348e956,Eastern Lake NBA West - 11B,seagrove,turetim_en_yakin_mahalle_noktasi,4473ae75f66b40d49c75f5fa2444c6db,En yakın temsilî nokta: Seagrove (boylam farkı 0.0124°); sonraki aday: WaterSound (0.0248°).,hayır
5c81a895f836f9166348e967,Eastern Lake NBA East - 11A,seagrove,turetim_en_yakin_mahalle_noktasi,4473ae75f66b40d49c75f5fa2444c6db,En yakın temsilî nokta: Seagrove (boylam farkı 0.0131°); sonraki aday: WaterSound (0.0241°).,hayır
5c81abadf836f9166348e96d,Sugar Dunes - 9,seagrove,turetim_en_yakin_mahalle_noktasi,4473ae75f66b40d49c75f5fa2444c6db,En yakın temsilî nokta: Seagrove (boylam farkı 0.0164°); sonraki aday: WaterSound (0.0208°).,hayır
5c81ac29f836f9166535cba4,Walton Dunes - 8,seagrove,resmi_rehber,https://www.visitsouthwalton.com/blog/guide-beach-parking-transportation/ (yayın 2023-05-04),"başlık: Seagrove; rehberdeki kayıt: Walton Dunes, 258 Beachfront Trail; eşleşme: ad + kapı no (sokak yazımı farklı)",hayır
5c81a321f836f9166348e95a,Gulf Lakes Estates - 7,seacrest,turetim_en_yakin_mahalle_noktasi,4473ae75f66b40d49c75f5fa2444c6db,En yakın temsilî nokta: Seacrest (boylam farkı 0.0137°); sonraki aday: WaterSound (0.0176°).,hayır
5c81aa36f836f9166535cba3,Seabreeze - 6,seacrest,turetim_en_yakin_mahalle_noktasi,4473ae75f66b40d49c75f5fa2444c6db,En yakın temsilî nokta: Seacrest (boylam farkı 0.0101°); sonraki aday: WaterSound (0.0212°).,hayır
5c81a9d7f836f90dc03cccd4,Seacrest Dr - 5,seacrest,turetim_en_yakin_mahalle_noktasi,4473ae75f66b40d49c75f5fa2444c6db,En yakın temsilî nokta: Seacrest (boylam farkı 0.0065°); sonraki aday: WaterSound (0.0248°).,hayır
5c81acb0f836f9166348e96f,Winston Lane - 4,inlet-beach,turetim_en_yakin_mahalle_noktasi,4473ae75f66b40d49c75f5fa2444c6db,En yakın temsilî nokta: Inlet Beach (boylam farkı 0.0042°); sonraki aday: Seacrest (0.0281°). Daha yakın Rosemary Beach (0.0039°) atlandı: resmî rehber (2023-05-04) burada halka açık plaj erişimi olmadığını söylüyor.,hayır
5c81abfcf836f9166348e96e,Wall Street - 3,inlet-beach,turetim_en_yakin_mahalle_noktasi,4473ae75f66b40d49c75f5fa2444c6db,En yakın temsilî nokta: Inlet Beach (boylam farkı 0.0001°); sonraki aday: Seacrest (0.0322°).,hayır
5c8188bbf836f90da711b132,"Inlet Beach Regional Access - 2a, 2b, 2c",inlet-beach,resmi_rehber,https://www.visitsouthwalton.com/blog/guide-beach-parking-transportation/ (yayın 2023-05-04),"başlık: Inlet Beach; rehberdeki kayıt: Inlet Regional Beach Access Central, 303 W Park Place Ave; eşleşme: adres + ad kökü",hayır
5c81a841f836f9166348e966,South Walton Lakeshore Dr - 1a,inlet-beach,turetim_en_yakin_mahalle_noktasi,4473ae75f66b40d49c75f5fa2444c6db,En yakın temsilî nokta: Inlet Beach (boylam farkı 0.0082°); sonraki aday: Seacrest (0.0405°).,hayır
5c81a6a2f836f9166348e961,Lupine - 1,inlet-beach,turetim_en_yakin_mahalle_noktasi,4473ae75f66b40d49c75f5fa2444c6db,En yakın temsilî nokta: Inlet Beach (boylam farkı 0.0122°); sonraki aday: Seacrest (0.0445°).,hayır
