id,tur,yol,sayim_noktasi,aciklama,yil,ay,kategori,deger,birim,isaret,etiket,kaynak_adi,kaynak_sahibi,kaynak_url,belge_konumu,belge_tarihi,erisim_tarihi,belge_sha256,guven,durum,yeniden_kontrol_tarihi,sf_ay_ortalamasi,not
fdot-2025-aadt-600141,AADT,US 98,600141,SR 30 (US 98) - 600' E OF SR 83 (US 331),2025,,,37500,araç/gün (iki yön),F,kaynak gerçeği,"FDOT 2025 Annual Average Daily Traffic Report, County 60 Walton",Florida Department of Transportation (Florida Traffic Online),https://tdaappsprod.dot.state.fl.us/fto/reports/622UPD_Combined_AADT_Report_2025/3_60_CAADT.pdf,site 0141,2026-02-19,2026-10-10,083f111a51254e8f3643145bbf4d24ac22da07d41e10561ab6e57d8f759e5e9d,birincil,dogrulandi,2027-04-10,,İşaret C: hesaplanmış (computed); F: ilk yıl tahmini (first year estimate) — raporun kendi açıklaması.
fdot-2025-aadt-600168,AADT,US 98,600168,"SR 30 (US 98) 0.1 MI E OF OKALOOSA C/L, WALTON C",2025,,,48093,araç/gün (iki yön),C,kaynak gerçeği,"FDOT 2025 Annual Average Daily Traffic Report, County 60 Walton",Florida Department of Transportation (Florida Traffic Online),https://tdaappsprod.dot.state.fl.us/fto/reports/622UPD_Combined_AADT_Report_2025/3_60_CAADT.pdf,site 0168,2026-02-19,2026-10-10,083f111a51254e8f3643145bbf4d24ac22da07d41e10561ab6e57d8f759e5e9d,birincil,dogrulandi,2027-04-10,,Sürekli sayım istasyonu (telemetered). İşaret C: hesaplanmış (computed); F: ilk yıl tahmini (first year estimate) — raporun kendi açıklaması.
fdot-2025-aadt-600219,AADT,CR 30A,600219,CR 30A (WEST END) - 825' S OF SR 30 (US 98),2025,,,8300,araç/gün (iki yön),C,kaynak gerçeği,"FDOT 2025 Annual Average Daily Traffic Report, County 60 Walton",Florida Department of Transportation (Florida Traffic Online),https://tdaappsprod.dot.state.fl.us/fto/reports/622UPD_Combined_AADT_Report_2025/3_60_CAADT.pdf,site 0219,2026-02-19,2026-10-10,083f111a51254e8f3643145bbf4d24ac22da07d41e10561ab6e57d8f759e5e9d,birincil,dogrulandi,2027-04-10,,İşaret C: hesaplanmış (computed); F: ilk yıl tahmini (first year estimate) — raporun kendi açıklaması.
fdot-2025-aadt-600220,AADT,CR 30A,600220,CR 30A - 200' W OF CR 393,2025,,,6800,araç/gün (iki yön),C,kaynak gerçeği,"FDOT 2025 Annual Average Daily Traffic Report, County 60 Walton",Florida Department of Transportation (Florida Traffic Online),https://tdaappsprod.dot.state.fl.us/fto/reports/622UPD_Combined_AADT_Report_2025/3_60_CAADT.pdf,site 0220,2026-02-19,2026-10-10,083f111a51254e8f3643145bbf4d24ac22da07d41e10561ab6e57d8f759e5e9d,birincil,dogrulandi,2027-04-10,,İşaret C: hesaplanmış (computed); F: ilk yıl tahmini (first year estimate) — raporun kendi açıklaması.
fdot-2025-aadt-600235,AADT,CR 30A,600235,CR 30A (EAST END) - 800' S OF SR 30 (US 98),2025,,,9700,araç/gün (iki yön),C,kaynak gerçeği,"FDOT 2025 Annual Average Daily Traffic Report, County 60 Walton",Florida Department of Transportation (Florida Traffic Online),https://tdaappsprod.dot.state.fl.us/fto/reports/622UPD_Combined_AADT_Report_2025/3_60_CAADT.pdf,site 0235,2026-02-19,2026-10-10,083f111a51254e8f3643145bbf4d24ac22da07d41e10561ab6e57d8f759e5e9d,birincil,dogrulandi,2027-04-10,,İşaret C: hesaplanmış (computed); F: ilk yıl tahmini (first year estimate) — raporun kendi açıklaması.
fdot-2025-aadt-600252,AADT,US 98,600252,SR 30 (US 98) - 600' E OF CR 30A (WEST END),2025,,,43500,araç/gün (iki yön),C,kaynak gerçeği,"FDOT 2025 Annual Average Daily Traffic Report, County 60 Walton",Florida Department of Transportation (Florida Traffic Online),https://tdaappsprod.dot.state.fl.us/fto/reports/622UPD_Combined_AADT_Report_2025/3_60_CAADT.pdf,site 0252,2026-02-19,2026-10-10,083f111a51254e8f3643145bbf4d24ac22da07d41e10561ab6e57d8f759e5e9d,birincil,dogrulandi,2027-04-10,,İşaret C: hesaplanmış (computed); F: ilk yıl tahmini (first year estimate) — raporun kendi açıklaması.
fdot-2025-aadt-600253,AADT,US 98,600253,SR 30 (US 98) - 0.280 MILE W OF SAN DESTIN BLVD,2025,,,56500,araç/gün (iki yön),C,kaynak gerçeği,"FDOT 2025 Annual Average Daily Traffic Report, County 60 Walton",Florida Department of Transportation (Florida Traffic Online),https://tdaappsprod.dot.state.fl.us/fto/reports/622UPD_Combined_AADT_Report_2025/3_60_CAADT.pdf,site 0253,2026-02-19,2026-10-10,083f111a51254e8f3643145bbf4d24ac22da07d41e10561ab6e57d8f759e5e9d,birincil,dogrulandi,2027-04-10,,İşaret C: hesaplanmış (computed); F: ilk yıl tahmini (first year estimate) — raporun kendi açıklaması.
fdot-2025-aadt-600257,AADT,US 98,600257,SR 30 (US 98) - 1000' W OF CR 30A (WEST END),2025,,,50000,araç/gün (iki yön),C,kaynak gerçeği,"FDOT 2025 Annual Average Daily Traffic Report, County 60 Walton",Florida Department of Transportation (Florida Traffic Online),https://tdaappsprod.dot.state.fl.us/fto/reports/622UPD_Combined_AADT_Report_2025/3_60_CAADT.pdf,site 0257,2026-02-19,2026-10-10,083f111a51254e8f3643145bbf4d24ac22da07d41e10561ab6e57d8f759e5e9d,birincil,dogrulandi,2027-04-10,,İşaret C: hesaplanmış (computed); F: ilk yıl tahmini (first year estimate) — raporun kendi açıklaması.
fdot-2025-aadt-600258,AADT,CR 30A,600258,CR 30A - 200' E OF CR 393,2025,,,7900,araç/gün (iki yön),C,kaynak gerçeği,"FDOT 2025 Annual Average Daily Traffic Report, County 60 Walton",Florida Department of Transportation (Florida Traffic Online),https://tdaappsprod.dot.state.fl.us/fto/reports/622UPD_Combined_AADT_Report_2025/3_60_CAADT.pdf,site 0258,2026-02-19,2026-10-10,083f111a51254e8f3643145bbf4d24ac22da07d41e10561ab6e57d8f759e5e9d,birincil,dogrulandi,2027-04-10,,İşaret C: hesaplanmış (computed); F: ilk yıl tahmini (first year estimate) — raporun kendi açıklaması.
fdot-2025-aadt-600259,AADT,US 98,600259,US 98 - 500' W OF 1ST GRANDE BLVD ENT (E OF BAYT,2025,,,50500,araç/gün (iki yön),C,kaynak gerçeği,"FDOT 2025 Annual Average Daily Traffic Report, County 60 Walton",Florida Department of Transportation (Florida Traffic Online),https://tdaappsprod.dot.state.fl.us/fto/reports/622UPD_Combined_AADT_Report_2025/3_60_CAADT.pdf,site 0259,2026-02-19,2026-10-10,083f111a51254e8f3643145bbf4d24ac22da07d41e10561ab6e57d8f759e5e9d,birincil,dogrulandi,2027-04-10,,İşaret C: hesaplanmış (computed); F: ilk yıl tahmini (first year estimate) — raporun kendi açıklaması.
fdot-2025-aadt-600261,AADT,US 98,600261,SR 30 (US 98) - 825' E OF CR 393,2025,,,41500,araç/gün (iki yön),C,kaynak gerçeği,"FDOT 2025 Annual Average Daily Traffic Report, County 60 Walton",Florida Department of Transportation (Florida Traffic Online),https://tdaappsprod.dot.state.fl.us/fto/reports/622UPD_Combined_AADT_Report_2025/3_60_CAADT.pdf,site 0261,2026-02-19,2026-10-10,083f111a51254e8f3643145bbf4d24ac22da07d41e10561ab6e57d8f759e5e9d,birincil,dogrulandi,2027-04-10,,İşaret C: hesaplanmış (computed); F: ilk yıl tahmini (first year estimate) — raporun kendi açıklaması.
fdot-2025-aadt-600263,AADT,CR 30A,600263,CR 30A - 350' W OF CR 283,2025,,,6200,araç/gün (iki yön),C,kaynak gerçeği,"FDOT 2025 Annual Average Daily Traffic Report, County 60 Walton",Florida Department of Transportation (Florida Traffic Online),https://tdaappsprod.dot.state.fl.us/fto/reports/622UPD_Combined_AADT_Report_2025/3_60_CAADT.pdf,site 0263,2026-02-19,2026-10-10,083f111a51254e8f3643145bbf4d24ac22da07d41e10561ab6e57d8f759e5e9d,birincil,dogrulandi,2027-04-10,,İşaret C: hesaplanmış (computed); F: ilk yıl tahmini (first year estimate) — raporun kendi açıklaması.
fdot-2025-aadt-600265,AADT,US 98,600265,SR 30 (US 98) - 725' E OF CR 283 (BAY DRIVE),2025,,,35000,araç/gün (iki yön),C,kaynak gerçeği,"FDOT 2025 Annual Average Daily Traffic Report, County 60 Walton",Florida Department of Transportation (Florida Traffic Online),https://tdaappsprod.dot.state.fl.us/fto/reports/622UPD_Combined_AADT_Report_2025/3_60_CAADT.pdf,site 0265,2026-02-19,2026-10-10,083f111a51254e8f3643145bbf4d24ac22da07d41e10561ab6e57d8f759e5e9d,birincil,dogrulandi,2027-04-10,,İşaret C: hesaplanmış (computed); F: ilk yıl tahmini (first year estimate) — raporun kendi açıklaması.
fdot-2025-aadt-600267,AADT,CR 30A,600267,CR 30A - 400' W OF CR 395,2025,,,7600,araç/gün (iki yön),C,kaynak gerçeği,"FDOT 2025 Annual Average Daily Traffic Report, County 60 Walton",Florida Department of Transportation (Florida Traffic Online),https://tdaappsprod.dot.state.fl.us/fto/reports/622UPD_Combined_AADT_Report_2025/3_60_CAADT.pdf,site 0267,2026-02-19,2026-10-10,083f111a51254e8f3643145bbf4d24ac22da07d41e10561ab6e57d8f759e5e9d,birincil,dogrulandi,2027-04-10,,İşaret C: hesaplanmış (computed); F: ilk yıl tahmini (first year estimate) — raporun kendi açıklaması.
fdot-2025-aadt-600268,AADT,CR 30A,600268,CR 30A - 350' E OF CR 395,2025,,,14000,araç/gün (iki yön),C,kaynak gerçeği,"FDOT 2025 Annual Average Daily Traffic Report, County 60 Walton",Florida Department of Transportation (Florida Traffic Online),https://tdaappsprod.dot.state.fl.us/fto/reports/622UPD_Combined_AADT_Report_2025/3_60_CAADT.pdf,site 0268,2026-02-19,2026-10-10,083f111a51254e8f3643145bbf4d24ac22da07d41e10561ab6e57d8f759e5e9d,birincil,dogrulandi,2027-04-10,,İşaret C: hesaplanmış (computed); F: ilk yıl tahmini (first year estimate) — raporun kendi açıklaması.
fdot-2025-aadt-600270,AADT,US 98,600270,SR 30 (US 98) - 600' W OF CR 30A (EAST END),2025,,,30000,araç/gün (iki yön),C,kaynak gerçeği,"FDOT 2025 Annual Average Daily Traffic Report, County 60 Walton",Florida Department of Transportation (Florida Traffic Online),https://tdaappsprod.dot.state.fl.us/fto/reports/622UPD_Combined_AADT_Report_2025/3_60_CAADT.pdf,site 0270,2026-02-19,2026-10-10,083f111a51254e8f3643145bbf4d24ac22da07d41e10561ab6e57d8f759e5e9d,birincil,dogrulandi,2027-04-10,,İşaret C: hesaplanmış (computed); F: ilk yıl tahmini (first year estimate) — raporun kendi açıklaması.
fdot-2025-sf-6000-01,"mevsim faktörü (aylık, türetilmiş)",,,FDOT kategori 6000 COUNTYWIDE,2025,1,6000 COUNTYWIDE,0.865,trafik / yıllık ortalama (oran),,bizim hesabımız,"FDOT 2025 Peak Season Factor Category Report, Walton County categories",Florida Department of Transportation (Florida Traffic Online),https://tdaappsprod.dot.state.fl.us/fto/reports/Concatenated_PeakSeason_2025/60_PKSEASON.pdf,CATEGORY 6000,2026-02-09,2026-10-10,3e3b67413cf6eefde8437ba9f5c03780dda7fc59f6ca5348b2e4a370ec84975d,birincil,dogrulandi,2027-04-10,1.156,"Oran = 1 / SF; SF, FDOT haftalık mevsim faktörlerinin gün ağırlıklı ay ortalamasıdır. FDOT aylık faktör yayımlamıyor; bu raporda sayım noktalarının hangi kategoriye bağlı olduğu yazmıyor."
fdot-2025-sf-6000-02,"mevsim faktörü (aylık, türetilmiş)",,,FDOT kategori 6000 COUNTYWIDE,2025,2,6000 COUNTYWIDE,0.984,trafik / yıllık ortalama (oran),,bizim hesabımız,"FDOT 2025 Peak Season Factor Category Report, Walton County categories",Florida Department of Transportation (Florida Traffic Online),https://tdaappsprod.dot.state.fl.us/fto/reports/Concatenated_PeakSeason_2025/60_PKSEASON.pdf,CATEGORY 6000,2026-02-09,2026-10-10,3e3b67413cf6eefde8437ba9f5c03780dda7fc59f6ca5348b2e4a370ec84975d,birincil,dogrulandi,2027-04-10,1.016,"Oran = 1 / SF; SF, FDOT haftalık mevsim faktörlerinin gün ağırlıklı ay ortalamasıdır. FDOT aylık faktör yayımlamıyor; bu raporda sayım noktalarının hangi kategoriye bağlı olduğu yazmıyor."
fdot-2025-sf-6000-03,"mevsim faktörü (aylık, türetilmiş)",,,FDOT kategori 6000 COUNTYWIDE,2025,3,6000 COUNTYWIDE,1.019,trafik / yıllık ortalama (oran),,bizim hesabımız,"FDOT 2025 Peak Season Factor Category Report, Walton County categories",Florida Department of Transportation (Florida Traffic Online),https://tdaappsprod.dot.state.fl.us/fto/reports/Concatenated_PeakSeason_2025/60_PKSEASON.pdf,CATEGORY 6000,2026-02-09,2026-10-10,3e3b67413cf6eefde8437ba9f5c03780dda7fc59f6ca5348b2e4a370ec84975d,birincil,dogrulandi,2027-04-10,0.982,"Oran = 1 / SF; SF, FDOT haftalık mevsim faktörlerinin gün ağırlıklı ay ortalamasıdır. FDOT aylık faktör yayımlamıyor; bu raporda sayım noktalarının hangi kategoriye bağlı olduğu yazmıyor."
fdot-2025-sf-6000-04,"mevsim faktörü (aylık, türetilmiş)",,,FDOT kategori 6000 COUNTYWIDE,2025,4,6000 COUNTYWIDE,1.057,trafik / yıllık ortalama (oran),,bizim hesabımız,"FDOT 2025 Peak Season Factor Category Report, Walton County categories",Florida Department of Transportation (Florida Traffic Online),https://tdaappsprod.dot.state.fl.us/fto/reports/Concatenated_PeakSeason_2025/60_PKSEASON.pdf,CATEGORY 6000,2026-02-09,2026-10-10,3e3b67413cf6eefde8437ba9f5c03780dda7fc59f6ca5348b2e4a370ec84975d,birincil,dogrulandi,2027-04-10,0.946,"Oran = 1 / SF; SF, FDOT haftalık mevsim faktörlerinin gün ağırlıklı ay ortalamasıdır. FDOT aylık faktör yayımlamıyor; bu raporda sayım noktalarının hangi kategoriye bağlı olduğu yazmıyor."
fdot-2025-sf-6000-05,"mevsim faktörü (aylık, türetilmiş)",,,FDOT kategori 6000 COUNTYWIDE,2025,5,6000 COUNTYWIDE,1.074,trafik / yıllık ortalama (oran),,bizim hesabımız,"FDOT 2025 Peak Season Factor Category Report, Walton County categories",Florida Department of Transportation (Florida Traffic Online),https://tdaappsprod.dot.state.fl.us/fto/reports/Concatenated_PeakSeason_2025/60_PKSEASON.pdf,CATEGORY 6000,2026-02-09,2026-10-10,3e3b67413cf6eefde8437ba9f5c03780dda7fc59f6ca5348b2e4a370ec84975d,birincil,dogrulandi,2027-04-10,0.931,"Oran = 1 / SF; SF, FDOT haftalık mevsim faktörlerinin gün ağırlıklı ay ortalamasıdır. FDOT aylık faktör yayımlamıyor; bu raporda sayım noktalarının hangi kategoriye bağlı olduğu yazmıyor."
fdot-2025-sf-6000-06,"mevsim faktörü (aylık, türetilmiş)",,,FDOT kategori 6000 COUNTYWIDE,2025,6,6000 COUNTYWIDE,1.073,trafik / yıllık ortalama (oran),,bizim hesabımız,"FDOT 2025 Peak Season Factor Category Report, Walton County categories",Florida Department of Transportation (Florida Traffic Online),https://tdaappsprod.dot.state.fl.us/fto/reports/Concatenated_PeakSeason_2025/60_PKSEASON.pdf,CATEGORY 6000,2026-02-09,2026-10-10,3e3b67413cf6eefde8437ba9f5c03780dda7fc59f6ca5348b2e4a370ec84975d,birincil,dogrulandi,2027-04-10,0.932,"Oran = 1 / SF; SF, FDOT haftalık mevsim faktörlerinin gün ağırlıklı ay ortalamasıdır. FDOT aylık faktör yayımlamıyor; bu raporda sayım noktalarının hangi kategoriye bağlı olduğu yazmıyor."
fdot-2025-sf-6000-07,"mevsim faktörü (aylık, türetilmiş)",,,FDOT kategori 6000 COUNTYWIDE,2025,7,6000 COUNTYWIDE,1.067,trafik / yıllık ortalama (oran),,bizim hesabımız,"FDOT 2025 Peak Season Factor Category Report, Walton County categories",Florida Department of Transportation (Florida Traffic Online),https://tdaappsprod.dot.state.fl.us/fto/reports/Concatenated_PeakSeason_2025/60_PKSEASON.pdf,CATEGORY 6000,2026-02-09,2026-10-10,3e3b67413cf6eefde8437ba9f5c03780dda7fc59f6ca5348b2e4a370ec84975d,birincil,dogrulandi,2027-04-10,0.937,"Oran = 1 / SF; SF, FDOT haftalık mevsim faktörlerinin gün ağırlıklı ay ortalamasıdır. FDOT aylık faktör yayımlamıyor; bu raporda sayım noktalarının hangi kategoriye bağlı olduğu yazmıyor."
fdot-2025-sf-6000-08,"mevsim faktörü (aylık, türetilmiş)",,,FDOT kategori 6000 COUNTYWIDE,2025,8,6000 COUNTYWIDE,1.014,trafik / yıllık ortalama (oran),,bizim hesabımız,"FDOT 2025 Peak Season Factor Category Report, Walton County categories",Florida Department of Transportation (Florida Traffic Online),https://tdaappsprod.dot.state.fl.us/fto/reports/Concatenated_PeakSeason_2025/60_PKSEASON.pdf,CATEGORY 6000,2026-02-09,2026-10-10,3e3b67413cf6eefde8437ba9f5c03780dda7fc59f6ca5348b2e4a370ec84975d,birincil,dogrulandi,2027-04-10,0.986,"Oran = 1 / SF; SF, FDOT haftalık mevsim faktörlerinin gün ağırlıklı ay ortalamasıdır. FDOT aylık faktör yayımlamıyor; bu raporda sayım noktalarının hangi kategoriye bağlı olduğu yazmıyor."
fdot-2025-sf-6000-09,"mevsim faktörü (aylık, türetilmiş)",,,FDOT kategori 6000 COUNTYWIDE,2025,9,6000 COUNTYWIDE,0.994,trafik / yıllık ortalama (oran),,bizim hesabımız,"FDOT 2025 Peak Season Factor Category Report, Walton County categories",Florida Department of Transportation (Florida Traffic Online),https://tdaappsprod.dot.state.fl.us/fto/reports/Concatenated_PeakSeason_2025/60_PKSEASON.pdf,CATEGORY 6000,2026-02-09,2026-10-10,3e3b67413cf6eefde8437ba9f5c03780dda7fc59f6ca5348b2e4a370ec84975d,birincil,dogrulandi,2027-04-10,1.006,"Oran = 1 / SF; SF, FDOT haftalık mevsim faktörlerinin gün ağırlıklı ay ortalamasıdır. FDOT aylık faktör yayımlamıyor; bu raporda sayım noktalarının hangi kategoriye bağlı olduğu yazmıyor."
fdot-2025-sf-6000-10,"mevsim faktörü (aylık, türetilmiş)",,,FDOT kategori 6000 COUNTYWIDE,2025,10,6000 COUNTYWIDE,0.972,trafik / yıllık ortalama (oran),,bizim hesabımız,"FDOT 2025 Peak Season Factor Category Report, Walton County categories",Florida Department of Transportation (Florida Traffic Online),https://tdaappsprod.dot.state.fl.us/fto/reports/Concatenated_PeakSeason_2025/60_PKSEASON.pdf,CATEGORY 6000,2026-02-09,2026-10-10,3e3b67413cf6eefde8437ba9f5c03780dda7fc59f6ca5348b2e4a370ec84975d,birincil,dogrulandi,2027-04-10,1.029,"Oran = 1 / SF; SF, FDOT haftalık mevsim faktörlerinin gün ağırlıklı ay ortalamasıdır. FDOT aylık faktör yayımlamıyor; bu raporda sayım noktalarının hangi kategoriye bağlı olduğu yazmıyor."
fdot-2025-sf-6000-11,"mevsim faktörü (aylık, türetilmiş)",,,FDOT kategori 6000 COUNTYWIDE,2025,11,6000 COUNTYWIDE,0.905,trafik / yıllık ortalama (oran),,bizim hesabımız,"FDOT 2025 Peak Season Factor Category Report, Walton County categories",Florida Department of Transportation (Florida Traffic Online),https://tdaappsprod.dot.state.fl.us/fto/reports/Concatenated_PeakSeason_2025/60_PKSEASON.pdf,CATEGORY 6000,2026-02-09,2026-10-10,3e3b67413cf6eefde8437ba9f5c03780dda7fc59f6ca5348b2e4a370ec84975d,birincil,dogrulandi,2027-04-10,1.105,"Oran = 1 / SF; SF, FDOT haftalık mevsim faktörlerinin gün ağırlıklı ay ortalamasıdır. FDOT aylık faktör yayımlamıyor; bu raporda sayım noktalarının hangi kategoriye bağlı olduğu yazmıyor."
fdot-2025-sf-6000-12,"mevsim faktörü (aylık, türetilmiş)",,,FDOT kategori 6000 COUNTYWIDE,2025,12,6000 COUNTYWIDE,0.859,trafik / yıllık ortalama (oran),,bizim hesabımız,"FDOT 2025 Peak Season Factor Category Report, Walton County categories",Florida Department of Transportation (Florida Traffic Online),https://tdaappsprod.dot.state.fl.us/fto/reports/Concatenated_PeakSeason_2025/60_PKSEASON.pdf,CATEGORY 6000,2026-02-09,2026-10-10,3e3b67413cf6eefde8437ba9f5c03780dda7fc59f6ca5348b2e4a370ec84975d,birincil,dogrulandi,2027-04-10,1.165,"Oran = 1 / SF; SF, FDOT haftalık mevsim faktörlerinin gün ağırlıklı ay ortalamasıdır. FDOT aylık faktör yayımlamıyor; bu raporda sayım noktalarının hangi kategoriye bağlı olduğu yazmıyor."
fdot-2025-sf-6000-yogun,yoğun sezon haftaları,,,FDOT kategori 6000 COUNTYWIDE,2025,,6000 COUNTYWIDE,2025-04-27 – 2025-07-26,tarih aralığı,,kaynak gerçeği,"FDOT 2025 Peak Season Factor Category Report, Walton County categories",Florida Department of Transportation (Florida Traffic Online),https://tdaappsprod.dot.state.fl.us/fto/reports/Concatenated_PeakSeason_2025/60_PKSEASON.pdf,CATEGORY 6000,2026-02-09,2026-10-10,3e3b67413cf6eefde8437ba9f5c03780dda7fc59f6ca5348b2e4a370ec84975d,birincil,dogrulandi,2027-04-10,,Raporda * ile işaretli 'peak season' haftaları (13 hafta).
fdot-2025-sf-6001-01,"mevsim faktörü (aylık, türetilmiş)",,,"FDOT kategori 6001 WALTON, RECREATIONAL",2025,1,"6001 WALTON, RECREATIONAL",0.82,trafik / yıllık ortalama (oran),,bizim hesabımız,"FDOT 2025 Peak Season Factor Category Report, Walton County categories",Florida Department of Transportation (Florida Traffic Online),https://tdaappsprod.dot.state.fl.us/fto/reports/Concatenated_PeakSeason_2025/60_PKSEASON.pdf,CATEGORY 6001,2026-02-09,2026-10-10,3e3b67413cf6eefde8437ba9f5c03780dda7fc59f6ca5348b2e4a370ec84975d,birincil,dogrulandi,2027-04-10,1.22,"Oran = 1 / SF; SF, FDOT haftalık mevsim faktörlerinin gün ağırlıklı ay ortalamasıdır. FDOT aylık faktör yayımlamıyor; bu raporda sayım noktalarının hangi kategoriye bağlı olduğu yazmıyor."
fdot-2025-sf-6001-02,"mevsim faktörü (aylık, türetilmiş)",,,"FDOT kategori 6001 WALTON, RECREATIONAL",2025,2,"6001 WALTON, RECREATIONAL",0.947,trafik / yıllık ortalama (oran),,bizim hesabımız,"FDOT 2025 Peak Season Factor Category Report, Walton County categories",Florida Department of Transportation (Florida Traffic Online),https://tdaappsprod.dot.state.fl.us/fto/reports/Concatenated_PeakSeason_2025/60_PKSEASON.pdf,CATEGORY 6001,2026-02-09,2026-10-10,3e3b67413cf6eefde8437ba9f5c03780dda7fc59f6ca5348b2e4a370ec84975d,birincil,dogrulandi,2027-04-10,1.056,"Oran = 1 / SF; SF, FDOT haftalık mevsim faktörlerinin gün ağırlıklı ay ortalamasıdır. FDOT aylık faktör yayımlamıyor; bu raporda sayım noktalarının hangi kategoriye bağlı olduğu yazmıyor."
fdot-2025-sf-6001-03,"mevsim faktörü (aylık, türetilmiş)",,,"FDOT kategori 6001 WALTON, RECREATIONAL",2025,3,"6001 WALTON, RECREATIONAL",1.076,trafik / yıllık ortalama (oran),,bizim hesabımız,"FDOT 2025 Peak Season Factor Category Report, Walton County categories",Florida Department of Transportation (Florida Traffic Online),https://tdaappsprod.dot.state.fl.us/fto/reports/Concatenated_PeakSeason_2025/60_PKSEASON.pdf,CATEGORY 6001,2026-02-09,2026-10-10,3e3b67413cf6eefde8437ba9f5c03780dda7fc59f6ca5348b2e4a370ec84975d,birincil,dogrulandi,2027-04-10,0.93,"Oran = 1 / SF; SF, FDOT haftalık mevsim faktörlerinin gün ağırlıklı ay ortalamasıdır. FDOT aylık faktör yayımlamıyor; bu raporda sayım noktalarının hangi kategoriye bağlı olduğu yazmıyor."
fdot-2025-sf-6001-04,"mevsim faktörü (aylık, türetilmiş)",,,"FDOT kategori 6001 WALTON, RECREATIONAL",2025,4,"6001 WALTON, RECREATIONAL",1.142,trafik / yıllık ortalama (oran),,bizim hesabımız,"FDOT 2025 Peak Season Factor Category Report, Walton County categories",Florida Department of Transportation (Florida Traffic Online),https://tdaappsprod.dot.state.fl.us/fto/reports/Concatenated_PeakSeason_2025/60_PKSEASON.pdf,CATEGORY 6001,2026-02-09,2026-10-10,3e3b67413cf6eefde8437ba9f5c03780dda7fc59f6ca5348b2e4a370ec84975d,birincil,dogrulandi,2027-04-10,0.876,"Oran = 1 / SF; SF, FDOT haftalık mevsim faktörlerinin gün ağırlıklı ay ortalamasıdır. FDOT aylık faktör yayımlamıyor; bu raporda sayım noktalarının hangi kategoriye bağlı olduğu yazmıyor."
fdot-2025-sf-6001-05,"mevsim faktörü (aylık, türetilmiş)",,,"FDOT kategori 6001 WALTON, RECREATIONAL",2025,5,"6001 WALTON, RECREATIONAL",1.161,trafik / yıllık ortalama (oran),,bizim hesabımız,"FDOT 2025 Peak Season Factor Category Report, Walton County categories",Florida Department of Transportation (Florida Traffic Online),https://tdaappsprod.dot.state.fl.us/fto/reports/Concatenated_PeakSeason_2025/60_PKSEASON.pdf,CATEGORY 6001,2026-02-09,2026-10-10,3e3b67413cf6eefde8437ba9f5c03780dda7fc59f6ca5348b2e4a370ec84975d,birincil,dogrulandi,2027-04-10,0.861,"Oran = 1 / SF; SF, FDOT haftalık mevsim faktörlerinin gün ağırlıklı ay ortalamasıdır. FDOT aylık faktör yayımlamıyor; bu raporda sayım noktalarının hangi kategoriye bağlı olduğu yazmıyor."
fdot-2025-sf-6001-06,"mevsim faktörü (aylık, türetilmiş)",,,"FDOT kategori 6001 WALTON, RECREATIONAL",2025,6,"6001 WALTON, RECREATIONAL",1.176,trafik / yıllık ortalama (oran),,bizim hesabımız,"FDOT 2025 Peak Season Factor Category Report, Walton County categories",Florida Department of Transportation (Florida Traffic Online),https://tdaappsprod.dot.state.fl.us/fto/reports/Concatenated_PeakSeason_2025/60_PKSEASON.pdf,CATEGORY 6001,2026-02-09,2026-10-10,3e3b67413cf6eefde8437ba9f5c03780dda7fc59f6ca5348b2e4a370ec84975d,birincil,dogrulandi,2027-04-10,0.85,"Oran = 1 / SF; SF, FDOT haftalık mevsim faktörlerinin gün ağırlıklı ay ortalamasıdır. FDOT aylık faktör yayımlamıyor; bu raporda sayım noktalarının hangi kategoriye bağlı olduğu yazmıyor."
fdot-2025-sf-6001-07,"mevsim faktörü (aylık, türetilmiş)",,,"FDOT kategori 6001 WALTON, RECREATIONAL",2025,7,"6001 WALTON, RECREATIONAL",1.146,trafik / yıllık ortalama (oran),,bizim hesabımız,"FDOT 2025 Peak Season Factor Category Report, Walton County categories",Florida Department of Transportation (Florida Traffic Online),https://tdaappsprod.dot.state.fl.us/fto/reports/Concatenated_PeakSeason_2025/60_PKSEASON.pdf,CATEGORY 6001,2026-02-09,2026-10-10,3e3b67413cf6eefde8437ba9f5c03780dda7fc59f6ca5348b2e4a370ec84975d,birincil,dogrulandi,2027-04-10,0.873,"Oran = 1 / SF; SF, FDOT haftalık mevsim faktörlerinin gün ağırlıklı ay ortalamasıdır. FDOT aylık faktör yayımlamıyor; bu raporda sayım noktalarının hangi kategoriye bağlı olduğu yazmıyor."
fdot-2025-sf-6001-08,"mevsim faktörü (aylık, türetilmiş)",,,"FDOT kategori 6001 WALTON, RECREATIONAL",2025,8,"6001 WALTON, RECREATIONAL",0.96,trafik / yıllık ortalama (oran),,bizim hesabımız,"FDOT 2025 Peak Season Factor Category Report, Walton County categories",Florida Department of Transportation (Florida Traffic Online),https://tdaappsprod.dot.state.fl.us/fto/reports/Concatenated_PeakSeason_2025/60_PKSEASON.pdf,CATEGORY 6001,2026-02-09,2026-10-10,3e3b67413cf6eefde8437ba9f5c03780dda7fc59f6ca5348b2e4a370ec84975d,birincil,dogrulandi,2027-04-10,1.042,"Oran = 1 / SF; SF, FDOT haftalık mevsim faktörlerinin gün ağırlıklı ay ortalamasıdır. FDOT aylık faktör yayımlamıyor; bu raporda sayım noktalarının hangi kategoriye bağlı olduğu yazmıyor."
fdot-2025-sf-6001-09,"mevsim faktörü (aylık, türetilmiş)",,,"FDOT kategori 6001 WALTON, RECREATIONAL",2025,9,"6001 WALTON, RECREATIONAL",0.939,trafik / yıllık ortalama (oran),,bizim hesabımız,"FDOT 2025 Peak Season Factor Category Report, Walton County categories",Florida Department of Transportation (Florida Traffic Online),https://tdaappsprod.dot.state.fl.us/fto/reports/Concatenated_PeakSeason_2025/60_PKSEASON.pdf,CATEGORY 6001,2026-02-09,2026-10-10,3e3b67413cf6eefde8437ba9f5c03780dda7fc59f6ca5348b2e4a370ec84975d,birincil,dogrulandi,2027-04-10,1.065,"Oran = 1 / SF; SF, FDOT haftalık mevsim faktörlerinin gün ağırlıklı ay ortalamasıdır. FDOT aylık faktör yayımlamıyor; bu raporda sayım noktalarının hangi kategoriye bağlı olduğu yazmıyor."
fdot-2025-sf-6001-10,"mevsim faktörü (aylık, türetilmiş)",,,"FDOT kategori 6001 WALTON, RECREATIONAL",2025,10,"6001 WALTON, RECREATIONAL",0.901,trafik / yıllık ortalama (oran),,bizim hesabımız,"FDOT 2025 Peak Season Factor Category Report, Walton County categories",Florida Department of Transportation (Florida Traffic Online),https://tdaappsprod.dot.state.fl.us/fto/reports/Concatenated_PeakSeason_2025/60_PKSEASON.pdf,CATEGORY 6001,2026-02-09,2026-10-10,3e3b67413cf6eefde8437ba9f5c03780dda7fc59f6ca5348b2e4a370ec84975d,birincil,dogrulandi,2027-04-10,1.109,"Oran = 1 / SF; SF, FDOT haftalık mevsim faktörlerinin gün ağırlıklı ay ortalamasıdır. FDOT aylık faktör yayımlamıyor; bu raporda sayım noktalarının hangi kategoriye bağlı olduğu yazmıyor."
fdot-2025-sf-6001-11,"mevsim faktörü (aylık, türetilmiş)",,,"FDOT kategori 6001 WALTON, RECREATIONAL",2025,11,"6001 WALTON, RECREATIONAL",0.873,trafik / yıllık ortalama (oran),,bizim hesabımız,"FDOT 2025 Peak Season Factor Category Report, Walton County categories",Florida Department of Transportation (Florida Traffic Online),https://tdaappsprod.dot.state.fl.us/fto/reports/Concatenated_PeakSeason_2025/60_PKSEASON.pdf,CATEGORY 6001,2026-02-09,2026-10-10,3e3b67413cf6eefde8437ba9f5c03780dda7fc59f6ca5348b2e4a370ec84975d,birincil,dogrulandi,2027-04-10,1.145,"Oran = 1 / SF; SF, FDOT haftalık mevsim faktörlerinin gün ağırlıklı ay ortalamasıdır. FDOT aylık faktör yayımlamıyor; bu raporda sayım noktalarının hangi kategoriye bağlı olduğu yazmıyor."
fdot-2025-sf-6001-12,"mevsim faktörü (aylık, türetilmiş)",,,"FDOT kategori 6001 WALTON, RECREATIONAL",2025,12,"6001 WALTON, RECREATIONAL",0.821,trafik / yıllık ortalama (oran),,bizim hesabımız,"FDOT 2025 Peak Season Factor Category Report, Walton County categories",Florida Department of Transportation (Florida Traffic Online),https://tdaappsprod.dot.state.fl.us/fto/reports/Concatenated_PeakSeason_2025/60_PKSEASON.pdf,CATEGORY 6001,2026-02-09,2026-10-10,3e3b67413cf6eefde8437ba9f5c03780dda7fc59f6ca5348b2e4a370ec84975d,birincil,dogrulandi,2027-04-10,1.217,"Oran = 1 / SF; SF, FDOT haftalık mevsim faktörlerinin gün ağırlıklı ay ortalamasıdır. FDOT aylık faktör yayımlamıyor; bu raporda sayım noktalarının hangi kategoriye bağlı olduğu yazmıyor."
fdot-2025-sf-6001-yogun,yoğun sezon haftaları,,,"FDOT kategori 6001 WALTON, RECREATIONAL",2025,,"6001 WALTON, RECREATIONAL",2025-04-20 – 2025-07-19,tarih aralığı,,kaynak gerçeği,"FDOT 2025 Peak Season Factor Category Report, Walton County categories",Florida Department of Transportation (Florida Traffic Online),https://tdaappsprod.dot.state.fl.us/fto/reports/Concatenated_PeakSeason_2025/60_PKSEASON.pdf,CATEGORY 6001,2026-02-09,2026-10-10,3e3b67413cf6eefde8437ba9f5c03780dda7fc59f6ca5348b2e4a370ec84975d,birincil,dogrulandi,2027-04-10,,Raporda * ile işaretli 'peak season' haftaları (13 hafta).
fdot-2025-sf-6010-01,"mevsim faktörü (aylık, türetilmiş)",,,FDOT kategori 6010 WALTON I10,2025,1,6010 WALTON I10,0.915,trafik / yıllık ortalama (oran),,bizim hesabımız,"FDOT 2025 Peak Season Factor Category Report, Walton County categories",Florida Department of Transportation (Florida Traffic Online),https://tdaappsprod.dot.state.fl.us/fto/reports/Concatenated_PeakSeason_2025/60_PKSEASON.pdf,CATEGORY 6010,2026-02-09,2026-10-10,3e3b67413cf6eefde8437ba9f5c03780dda7fc59f6ca5348b2e4a370ec84975d,birincil,dogrulandi,2027-04-10,1.093,"Oran = 1 / SF; SF, FDOT haftalık mevsim faktörlerinin gün ağırlıklı ay ortalamasıdır. FDOT aylık faktör yayımlamıyor; bu raporda sayım noktalarının hangi kategoriye bağlı olduğu yazmıyor."
fdot-2025-sf-6010-02,"mevsim faktörü (aylık, türetilmiş)",,,FDOT kategori 6010 WALTON I10,2025,2,6010 WALTON I10,0.945,trafik / yıllık ortalama (oran),,bizim hesabımız,"FDOT 2025 Peak Season Factor Category Report, Walton County categories",Florida Department of Transportation (Florida Traffic Online),https://tdaappsprod.dot.state.fl.us/fto/reports/Concatenated_PeakSeason_2025/60_PKSEASON.pdf,CATEGORY 6010,2026-02-09,2026-10-10,3e3b67413cf6eefde8437ba9f5c03780dda7fc59f6ca5348b2e4a370ec84975d,birincil,dogrulandi,2027-04-10,1.058,"Oran = 1 / SF; SF, FDOT haftalık mevsim faktörlerinin gün ağırlıklı ay ortalamasıdır. FDOT aylık faktör yayımlamıyor; bu raporda sayım noktalarının hangi kategoriye bağlı olduğu yazmıyor."
fdot-2025-sf-6010-03,"mevsim faktörü (aylık, türetilmiş)",,,FDOT kategori 6010 WALTON I10,2025,3,6010 WALTON I10,1.029,trafik / yıllık ortalama (oran),,bizim hesabımız,"FDOT 2025 Peak Season Factor Category Report, Walton County categories",Florida Department of Transportation (Florida Traffic Online),https://tdaappsprod.dot.state.fl.us/fto/reports/Concatenated_PeakSeason_2025/60_PKSEASON.pdf,CATEGORY 6010,2026-02-09,2026-10-10,3e3b67413cf6eefde8437ba9f5c03780dda7fc59f6ca5348b2e4a370ec84975d,birincil,dogrulandi,2027-04-10,0.972,"Oran = 1 / SF; SF, FDOT haftalık mevsim faktörlerinin gün ağırlıklı ay ortalamasıdır. FDOT aylık faktör yayımlamıyor; bu raporda sayım noktalarının hangi kategoriye bağlı olduğu yazmıyor."
fdot-2025-sf-6010-04,"mevsim faktörü (aylık, türetilmiş)",,,FDOT kategori 6010 WALTON I10,2025,4,6010 WALTON I10,1.024,trafik / yıllık ortalama (oran),,bizim hesabımız,"FDOT 2025 Peak Season Factor Category Report, Walton County categories",Florida Department of Transportation (Florida Traffic Online),https://tdaappsprod.dot.state.fl.us/fto/reports/Concatenated_PeakSeason_2025/60_PKSEASON.pdf,CATEGORY 6010,2026-02-09,2026-10-10,3e3b67413cf6eefde8437ba9f5c03780dda7fc59f6ca5348b2e4a370ec84975d,birincil,dogrulandi,2027-04-10,0.977,"Oran = 1 / SF; SF, FDOT haftalık mevsim faktörlerinin gün ağırlıklı ay ortalamasıdır. FDOT aylık faktör yayımlamıyor; bu raporda sayım noktalarının hangi kategoriye bağlı olduğu yazmıyor."
fdot-2025-sf-6010-05,"mevsim faktörü (aylık, türetilmiş)",,,FDOT kategori 6010 WALTON I10,2025,5,6010 WALTON I10,1.05,trafik / yıllık ortalama (oran),,bizim hesabımız,"FDOT 2025 Peak Season Factor Category Report, Walton County categories",Florida Department of Transportation (Florida Traffic Online),https://tdaappsprod.dot.state.fl.us/fto/reports/Concatenated_PeakSeason_2025/60_PKSEASON.pdf,CATEGORY 6010,2026-02-09,2026-10-10,3e3b67413cf6eefde8437ba9f5c03780dda7fc59f6ca5348b2e4a370ec84975d,birincil,dogrulandi,2027-04-10,0.952,"Oran = 1 / SF; SF, FDOT haftalık mevsim faktörlerinin gün ağırlıklı ay ortalamasıdır. FDOT aylık faktör yayımlamıyor; bu raporda sayım noktalarının hangi kategoriye bağlı olduğu yazmıyor."
fdot-2025-sf-6010-06,"mevsim faktörü (aylık, türetilmiş)",,,FDOT kategori 6010 WALTON I10,2025,6,6010 WALTON I10,1.087,trafik / yıllık ortalama (oran),,bizim hesabımız,"FDOT 2025 Peak Season Factor Category Report, Walton County categories",Florida Department of Transportation (Florida Traffic Online),https://tdaappsprod.dot.state.fl.us/fto/reports/Concatenated_PeakSeason_2025/60_PKSEASON.pdf,CATEGORY 6010,2026-02-09,2026-10-10,3e3b67413cf6eefde8437ba9f5c03780dda7fc59f6ca5348b2e4a370ec84975d,birincil,dogrulandi,2027-04-10,0.92,"Oran = 1 / SF; SF, FDOT haftalık mevsim faktörlerinin gün ağırlıklı ay ortalamasıdır. FDOT aylık faktör yayımlamıyor; bu raporda sayım noktalarının hangi kategoriye bağlı olduğu yazmıyor."
fdot-2025-sf-6010-07,"mevsim faktörü (aylık, türetilmiş)",,,FDOT kategori 6010 WALTON I10,2025,7,6010 WALTON I10,1.072,trafik / yıllık ortalama (oran),,bizim hesabımız,"FDOT 2025 Peak Season Factor Category Report, Walton County categories",Florida Department of Transportation (Florida Traffic Online),https://tdaappsprod.dot.state.fl.us/fto/reports/Concatenated_PeakSeason_2025/60_PKSEASON.pdf,CATEGORY 6010,2026-02-09,2026-10-10,3e3b67413cf6eefde8437ba9f5c03780dda7fc59f6ca5348b2e4a370ec84975d,birincil,dogrulandi,2027-04-10,0.933,"Oran = 1 / SF; SF, FDOT haftalık mevsim faktörlerinin gün ağırlıklı ay ortalamasıdır. FDOT aylık faktör yayımlamıyor; bu raporda sayım noktalarının hangi kategoriye bağlı olduğu yazmıyor."
fdot-2025-sf-6010-08,"mevsim faktörü (aylık, türetilmiş)",,,FDOT kategori 6010 WALTON I10,2025,8,6010 WALTON I10,0.98,trafik / yıllık ortalama (oran),,bizim hesabımız,"FDOT 2025 Peak Season Factor Category Report, Walton County categories",Florida Department of Transportation (Florida Traffic Online),https://tdaappsprod.dot.state.fl.us/fto/reports/Concatenated_PeakSeason_2025/60_PKSEASON.pdf,CATEGORY 6010,2026-02-09,2026-10-10,3e3b67413cf6eefde8437ba9f5c03780dda7fc59f6ca5348b2e4a370ec84975d,birincil,dogrulandi,2027-04-10,1.02,"Oran = 1 / SF; SF, FDOT haftalık mevsim faktörlerinin gün ağırlıklı ay ortalamasıdır. FDOT aylık faktör yayımlamıyor; bu raporda sayım noktalarının hangi kategoriye bağlı olduğu yazmıyor."
fdot-2025-sf-6010-09,"mevsim faktörü (aylık, türetilmiş)",,,FDOT kategori 6010 WALTON I10,2025,9,6010 WALTON I10,0.935,trafik / yıllık ortalama (oran),,bizim hesabımız,"FDOT 2025 Peak Season Factor Category Report, Walton County categories",Florida Department of Transportation (Florida Traffic Online),https://tdaappsprod.dot.state.fl.us/fto/reports/Concatenated_PeakSeason_2025/60_PKSEASON.pdf,CATEGORY 6010,2026-02-09,2026-10-10,3e3b67413cf6eefde8437ba9f5c03780dda7fc59f6ca5348b2e4a370ec84975d,birincil,dogrulandi,2027-04-10,1.069,"Oran = 1 / SF; SF, FDOT haftalık mevsim faktörlerinin gün ağırlıklı ay ortalamasıdır. FDOT aylık faktör yayımlamıyor; bu raporda sayım noktalarının hangi kategoriye bağlı olduğu yazmıyor."
fdot-2025-sf-6010-10,"mevsim faktörü (aylık, türetilmiş)",,,FDOT kategori 6010 WALTON I10,2025,10,6010 WALTON I10,0.965,trafik / yıllık ortalama (oran),,bizim hesabımız,"FDOT 2025 Peak Season Factor Category Report, Walton County categories",Florida Department of Transportation (Florida Traffic Online),https://tdaappsprod.dot.state.fl.us/fto/reports/Concatenated_PeakSeason_2025/60_PKSEASON.pdf,CATEGORY 6010,2026-02-09,2026-10-10,3e3b67413cf6eefde8437ba9f5c03780dda7fc59f6ca5348b2e4a370ec84975d,birincil,dogrulandi,2027-04-10,1.037,"Oran = 1 / SF; SF, FDOT haftalık mevsim faktörlerinin gün ağırlıklı ay ortalamasıdır. FDOT aylık faktör yayımlamıyor; bu raporda sayım noktalarının hangi kategoriye bağlı olduğu yazmıyor."
fdot-2025-sf-6010-11,"mevsim faktörü (aylık, türetilmiş)",,,FDOT kategori 6010 WALTON I10,2025,11,6010 WALTON I10,1.007,trafik / yıllık ortalama (oran),,bizim hesabımız,"FDOT 2025 Peak Season Factor Category Report, Walton County categories",Florida Department of Transportation (Florida Traffic Online),https://tdaappsprod.dot.state.fl.us/fto/reports/Concatenated_PeakSeason_2025/60_PKSEASON.pdf,CATEGORY 6010,2026-02-09,2026-10-10,3e3b67413cf6eefde8437ba9f5c03780dda7fc59f6ca5348b2e4a370ec84975d,birincil,dogrulandi,2027-04-10,0.993,"Oran = 1 / SF; SF, FDOT haftalık mevsim faktörlerinin gün ağırlıklı ay ortalamasıdır. FDOT aylık faktör yayımlamıyor; bu raporda sayım noktalarının hangi kategoriye bağlı olduğu yazmıyor."
fdot-2025-sf-6010-12,"mevsim faktörü (aylık, türetilmiş)",,,FDOT kategori 6010 WALTON I10,2025,12,6010 WALTON I10,0.966,trafik / yıllık ortalama (oran),,bizim hesabımız,"FDOT 2025 Peak Season Factor Category Report, Walton County categories",Florida Department of Transportation (Florida Traffic Online),https://tdaappsprod.dot.state.fl.us/fto/reports/Concatenated_PeakSeason_2025/60_PKSEASON.pdf,CATEGORY 6010,2026-02-09,2026-10-10,3e3b67413cf6eefde8437ba9f5c03780dda7fc59f6ca5348b2e4a370ec84975d,birincil,dogrulandi,2027-04-10,1.035,"Oran = 1 / SF; SF, FDOT haftalık mevsim faktörlerinin gün ağırlıklı ay ortalamasıdır. FDOT aylık faktör yayımlamıyor; bu raporda sayım noktalarının hangi kategoriye bağlı olduğu yazmıyor."
fdot-2025-sf-6010-yogun,yoğun sezon haftaları,,,FDOT kategori 6010 WALTON I10,2025,,6010 WALTON I10,2025-05-04 – 2025-08-02,tarih aralığı,,kaynak gerçeği,"FDOT 2025 Peak Season Factor Category Report, Walton County categories",Florida Department of Transportation (Florida Traffic Online),https://tdaappsprod.dot.state.fl.us/fto/reports/Concatenated_PeakSeason_2025/60_PKSEASON.pdf,CATEGORY 6010,2026-02-09,2026-10-10,3e3b67413cf6eefde8437ba9f5c03780dda7fc59f6ca5348b2e4a370ec84975d,birincil,dogrulandi,2027-04-10,,Raporda * ile işaretli 'peak season' haftaları (13 hafta).
fdot-2025-sf-6098-01,"mevsim faktörü (aylık, türetilmiş)",,,"FDOT kategori 6098 WALTON, US98",2025,1,"6098 WALTON, US98",0.846,trafik / yıllık ortalama (oran),,bizim hesabımız,"FDOT 2025 Peak Season Factor Category Report, Walton County categories",Florida Department of Transportation (Florida Traffic Online),https://tdaappsprod.dot.state.fl.us/fto/reports/Concatenated_PeakSeason_2025/60_PKSEASON.pdf,CATEGORY 6098,2026-02-09,2026-10-10,3e3b67413cf6eefde8437ba9f5c03780dda7fc59f6ca5348b2e4a370ec84975d,birincil,dogrulandi,2027-04-10,1.182,"Oran = 1 / SF; SF, FDOT haftalık mevsim faktörlerinin gün ağırlıklı ay ortalamasıdır. FDOT aylık faktör yayımlamıyor; bu raporda sayım noktalarının hangi kategoriye bağlı olduğu yazmıyor."
fdot-2025-sf-6098-02,"mevsim faktörü (aylık, türetilmiş)",,,"FDOT kategori 6098 WALTON, US98",2025,2,"6098 WALTON, US98",0.957,trafik / yıllık ortalama (oran),,bizim hesabımız,"FDOT 2025 Peak Season Factor Category Report, Walton County categories",Florida Department of Transportation (Florida Traffic Online),https://tdaappsprod.dot.state.fl.us/fto/reports/Concatenated_PeakSeason_2025/60_PKSEASON.pdf,CATEGORY 6098,2026-02-09,2026-10-10,3e3b67413cf6eefde8437ba9f5c03780dda7fc59f6ca5348b2e4a370ec84975d,birincil,dogrulandi,2027-04-10,1.045,"Oran = 1 / SF; SF, FDOT haftalık mevsim faktörlerinin gün ağırlıklı ay ortalamasıdır. FDOT aylık faktör yayımlamıyor; bu raporda sayım noktalarının hangi kategoriye bağlı olduğu yazmıyor."
fdot-2025-sf-6098-03,"mevsim faktörü (aylık, türetilmiş)",,,"FDOT kategori 6098 WALTON, US98",2025,3,"6098 WALTON, US98",1.018,trafik / yıllık ortalama (oran),,bizim hesabımız,"FDOT 2025 Peak Season Factor Category Report, Walton County categories",Florida Department of Transportation (Florida Traffic Online),https://tdaappsprod.dot.state.fl.us/fto/reports/Concatenated_PeakSeason_2025/60_PKSEASON.pdf,CATEGORY 6098,2026-02-09,2026-10-10,3e3b67413cf6eefde8437ba9f5c03780dda7fc59f6ca5348b2e4a370ec84975d,birincil,dogrulandi,2027-04-10,0.982,"Oran = 1 / SF; SF, FDOT haftalık mevsim faktörlerinin gün ağırlıklı ay ortalamasıdır. FDOT aylık faktör yayımlamıyor; bu raporda sayım noktalarının hangi kategoriye bağlı olduğu yazmıyor."
fdot-2025-sf-6098-04,"mevsim faktörü (aylık, türetilmiş)",,,"FDOT kategori 6098 WALTON, US98",2025,4,"6098 WALTON, US98",1.055,trafik / yıllık ortalama (oran),,bizim hesabımız,"FDOT 2025 Peak Season Factor Category Report, Walton County categories",Florida Department of Transportation (Florida Traffic Online),https://tdaappsprod.dot.state.fl.us/fto/reports/Concatenated_PeakSeason_2025/60_PKSEASON.pdf,CATEGORY 6098,2026-02-09,2026-10-10,3e3b67413cf6eefde8437ba9f5c03780dda7fc59f6ca5348b2e4a370ec84975d,birincil,dogrulandi,2027-04-10,0.948,"Oran = 1 / SF; SF, FDOT haftalık mevsim faktörlerinin gün ağırlıklı ay ortalamasıdır. FDOT aylık faktör yayımlamıyor; bu raporda sayım noktalarının hangi kategoriye bağlı olduğu yazmıyor."
fdot-2025-sf-6098-05,"mevsim faktörü (aylık, türetilmiş)",,,"FDOT kategori 6098 WALTON, US98",2025,5,"6098 WALTON, US98",1.079,trafik / yıllık ortalama (oran),,bizim hesabımız,"FDOT 2025 Peak Season Factor Category Report, Walton County categories",Florida Department of Transportation (Florida Traffic Online),https://tdaappsprod.dot.state.fl.us/fto/reports/Concatenated_PeakSeason_2025/60_PKSEASON.pdf,CATEGORY 6098,2026-02-09,2026-10-10,3e3b67413cf6eefde8437ba9f5c03780dda7fc59f6ca5348b2e4a370ec84975d,birincil,dogrulandi,2027-04-10,0.926,"Oran = 1 / SF; SF, FDOT haftalık mevsim faktörlerinin gün ağırlıklı ay ortalamasıdır. FDOT aylık faktör yayımlamıyor; bu raporda sayım noktalarının hangi kategoriye bağlı olduğu yazmıyor."
fdot-2025-sf-6098-06,"mevsim faktörü (aylık, türetilmiş)",,,"FDOT kategori 6098 WALTON, US98",2025,6,"6098 WALTON, US98",1.108,trafik / yıllık ortalama (oran),,bizim hesabımız,"FDOT 2025 Peak Season Factor Category Report, Walton County categories",Florida Department of Transportation (Florida Traffic Online),https://tdaappsprod.dot.state.fl.us/fto/reports/Concatenated_PeakSeason_2025/60_PKSEASON.pdf,CATEGORY 6098,2026-02-09,2026-10-10,3e3b67413cf6eefde8437ba9f5c03780dda7fc59f6ca5348b2e4a370ec84975d,birincil,dogrulandi,2027-04-10,0.902,"Oran = 1 / SF; SF, FDOT haftalık mevsim faktörlerinin gün ağırlıklı ay ortalamasıdır. FDOT aylık faktör yayımlamıyor; bu raporda sayım noktalarının hangi kategoriye bağlı olduğu yazmıyor."
fdot-2025-sf-6098-07,"mevsim faktörü (aylık, türetilmiş)",,,"FDOT kategori 6098 WALTON, US98",2025,7,"6098 WALTON, US98",1.102,trafik / yıllık ortalama (oran),,bizim hesabımız,"FDOT 2025 Peak Season Factor Category Report, Walton County categories",Florida Department of Transportation (Florida Traffic Online),https://tdaappsprod.dot.state.fl.us/fto/reports/Concatenated_PeakSeason_2025/60_PKSEASON.pdf,CATEGORY 6098,2026-02-09,2026-10-10,3e3b67413cf6eefde8437ba9f5c03780dda7fc59f6ca5348b2e4a370ec84975d,birincil,dogrulandi,2027-04-10,0.907,"Oran = 1 / SF; SF, FDOT haftalık mevsim faktörlerinin gün ağırlıklı ay ortalamasıdır. FDOT aylık faktör yayımlamıyor; bu raporda sayım noktalarının hangi kategoriye bağlı olduğu yazmıyor."
fdot-2025-sf-6098-08,"mevsim faktörü (aylık, türetilmiş)",,,"FDOT kategori 6098 WALTON, US98",2025,8,"6098 WALTON, US98",1.043,trafik / yıllık ortalama (oran),,bizim hesabımız,"FDOT 2025 Peak Season Factor Category Report, Walton County categories",Florida Department of Transportation (Florida Traffic Online),https://tdaappsprod.dot.state.fl.us/fto/reports/Concatenated_PeakSeason_2025/60_PKSEASON.pdf,CATEGORY 6098,2026-02-09,2026-10-10,3e3b67413cf6eefde8437ba9f5c03780dda7fc59f6ca5348b2e4a370ec84975d,birincil,dogrulandi,2027-04-10,0.959,"Oran = 1 / SF; SF, FDOT haftalık mevsim faktörlerinin gün ağırlıklı ay ortalamasıdır. FDOT aylık faktör yayımlamıyor; bu raporda sayım noktalarının hangi kategoriye bağlı olduğu yazmıyor."
fdot-2025-sf-6098-09,"mevsim faktörü (aylık, türetilmiş)",,,"FDOT kategori 6098 WALTON, US98",2025,9,"6098 WALTON, US98",1.015,trafik / yıllık ortalama (oran),,bizim hesabımız,"FDOT 2025 Peak Season Factor Category Report, Walton County categories",Florida Department of Transportation (Florida Traffic Online),https://tdaappsprod.dot.state.fl.us/fto/reports/Concatenated_PeakSeason_2025/60_PKSEASON.pdf,CATEGORY 6098,2026-02-09,2026-10-10,3e3b67413cf6eefde8437ba9f5c03780dda7fc59f6ca5348b2e4a370ec84975d,birincil,dogrulandi,2027-04-10,0.986,"Oran = 1 / SF; SF, FDOT haftalık mevsim faktörlerinin gün ağırlıklı ay ortalamasıdır. FDOT aylık faktör yayımlamıyor; bu raporda sayım noktalarının hangi kategoriye bağlı olduğu yazmıyor."
fdot-2025-sf-6098-10,"mevsim faktörü (aylık, türetilmiş)",,,"FDOT kategori 6098 WALTON, US98",2025,10,"6098 WALTON, US98",0.996,trafik / yıllık ortalama (oran),,bizim hesabımız,"FDOT 2025 Peak Season Factor Category Report, Walton County categories",Florida Department of Transportation (Florida Traffic Online),https://tdaappsprod.dot.state.fl.us/fto/reports/Concatenated_PeakSeason_2025/60_PKSEASON.pdf,CATEGORY 6098,2026-02-09,2026-10-10,3e3b67413cf6eefde8437ba9f5c03780dda7fc59f6ca5348b2e4a370ec84975d,birincil,dogrulandi,2027-04-10,1.004,"Oran = 1 / SF; SF, FDOT haftalık mevsim faktörlerinin gün ağırlıklı ay ortalamasıdır. FDOT aylık faktör yayımlamıyor; bu raporda sayım noktalarının hangi kategoriye bağlı olduğu yazmıyor."
fdot-2025-sf-6098-11,"mevsim faktörü (aylık, türetilmiş)",,,"FDOT kategori 6098 WALTON, US98",2025,11,"6098 WALTON, US98",0.92,trafik / yıllık ortalama (oran),,bizim hesabımız,"FDOT 2025 Peak Season Factor Category Report, Walton County categories",Florida Department of Transportation (Florida Traffic Online),https://tdaappsprod.dot.state.fl.us/fto/reports/Concatenated_PeakSeason_2025/60_PKSEASON.pdf,CATEGORY 6098,2026-02-09,2026-10-10,3e3b67413cf6eefde8437ba9f5c03780dda7fc59f6ca5348b2e4a370ec84975d,birincil,dogrulandi,2027-04-10,1.087,"Oran = 1 / SF; SF, FDOT haftalık mevsim faktörlerinin gün ağırlıklı ay ortalamasıdır. FDOT aylık faktör yayımlamıyor; bu raporda sayım noktalarının hangi kategoriye bağlı olduğu yazmıyor."
fdot-2025-sf-6098-12,"mevsim faktörü (aylık, türetilmiş)",,,"FDOT kategori 6098 WALTON, US98",2025,12,"6098 WALTON, US98",0.87,trafik / yıllık ortalama (oran),,bizim hesabımız,"FDOT 2025 Peak Season Factor Category Report, Walton County categories",Florida Department of Transportation (Florida Traffic Online),https://tdaappsprod.dot.state.fl.us/fto/reports/Concatenated_PeakSeason_2025/60_PKSEASON.pdf,CATEGORY 6098,2026-02-09,2026-10-10,3e3b67413cf6eefde8437ba9f5c03780dda7fc59f6ca5348b2e4a370ec84975d,birincil,dogrulandi,2027-04-10,1.149,"Oran = 1 / SF; SF, FDOT haftalık mevsim faktörlerinin gün ağırlıklı ay ortalamasıdır. FDOT aylık faktör yayımlamıyor; bu raporda sayım noktalarının hangi kategoriye bağlı olduğu yazmıyor."
fdot-2025-sf-6098-yogun,yoğun sezon haftaları,,,"FDOT kategori 6098 WALTON, US98",2025,,"6098 WALTON, US98",2025-05-04 – 2025-08-02,tarih aralığı,,kaynak gerçeği,"FDOT 2025 Peak Season Factor Category Report, Walton County categories",Florida Department of Transportation (Florida Traffic Online),https://tdaappsprod.dot.state.fl.us/fto/reports/Concatenated_PeakSeason_2025/60_PKSEASON.pdf,CATEGORY 6098,2026-02-09,2026-10-10,3e3b67413cf6eefde8437ba9f5c03780dda7fc59f6ca5348b2e4a370ec84975d,birincil,dogrulandi,2027-04-10,,Raporda * ile işaretli 'peak season' haftaları (13 hafta).
