# Zincirlerin ve kurumların kendi siteleri; elle gözden geçirildi (thirty_a_chain_stores.csv, thirty_a_health_points.csv).
# osm_dogrulanamadi: OpenStreetMap'te var, resmî kaynakta doğrulanamadı; acil sağlık ölçülerine girmedi.
kategori,zincir_kurum,yer,adres,durum,sonuc,osm_noktasi,sayfa,kontrol_tarihi,not
Büyük süpermarket,Aldi,ALDI 23200 Front Beach Road,"23200 Front Beach Road, Panama City, FL 32413, US",açık,osm_ile_ayni,way/431579080,https://info.aldi.us/stores/l/fl/panama-city/23200-front-beach-road/ff74,2026-10-09,"Site şehri 'Panama City' yazıyor (posta kodu 32413 Panama City Beach). Koordinat sayfadaki JSON-LD geo alanından; açılış saatleri her gün 09:00-20:00. Aynı şehir sayfasındaki 2533 Thomas Drive (boylam -85.7514) ve 3157 West 23rd Street bölge dışında. Florida dizininde Santa Rosa Beach, Miramar Beach, Destin, Freeport yok."
Acil servis,Ascension Sacred Heart,Ascension Sacred Heart Emergency Care - Emerald Coast,"7800 U.S. 98, Miramar Beach, FL, 32550",açık,osm_ile_ayni,way/501470234,https://healthcare.ascension.org/locations/florida/flpen/miramar-beach-ascension-sacred-heart-emerald-coast/departments/emergency-care,2026-10-10,Ascension Sacred Heart Emerald Coast hastanesinin acil servisi; sayfa 24/7 acil bakım diyor.
Acil servis,Ascension Sacred Heart,Ascension Sacred Heart Emergency Care - Panama City Beach,"11111 Panama City Beach Pkwy, Panama City Beach, FL, 32407",açık,eklendi,,https://healthcare.ascension.org/Locations/Florida/FLPEN/Panama-City-Beach-Ascension-Sacred-Heart-Bay-Emergency-Room-Panama-City-Beach,2026-10-10,"Bölge kutusunun hemen dışında (kutu: güney 30.20, doğu -85.84). Doğu mahallelerine en yakın resmî acil servis olabileceği için eklendi; OpenStreetMap sorgusu bu noktayı kapsamaz. Sayfa 24/7 acil bakım diyor."
Acil bakım (urgent care),Ascension Sacred Heart,Ascension Sacred Heart Primary Care & Urgent Care - South Walton,"5551 U.S. 98 A, Santa Rosa Beach, FL, 32459",açık,eklendi,,https://healthcare.ascension.org/locations/florida/flpen/santa-rosa-beach-ascension-sacred-heart-primary-care-and-urgent-care-south-walton,2026-10-10,"Kurumun Mart 2026 duyurusu: Ascension Sacred Heart Medical Group'un Walton County'deki ilk acil bakım merkezi; randevusuz, hafta içi 08-18, hafta sonu 08-15 (https://about.ascension.org/news/2026/03/first-ever-urgent-care-in-walton-county-and-new-primary-care-office-expand-healthcare-options-for-residents-and-visitors)."
Eczane,CVS Pharmacy,-,,okunamadı,okunamadi,,https://www.cvs.com/store-locator/cvs-pharmacy-locations/Florida/Miramar-Beach,2026-10-10,"Site doğrudan isteğe 403 verdi; bilgisayardaki Chrome'da açılan sayfa 'CVS.com is not available to customers or patients who are located outside of the United States' diyor (Miramar Beach, Santa Rosa Beach, Panama City Beach, Inlet Beach şehir sayfaları). OSM'deki 3 CVS noktası (way/624961085, way/634320096, way/929204162) zincir sitesinden doğrulanamadı."
Acil bakım (urgent care),Doc Smiley's Urgent Care,-,,okunamadı,okunamadi,,,2026-10-10,"Kendi sitesi bulunamadı (docsmileys.com adı çözülmedi). Yalnız ikincil kaynaklarda (2023 tarihli gezi yazısı, rehber listeleri) Seagrove Beach'te, 43 Cassine Way, Santa Rosa Beach adresiyle geçiyor; resmî kaynak olmadığı için eklenmedi."
Acil bakım (urgent care),Emerald Coast Urgent Care,Emerald Coast Urgent Care Destin,"12598 Emerald Coast Parkway, Destin, FL 32550",açık,eklendi,,https://emeraldcoasturgentcare.com/urgent-care-in-destin-fl/,2026-10-10,Site şehri 'Destin' yazıyor; posta kodu 32550 ve adres servisi eşleşmesi Miramar Beach. Sayfa koordinat vermiyor.
Acil bakım (urgent care),Emerald Coast Urgent Care,Emerald Coast Urgent Care Inlet Beach,"13625 US-98, Suite 8-9, Inlet Beach, FL 32413",açık,eklendi,,https://emeraldcoasturgentcare.com/inlet-beach-urgent-care/,2026-10-10,Adres sayfanın JSON-LD alanından; sayfa koordinat vermiyor.
Acil servis,HCA Florida Healthcare,-,,okunamadı,okunamadi,,https://www.hcafloridahealthcare.com/locations/breakfast-point-emergency,2026-10-10,"Site bu bilgisayarın konumuna kapalı ('Page is not available to your current location', geo-blocked-site.dpxmedcity.net); doğrudan istek ve uygulama içi tarayıcı aynı sayfayı verdi. İkincil kaynaklara (haber) göre HCA Florida Breakfast Point Emergency 9318 Panama City Beach Pkwy'de; HCA Florida Destin Emergency Destin'de. Resmî sayfaları okunamadığı için eklenmedi."
Acil servis,OpenStreetMap,adı yok · way/1140748455,,açık,osm_dogrulanamadi,way/1140748455,https://www.openstreetmap.org/way/1140748455,,"OpenStreetMap'te var; resmî kaynakta doğrulanamadı, ölçülere girmedi."
Büyük süpermarket,Publix,-,,okunamadı,okunamadi,,https://www.publix.com/locations,2026-10-09,"Site bu bilgisayardan (ABD dışı bağlantı) yalnız 'International' sayfası gösteriyor: 'Currently, we are unable to service customers outside of the United States'. www.publix.com/locations ve mağaza bulucunun veri adresi services.publix.com/storelocator aynı sayfayı verdi (1 tekrar denendi). OSM'deki 5 Publix noktası (node/1107944402, node/1108597697, node/11618396412, way/258037630, way/431579081) zincir sitesinden doğrulanamadı."
Eczane,Publix,-,,okunamadı,okunamadi,,https://www.publix.com/locations,2026-10-09,"Publix mağaza içi eczaneleri: zincir sitesi bu bilgisayardan okunamadı (süpermarket satırındaki aynı engel). OpenStreetMap'te Publix eczanesi ayrı nokta olarak yok; mağaza içi eczaneler eczane ölçüsüne girmez, yalnız not olarak kalır."
Büyük süpermarket,Target,Target Pier Park,"15555 Starfish St, Panama City Beach, FL 32413-2457",açık,eklendi,,https://www.target.com/sl/pier-park/2208,2026-10-09,Mağaza no 2208; sayfa verisinde status 'Open'. Koordinat sayfadaki geo alanından. Verilen OSM süpermarket listesinde Target noktası yok; OSM karşılığı bu işte aranmadı.
Büyük süpermarket,The Fresh Market,-,,okunamadı,okunamadi,,https://www.thefreshmarket.com/your-market/store-locator,2026-10-09,"Eyalet/şehir dizini yok (/stores 404). Mağaza bulucu sayfası iki yüklemede de yalnız haritayı çizdi, mağaza listesi gelmedi (sayfadaki mağaza seçicisi 'No The Fresh Market locations found' diyor; liste bu bilgisayardan yüklenmiyor). sitemap.xml mağaza sayfası içermiyor; /my-market/store/panama-city-beach ve /destin 404. OSM node/11649173348 (30.2214, -85.8639, adressiz) zincir sitesinden doğrulanamadı."
Büyük süpermarket,Trader Joe's,-,,bölgede mağaza yok,bolgede_yok,,https://locations.traderjoes.com/fl/,2026-10-09,"Florida dizininde bölgede şehir yok; Florida Panhandle'da listelenen tek şehir Tallahassee. Alabama dizininde Birmingham, Hoover, Huntsville."
Eczane,Walgreens,-,,bölgede mağaza yok,bolgede_yok,,https://www.walgreens.com/locator/v1/stores/search,2026-10-10,"Walgreens'in kendi mağaza arama servisi (30.32, -86.12 çevresi, 40 mil) bölge kutusunda mağaza vermedi; Florida şehir dizininde Santa Rosa Beach, Inlet Beach, Miramar Beach ve Freeport yok. En yakınlar kutunun dışında: 34909 Emerald Coast Pkwy, Destin (30.389336, -86.426979) ve 9998 Front Beach Rd, Panama City Beach (30.179033, -85.800416)."
Büyük süpermarket,Walmart,Dune Lakes E Us 98 Neighborhood Market,"6861 E Us Hwy 98, Santa Rosa Beach, FL 32459",açık,osm_ile_ayni,way/1433363223,https://www.walmart.com/store/8861-santa-rosa-beach-fl,2026-10-09,"Walmart Neighborhood Market, mağaza no 8861. Adres ve koordinat Santa Rosa Beach şehir dizini sayfasındaki gömülü veriden (geoPoint); detay sayfası ayrıca açılmadı."
Büyük süpermarket,Walmart,Panama City Beach Pier Park Supercenter,"15495 Panama City Beach Pkwy, Panama City Beach, FL 32413",açık,osm_ile_ayni,way/363341578,https://www.walmart.com/store/3119-panama-city-beach-fl,2026-10-09,"Walmart Supercenter, mağaza no 3119. Adres ve koordinat Panama City Beach şehir dizini sayfasındaki gömülü veriden (geoPoint). Aynı sayfadaki 818 Front Beach Rd Supercenter (10270 Front Beach Rd, boylam -85.804892) bölge dışında."
Büyük süpermarket,Walmart,Santa Rosa Beach Us 98 W Supercenter,"6712 Us Highway 98 W, Santa Rosa Beach, FL 32459",açık,osm_ile_ayni,way/258037585,https://www.walmart.com/store/5872-santa-rosa-beach-fl,2026-10-09,"Walmart Supercenter, mağaza no 5872. Adres ve koordinat Walmart'ın Santa Rosa Beach şehir dizini sayfasındaki gömülü mağaza verisinden (geoPoint); mağaza detay sayfası ayrıca açılmadı. Sitede kapanış işareti yok."
Büyük süpermarket,Whole Foods Market,-,,bölgede mağaza yok,bolgede_yok,,https://www.wholefoodsmarket.com/sitemap/sitemap-stores.xml,2026-10-09,"Sitenin mağaza site haritasında bölgede mağaza yok. En yakın: Destin (4402 Legendary Dr, Destin, FL 32541; sitenin koordinatı 30.390252, -86.420231, bölgenin batı sınırı -86.40'ın yaklaşık 2 km batısında; https://www.wholefoodsmarket.com/stores/destin) ve Tallahassee."
Büyük süpermarket,Winn-Dixie,-,,okunamadı,okunamadi,,https://www.winndixie.com/locator,2026-10-09,"Site 403 'Access Denied' (Akamai, errors.edgesuite.net) döndü; www.winndixie.com/locator ve mağaza bulucunun veri adresi /V2/storelocator/getStores aynı engeli verdi (1 tekrar denendi). OSM'deki 2 Winn-Dixie noktası (node/8616131316, way/636390177) zincir sitesinden doğrulanamadı."
