# © OpenStreetMap katkıcıları, ODbL
# Çekim 080b04f1048c42388764fbe901543528
nokta,kategori,ad,marka,kaynak,enlem,boylam,adres,kaynak_baglantisi,kontrol_tarihi,not
way/431579080,Büyük süpermarket,Aldi,Aldi,openstreetmap,30.2631364,-85.9732284,"23200 Front Beach Road, Panama City Beach, FL, 32413",https://www.openstreetmap.org/way/431579080,,Aldi sitesinde doğrulandı (2026-10-09).
node/1107944402,Büyük süpermarket,Publix,Publix,openstreetmap,30.3751488,-86.2131344,"2038 US Highway 98 West, Santa Rosa Beach, FL, 32459-5322",https://www.openstreetmap.org/node/1107944402,,Publix sitesi bu bilgisayardan doğrulanamadı (2026-10-09).
node/1108597697,Büyük süpermarket,Publix,Publix,openstreetmap,30.3283227,-86.1260213,"110 Watercolor Way, Santa Rosa Beach, FL, 32459-7354",https://www.openstreetmap.org/node/1108597697,,Publix sitesi bu bilgisayardan doğrulanamadı (2026-10-09).
node/11618396412,Büyük süpermarket,Publix,Publix,openstreetmap,30.298226,-86.0232406,"11291 US Highway 98 East, Inlet Beach, FL, 32461",https://www.openstreetmap.org/node/11618396412,,Publix sitesi bu bilgisayardan doğrulanamadı (2026-10-09).
way/258037630,Büyük süpermarket,Publix,Publix,openstreetmap,30.3796126,-86.3112643,"725 Grand Boulevard, Sandestin, FL, 32550-7873",https://www.openstreetmap.org/way/258037630,,Publix sitesi bu bilgisayardan doğrulanamadı (2026-10-09).
way/431579081,Büyük süpermarket,Publix,Publix,openstreetmap,30.2663469,-85.9732358,"23026 Panama City Beach Parkway, Panama City Beach, FL, 32413",https://www.openstreetmap.org/way/431579081,,Publix sitesi bu bilgisayardan doğrulanamadı (2026-10-09).
zincir/Target/Target Pier Park,Büyük süpermarket,Target Pier Park,Target,zincirin kendi sitesi,30.219781,-85.868686,"15555 Starfish St, Panama City Beach, FL 32413-2457",https://www.target.com/sl/pier-park/2208,2026-10-09,Mağaza no 2208; sayfa verisinde status 'Open'. Koordinat sayfadaki geo alanından. Verilen OSM süpermarket listesinde Target noktası yok; OSM karşılığı bu işte aranmadı.
node/11649173348,Büyük süpermarket,The Fresh Market,The Fresh Market,openstreetmap,30.2214332,-85.8639297,,https://www.openstreetmap.org/node/11649173348,,The Fresh Market sitesi bu bilgisayardan doğrulanamadı (2026-10-09).
way/1433363223,Büyük süpermarket,Walmart Neighborhood Market,Walmart Neighborhood Market,openstreetmap,30.3447521,-86.0713694,"6861 US Highway 98 East, Santa Rosa Beach, FL, 32459",https://www.openstreetmap.org/way/1433363223,,Walmart sitesinde doğrulandı (2026-10-09).
way/258037585,Büyük süpermarket,Walmart Supercenter,Walmart,openstreetmap,30.3771766,-86.2889824,"6712 US Highway 98 West, Santa Rosa Beach, FL, 32459",https://www.openstreetmap.org/way/258037585,,Walmart sitesinde doğrulandı (2026-10-09).
way/363341578,Büyük süpermarket,Walmart Supercenter,Walmart,openstreetmap,30.2178543,-85.8662064,"15495 Panama City Beach Parkway, Panama City Beach, FL, 32413",https://www.openstreetmap.org/way/363341578,,Walmart sitesinde doğrulandı (2026-10-09).
node/8616131316,Büyük süpermarket,Winn-Dixie,Winn-Dixie,openstreetmap,30.3771247,-86.3523484,"65 Poinciana Boulevard, Miramar Beach, FL, 32550",https://www.openstreetmap.org/node/8616131316,,Winn-Dixie sitesi bu bilgisayardan doğrulanamadı (2026-10-09).
way/636390177,Büyük süpermarket,Winn-Dixie,Winn-Dixie,openstreetmap,30.2250854,-85.8919993,"17184 Front Beach Road, Panama City Beach, FL, 32413",https://www.openstreetmap.org/way/636390177,,Winn-Dixie sitesi bu bilgisayardan doğrulanamadı (2026-10-09).
node/1109988472,Bisiklet kiralama,,,openstreetmap,30.3253083,-86.1422486,,https://www.openstreetmap.org/node/1109988472,,
node/1107902562,Bisiklet kiralama,Big Daddy’s Bike Shop,,openstreetmap,30.340166,-86.2035693,"2217 W County Hwy 30A, Santa Rosa Beach, FL, 32459",https://www.openstreetmap.org/node/1107902562,,
node/11948994118,Bisiklet kiralama,California Cycles,,openstreetmap,30.2078775,-85.8615291,,https://www.openstreetmap.org/node/11948994118,,
way/960687004,Bisiklet kiralama,Peddlers 30A,,openstreetmap,30.2815027,-86.0192413,,https://www.openstreetmap.org/way/960687004,,
way/257042102,Küçük market,,,openstreetmap,30.3664983,-86.1811009,"42 US Highway 98 West, Santa Rosa Beach, FL, 32459",https://www.openstreetmap.org/way/257042102,,
way/939817443,Küçük market,,,openstreetmap,30.3503439,-86.2399012,"5044 County Highway 30A, Santa Rosa Beach, FL, 32459",https://www.openstreetmap.org/way/939817443,,
way/647078087,Küçük market,AMI,,openstreetmap,30.2637446,-85.9732546,"22917 Panama City Beach Parkway, Panama City Beach, 32413",https://www.openstreetmap.org/way/647078087,,
node/11950205002,Küçük market,Busy Bee,,openstreetmap,30.2116763,-85.8494924,,https://www.openstreetmap.org/node/11950205002,,
node/1108079252,Küçük market,Chevron,,openstreetmap,30.3742244,-86.2286343,,https://www.openstreetmap.org/node/1108079252,,
node/5002216258,Küçük market,Express Lane,,openstreetmap,30.2060933,-85.8580198,,https://www.openstreetmap.org/node/5002216258,,
way/1058342670,Küçük market,Express Lane,,openstreetmap,30.2994362,-85.8520625,,https://www.openstreetmap.org/way/1058342670,,
node/1107819070,Küçük market,Grayton Corner Store,,openstreetmap,30.3366381,-86.1666995,32459,https://www.openstreetmap.org/node/1107819070,,
way/1558592879,Küçük market,Quick Stop #2,,openstreetmap,30.4433622,-85.8744624,,https://www.openstreetmap.org/way/1558592879,,
node/1110368567,Küçük market,Sally's,,openstreetmap,30.3408607,-86.2042827,,https://www.openstreetmap.org/node/1110368567,,
node/6871738298,Küçük market,Subway,Marathon,openstreetmap,30.4432943,-85.8745241,"6590 Dogtrack Road, Ebro, FL, 32437",https://www.openstreetmap.org/node/6871738298,,
node/6003268501,Küçük market,Sunmart,,openstreetmap,30.2104598,-85.866034,"15400 Front Beach Road, 32413",https://www.openstreetmap.org/node/6003268501,,
way/257227660,Küçük market,Tom Thumb,,openstreetmap,30.3745018,-86.2749262,,https://www.openstreetmap.org/way/257227660,,
way/258037629,Küçük market,Tom Thumb,,openstreetmap,30.3776776,-86.3096153,,https://www.openstreetmap.org/way/258037629,,
way/931782022,Küçük market,Tom Thumb,,openstreetmap,30.3772554,-86.3356948,"9595 US Highway 98 West, Miramar Beach, FL, 32550",https://www.openstreetmap.org/way/931782022,,
way/948432869,Küçük market,Tom Thumb,,openstreetmap,30.3128783,-86.1124315,"3871 County Highway 30A, Santa Rosa Beach, FL, 32459",https://www.openstreetmap.org/way/948432869,,
kurum/Ascension Sacred Heart/Ascension Sacred Heart Emergency Care - Panama City Beach,Acil servis,Ascension Sacred Heart Emergency Care - Panama City Beach,Ascension Sacred Heart,kurumun kendi sitesi,30.1949615,-85.8107814,"11111 Panama City Beach Pkwy, Panama City Beach, FL, 32407",https://healthcare.ascension.org/Locations/Florida/FLPEN/Panama-City-Beach-Ascension-Sacred-Heart-Bay-Emergency-Room-Panama-City-Beach,2026-10-10,"Bölge kutusunun hemen dışında (kutu: güney 30.20, doğu -85.84). Doğu mahallelerine en yakın resmî acil servis olabileceği için eklendi; OpenStreetMap sorgusu bu noktayı kapsamaz. Sayfa 24/7 acil bakım diyor. Koordinat: kurumun konum sayfasındaki latlon alanı."
way/501470234,Acil servis,Sacred Heart Hospital on the Emerald Coast,,openstreetmap,30.3783521,-86.3069767,"7800 US Highway 98 West, Miramar Beach, 32550",https://www.openstreetmap.org/way/501470234,,Ascension Sacred Heart sitesinde doğrulandı (2026-10-10).
way/446878620,Yerel ve gurme market,Carousel Supermarket & Liquor Store,,openstreetmap,30.2399903,-85.9240598,"19440 Front Beach Road, Panama City Beach, 32413",https://www.openstreetmap.org/way/446878620,,
node/1108609693,Yerel ve gurme market,For The Health Of It,,openstreetmap,30.3402727,-86.2034405,"2217 County Highway 30A, Santa Rosa Beach, FL, 32459",https://www.openstreetmap.org/node/1108609693,,
node/1107833923,Yerel ve gurme market,Modica Market,,openstreetmap,30.3200965,-86.1368933,,https://www.openstreetmap.org/node/1107833923,,
node/12472736416,Yerel ve gurme market,Seacrest Sundries,,openstreetmap,30.2810748,-86.0182701,,https://www.openstreetmap.org/node/12472736416,,
way/624961085,Eczane,CVS Pharmacy,CVS Pharmacy,openstreetmap,30.3769809,-86.3507915,"10517 US Highway 98 West, Miramar Beach, FL, 32550",https://www.openstreetmap.org/way/624961085,,CVS Pharmacy sitesi bu bilgisayardan doğrulanamadı (2026-10-10).
way/634320096,Eczane,CVS Pharmacy,CVS Pharmacy,openstreetmap,30.2639293,-85.9743292,"23208 Front Beach Road, Panama City Beach, 32413",https://www.openstreetmap.org/way/634320096,,CVS Pharmacy sitesi bu bilgisayardan doğrulanamadı (2026-10-10).
way/929204162,Eczane,CVS Pharmacy,CVS Pharmacy,openstreetmap,30.3842562,-86.3809083,"60 South Holiday Road, Miramar Beach, FL, 32550",https://www.openstreetmap.org/way/929204162,,CVS Pharmacy sitesi bu bilgisayardan doğrulanamadı (2026-10-10).
node/1107818262,Eczane,Santa Rosa Pharmacy,,openstreetmap,30.3478929,-86.2302143,,https://www.openstreetmap.org/node/1107818262,,
node/13371908920,Eczane,Walmart Pharmacy,Walmart,openstreetmap,30.3449574,-86.0717937,,https://www.openstreetmap.org/node/13371908920,,
kurum/Ascension Sacred Heart/Ascension Sacred Heart Primary Care & Urgent Care - South Walton,Acil bakım (urgent care),Ascension Sacred Heart Primary Care & Urgent Care - South Walton,Ascension Sacred Heart,kurumun kendi sitesi,30.3744354,-86.2703552,"5551 U.S. 98 A, Santa Rosa Beach, FL, 32459",https://healthcare.ascension.org/locations/florida/flpen/santa-rosa-beach-ascension-sacred-heart-primary-care-and-urgent-care-south-walton,2026-10-10,"Kurumun Mart 2026 duyurusu: Ascension Sacred Heart Medical Group'un Walton County'deki ilk acil bakım merkezi; randevusuz, hafta içi 08-18, hafta sonu 08-15 (https://about.ascension.org/news/2026/03/first-ever-urgent-care-in-walton-county-and-new-primary-care-office-expand-healthcare-options-for-residents-and-visitors). Koordinat: kurumun konum sayfasındaki latlon alanı."
kurum/Emerald Coast Urgent Care/Emerald Coast Urgent Care Destin,Acil bakım (urgent care),Emerald Coast Urgent Care Destin,Emerald Coast Urgent Care,kurumun kendi sitesi,30.385286,-86.382697,"12598 Emerald Coast Parkway, Destin, FL 32550",https://emeraldcoasturgentcare.com/urgent-care-in-destin-fl/,2026-10-10,"Site şehri 'Destin' yazıyor; posta kodu 32550 ve adres servisi eşleşmesi Miramar Beach. Sayfa koordinat vermiyor. Koordinat: ABD Nüfus Bürosu Geocoder, adres aralığı eşlemesi (yaklaşık)."
kurum/Emerald Coast Urgent Care/Emerald Coast Urgent Care Inlet Beach,Acil bakım (urgent care),Emerald Coast Urgent Care Inlet Beach,Emerald Coast Urgent Care,kurumun kendi sitesi,30.274234,-85.999423,"13625 US-98, Suite 8-9, Inlet Beach, FL 32413",https://emeraldcoasturgentcare.com/inlet-beach-urgent-care/,2026-10-10,"Adres sayfanın JSON-LD alanından; sayfa koordinat vermiyor. Koordinat: ABD Nüfus Bürosu Geocoder, adres aralığı eşlemesi (yaklaşık)."
