ifade_tr,id,konu,ifade,deger,birim,kapsam,kaynak_adi,kaynak_sahibi,kaynak_url,belge_konumu,kisa_alinti,belge_tarihi,erisim_tarihi,belge_sha256,guven,durum,celiski_notu,yeniden_kontrol_tarihi,not
Florida Anayasası'na göre ortalama yüksek su çizgisinin altındaki kumsallar dahil gezilebilir suların altındaki topraklar devlet tarafından bütün halk adına emanet olarak tutulur.,hukuk-anayasa-islak-kum,plaj-hukuku,"Florida's Constitution says the state holds title to lands under navigable waters, including beaches below the mean high water line, in trust for all the people.",ortalama yüksek su çizgisinin altındaki kumsal devletin (halk adına),,Florida,"Constitution of the State of Florida, Article X, Section 11 (Sovereignty lands)",The Florida Senate,https://www.flsenate.gov/Laws/Constitution,"Art. X, s. 11","including beaches below mean high water lines, is held by the state, by virtue of its sovereignty, in trust for all the people",1970,2026-10-10,e40140ee197fa60cc2f4f2c0f9a60e9be375bd81b994cf5c81823ac8cc979b53,birincil,dogrulandi,,2027-04-10,Madde 1970'te kabul edildi (sayfadaki History satırı). Kuru kumun (ortalama yüksek su çizgisinin üstü) mülkiyetini bu madde düzenlemiyor.
"Walton County'nin 25 Ekim 2016'da kabul edilen ve 1 Nisan 2017'de yürürlüğe giren 2016-23 sayılı kararı, halkın ilçedeki bütün plajların kuru kum alanını eskiden beri gelen kullanımını (customary use) korunmuş ilan etti; özel kumullar ve kalıcı yapıların deniz tarafında 15 feet'lik tampon bıraktı.",hukuk-walton-2016-karar,plaj-hukuku,"Walton County's Ordinance 2016-23, adopted on 25 October 2016 and effective on 1 April 2017, declared the public's long-standing customary use of the dry sand areas of all county beaches protected, with a 15-foot buffer seaward of private dunes and permanent structures.",2016-10-25 (kabul); 2017-04-01 (yürürlük); 15 ft tampon,,Walton County,Walton County Ordinance No. 2016-23 (customary use),Walton County Clerk of Courts & Comptroller,https://waltonclerk.com/vertical/sites/%7BA6BED226-E1BB-4A16-9632-BB8E6515F4E0%7D/uploads/2016-23.pdf,"s. 1 (başlık), s. 3 (Section 5 ve kabul satırı)",PROTECTING THE PUBLIC'S LONG-STANDING CUSTOMARY USE OF THE DRY SAND AREAS OF THE BEACHES,2016-10-25,2026-10-10,326cabd8e11c6d9ed3c118f506b19f7666bad8409728919d1f426fb9f6e1781a,birincil,dogrulandi,,2027-04-10,"Belge taranmış görüntü; 1. ve 3. sayfa görüntü olarak okundu. Karar 28 Mart 2017'de 2017-10 sayılı kararla değiştirildi (Senato analizi SB 1622, dipnot 13; 2017-10 belgesi work/gorev-11/kaynaklar altında, SHA-256 manifest'te)."
"Florida'nın 2018 kanunu (CS/HB 631, Chapter 2018-94, yürürlük 1 Temmuz 2018) 163.035. maddeyi getirdi: bir yerel yönetim, ortalama yüksek su çizgisinin üstündeki plaj için customary use kuralını ancak bir mahkeme bunu her parsel sahibine bildirimden ve yönetimin ispat yükünü taşıdığı bir davadan sonra onaylarsa sürdürebilir.",hukuk-2018-kanun-surec,plaj-hukuku,"Florida's 2018 law (CS/HB 631, Chapter 2018-94, effective 1 July 2018) created s. 163.035: a local government may not keep a customary-use rule for the beach above the mean high water line unless a court has affirmed customary use, after notice to each parcel owner and a case in circuit court where the government bears the burden of proof.",2018-07-01 (yürürlük),,Florida,"Florida Senate Bill Analysis and Fiscal Impact Statement, CS/SB 1622 (Rules Committee, 23 April 2025)",The Florida Senate (Committee on Rules staff),https://www.flsenate.gov/Session/Bill/2025/1622/Analyses/2025s01622.rc.PDF,s. 5-6 (HB 631 (2018 Reg. Session)),may not adopt or keep in effect an ordinance or rule that is based upon the customary use of any portion of a beach,2025-04-23,2026-10-10,b8fb7e1b88c8d959c05c244b6eecc0f35efe8840ce17b423567b79876a1acdeb,birincil,dogrulandi,,2027-04-10,"Kanunun tarihleri Senato'nun HB 631 (2018) sayfasından: valinin onayı 2018-03-27, Chapter No. 2018-94, yürürlük 2018-07-01 (sayfa work/gorev-11/kaynaklar/www.flsenate.gov-53c60a628c.html)."
Walton County Aralık 2018'de 163.035. madde uyarınca 1.194 özel sahil mülkünde customary use'un onaylanması için mahkemeye dava açtı.,hukuk-dava-1194,plaj-hukuku,"In December 2018 Walton County filed a complaint under s. 163.035 asking the circuit court to affirm customary use on 1,194 private beachfront properties.",1194,özel mülk,Walton County,"Florida Senate Bill Analysis, CS/SB 1622 (23 April 2025)",The Florida Senate (Committee on Rules staff),https://www.flsenate.gov/Session/Bill/2025/1622/Analyses/2025s01622.rc.PDF,"s. 7-8 (Walton County Lawsuit), dipnot 38","Walton County filed a complaint in circuit court seeking a declaration affirming the existence of customary uses on 1,194 private properties",2025-04-23,2026-10-10,b8fb7e1b88c8d959c05c244b6eecc0f35efe8840ce17b423567b79876a1acdeb,birincil,dogrulandi,,2027-04-10,"Dava: In re: Affirming Existence of Recreational Customary Use on 1,194 Private Properties, Case No. 2018-CA-000547."
"Florida Senatosu'nun 2025 kanun analizine göre dava hiç duruşmaya gitmedi: itiraz eden sahipler ya customary use olmadığı tespitiyle davadan çıkarıldı ya da halka yürüme ve oturma için 20 feet'lik geçiş alanı veren bir uzlaşma yaptı; mahkeme customary use'u yalnız hiç itiraz etmemiş, temsil edilmeyen 95 parselde kabul etti (nihai özet karar, 14 Şubat 2024).",hukuk-dava-sonuc-2024,plaj-hukuku,"According to the Florida Senate's 2025 bill analysis, the case never went to trial: owners who objected either obtained a dismissal with a finding of no customary use or settled, giving the public a 20-foot transitory area for walking and sitting; the court found customary use only on 95 unrepresented parcels that never objected (final summary judgment, 14 February 2024).",95 parsel; 20 ft geçiş alanı (uzlaşanlarda),,Walton County,"Florida Senate Bill Analysis, CS/SB 1622 (23 April 2025)",The Florida Senate (Committee on Rules staff),https://www.flsenate.gov/Session/Bill/2025/1622/Analyses/2025s01622.rc.PDF,"s. 8, dipnot 40-41","Out of the initial 1,194 properties at issue, the court only had to decide whether the public had customary use rights over 95 unrepresented properties",2025-04-23,2026-10-10,b8fb7e1b88c8d959c05c244b6eecc0f35efe8840ce17b423567b79876a1acdeb,birincil,dogrulandi,,2027-04-10,Mahkemenin 14 Şubat 2024 nihai kararının kopyası (Clark Partington sitesinde) taranmış görüntü; metni bu işte okunmadı (work/gorev-11/kaynaklar/clarkpartington.com-a90daeb574.pdf). Bu karar 2026'da hükümsüz sayıldı: hukuk-2026-temyiz.
"Vali tarafından 24 Haziran 2025'te onaylanan ve yayımlanınca yürürlüğe giren Chapter 2025-178 (CS/SB 1622), 163.035. maddeyi yürürlükten kaldırdı.",hukuk-2025-kaldirma,plaj-hukuku,"Chapter 2025-178, Laws of Florida (CS/SB 1622), approved by the Governor on 24 June 2025 and effective on becoming law, repealed s. 163.035.",2025-06-24,,Florida,"Laws of Florida, Chapter 2025-178",Florida Department of State (laws.flrules.org),https://laws.flrules.org/2025/178,Section 1; s. 2 (onay satırı),"Section 1. Section 163.035, Florida Statutes, is repealed.",2025-06-24,2026-10-10,6e8acaa99b4663f54188242b7d8cc1fab719ca9eabe5ab0b3b71eedcc75c29ef,birincil,dogrulandi,,2027-04-10,"Senato'nun bill sayfası onayı 6/25/2025, yürürlüğü 6/24/2025 diye listeliyor; kanun metni 'Approved by the Governor June 24, 2025' diyor. Tabloya kanun metnindeki tarih yazıldı."
"Aynı 2025 kanunu, en az üç belediyesi olan ve nüfusu 275.000'den az olan Gulf kıyısı ilçelerinde erozyon kontrol çizgisini ortalama yüksek su çizgisi olarak belirliyor; devletin oradaki kritik aşınmış plajları kamu irtifakı olmadan onarmasına izin veriyor ve bu çizginin deniz tarafına eklenen kumu devlet arazisi olarak tutuyor.",hukuk-2025-ecl,plaj-hukuku,"The same 2025 law sets the erosion control line at the mean high-water line in Gulf counties with at least three municipalities and fewer than 275,000 people, lets the state restore critically eroded beaches there without a public easement, and keeps sand added seaward of that line as state sovereignty land.",en az 3 belediye ve 275.000'den az nüfus,,Florida,"Laws of Florida, Chapter 2025-178",Florida Department of State (laws.flrules.org),https://laws.flrules.org/2025/178,Section 2 (1)-(4),Any additions to property seaward of the erosion control line which result from the restoration project remain state sovereignty lands.,2025-06-24,2026-10-10,6e8acaa99b4663f54188242b7d8cc1fab719ca9eabe5ab0b3b71eedcc75c29ef,birincil,dogrulandi,,2027-04-10,Kanun ilçe adı vermiyor; Walton County'nin bu koşullara uyduğu kanun metninde yazmıyor (doğrulanmadı).
"Senato analizine göre 163.035'in kaldırılması customary use'u 2018 öncesindeki düzene döndürür: yerel yönetim customary use kararı çıkarabilir, sahipler buna mahkemede itiraz edebilir ve mahkemeler her olaya ayrı karar verir.",hukuk-2025-etki,plaj-hukuku,"The Senate analysis says repealing s. 163.035 returns customary use to how it was decided before 2018: a local government may adopt a customary-use ordinance, owners may challenge it in court, and courts decide case by case.",2018 öncesi düzene dönüş,,Florida,"Florida Senate Bill Analysis, CS/SB 1622 (23 April 2025)",The Florida Senate (Committee on Rules staff),https://www.flsenate.gov/Session/Bill/2025/1622/Analyses/2025s01622.rc.PDF,Effect of Proposed Changes (Repeal of s. 163.035),Repeal of the statute means a return to how customary use rights were determined prior to enactment of the statute,2025-04-23,2026-10-10,b8fb7e1b88c8d959c05c244b6eecc0f35efe8840ce17b423567b79876a1acdeb,birincil,dogrulandi,,2027-04-10,
"Florida 1. Bölge Temyiz Mahkemesi 18 Şubat 2026'da sahil mülk sahiplerinin Şubat 2024 kararına karşı başvurularını reddetti; taraflar kabul etti, mahkeme de katıldı: 2025'teki yürürlükten kaldırmadan sonra nihai karar hükümsüzdür ve hukuki etkisi yoktur.",hukuk-2026-temyiz,plaj-hukuku,"On 18 February 2026 Florida's First District Court of Appeal dismissed beachfront owners' petitions against the February 2024 judgment; the parties conceded, and the court agreed, that after the 2025 repeal the final judgment is a nullity with no legal effect.",2026-02-18,,Walton County,"T. Michael Glenn Trust v. Walton County, Nos. 1D2024-0682, -0720, -0748 (Fla. 1st DCA 2026)",Florida First District Court of Appeal,https://flcourts-media.flcourts.gov/content/download/2485113/opinion/Opinion_2024-0682.pdf,s. 1-2,"At oral argument, the parties conceded the final judgment is a nullity. We agree.",2026-02-18,2026-10-10,fadd668ba70083656e43f394117000842616cebdacab59fd294ed692466944bf,birincil,dogrulandi,,2027-04-10,Mahkeme anayasaya uygunluk konusuna girmedi (dilekçe zarar şartı yüzünden reddedildi).
"Aynı davada ilçe, kaldırmanın tarafları 'başlangıç noktasına' döndürdüğünü, 2017 customary use kararının 163.035 ile geçersiz hâle geldiğini ve artık yürürlükte olmadığını, yerel özerklik yetkisiyle yeni bir karar çıkarabileceğine inandığını söyledi.",hukuk-2026-ilce-tutum,plaj-hukuku,"In the same appeal the county said the repeal brought the parties back to 'square one', that its 2017 customary-use ordinance was invalidated by s. 163.035 and is no longer in effect, and that it believed it could adopt a new ordinance under home rule power.",2017 kararı yürürlükte değil (ilçenin beyanı),,Walton County,"T. Michael Glenn Trust v. Walton County (Fla. 1st DCA, 18 February 2026)",Florida First District Court of Appeal,https://flcourts-media.flcourts.gov/content/download/2485113/opinion/Opinion_2024-0682.pdf,s. 2,affirmed its previous posture that the 2017 ordinance was invalidated by section 163.035 and no longer in effect,2026-02-18,2026-10-10,fadd668ba70083656e43f394117000842616cebdacab59fd294ed692466944bf,birincil,dogrulandi,,2027-04-10,İlçenin mahkemedeki beyanı; mahkeme 2017 kararının durumu hakkında hüküm vermedi.
Walton County katipliğinin yayımladığı 2026-01 ile 2026-10 numaralı kararlar arasında (10 Ekim 2026'da kontrol edildi) plajın customary use'u ile ilgili olan yok.,hukuk-2026-yeni-karar-yok,plaj-hukuku,"Among the Walton County ordinances numbered 2026-01 to 2026-10 posted by the Clerk (checked on 10 October 2026), none concerns customary use of the beach.",0,customary use kararı (2026-01…2026-10),Walton County,Walton County Clerk — 2026 ordinances (2026-01 … 2026-10),Walton County Clerk of Courts & Comptroller,https://waltonclerkfl.gov/vertical/sites/%7BA6BED226-E1BB-4A16-9632-BB8E6515F4E0%7D/uploads/2026-10.pdf,her kararın başlık sayfası,,2026,2026-10-10,4be611be49dd64bbb510a4e4de7526534b8809cc4ba3e63e06b8ab15d5ae0747,birincil,dogrulandi,,2027-04-10,"Bizim kontrolümüz: 10 kararın başlığı okundu (2026-01 taranmış, görüntü olarak okundu); 2026-11 ve sonrası klerk sitesinde bulunamadı (404). SHA-256 2026-10'un; diğer dokuzunun SHA-256'ları work/gorev-11/kaynaklar/manifest.json içinde. Mayıs 2026'da halkın plaj kullanımını destekleyen bir önergenin (resolution) gündeme geldiği yalnız ikincil kaynakta geçiyor; resmî metni ve kabul edilip edilmediği doğrulanamadı."
"Walton County Turizm Dairesi'ne göre ilçenin customary use uzlaşma anlaşması kapsamında, uzlaşma ve özet karara dahil parsellerde halkın ıslak-kuru kum çizgisinin kara tarafında 20 feet'lik bir geçiş alanı var; ilçe plajlarının yaklaşık üçte ikisi halka açık.",hukuk-gecis-alani-turizm,plaj-hukuku,"Walton County Tourism says that, under the county's customary-use settlement agreement, the public has a 20-foot transitory zone landward of the wet-dry shoreline on parcels that were part of the settlement and summary judgment, and that about two-thirds of the county's beaches are available to the public.",20 ft geçiş alanı; plajların yaklaşık üçte ikisi,,Walton County,"Walton County Tourism — A Beach Within Reach: Access May Look Different, But Still Accessible",Walton County Tourism Department,https://www.waltoncountyfltourism.com/beach-within-reach/,sayfa metni,Approximately two-thirds of Walton County's beaches are available for the public to enjoy.,,2026-10-10,91603c7f3d8300f78fd041092aec62b6275711681c80d1b95fdd03e0e17ab9d8,birincil,celiskili,Sayfa tarihsiz. 18 Şubat 2026 temyiz kararına göre 2024 nihai kararı hükümsüz (hukuk-2026-temyiz). Uzlaşma anlaşmalarındaki 20 ft alanın bugün geçerli olup olmadığını okunan hiçbir birincil kaynak söylemiyor.,2027-04-10,"Aynı sayfa Alys Beach, Rosemary Beach ve Seaside gibi tatil bölgelerini plajın özel kalan kısımlarına örnek veriyor."
Kontrol edilen iddia: 'Yeni bir yasa imzalandı ve 30A'da özel plaj kalmadı.',hukuk-iddia-ozel-plaj-kalmadi,plaj-hukuku,Claim checked: 'a new law was signed and there are no private beaches left in 30A'.,doğrulanamadı,,Walton County,"Laws of Florida, Chapter 2025-178 (kontrol edilen kanun)",Florida Department of State (laws.flrules.org),https://laws.flrules.org/2025/178,kanun metninin tamamı,,2025-06-24,2026-10-10,6e8acaa99b4663f54188242b7d8cc1fab719ca9eabe5ab0b3b71eedcc75c29ef,birincil,dogrulanamadi,,2027-04-10,"İddianın ilk yarısı doğru: 24 Haziran 2025'te bir kanun imzalandı (hukuk-2025-kaldirma). İkinci yarısını destekleyen birincil kaynak yok: kanun kuru kumu halka açmıyor, yalnız 163.035'i kaldırıyor ve erozyon kontrol çizgisini düzenliyor (hukuk-2025-ecl); ilçe Şubat 2026'da 2017 kararının yürürlükte olmadığını söyledi (hukuk-2026-ilce-tutum); 2026 kararları arasında customary use yok (hukuk-2026-yeni-karar-yok); ilçe turizm dairesi bazı bölümlerin özel kaldığını söylüyor (hukuk-gecis-alani-turizm, tarihsiz). Videoda 'özel plaj kalmadı' denemez."
"Video için özet, bu kaynakların söylediği kadarıyla: Walton County'de ortalama yüksek su çizgisinin altındaki ıslak kum halka açıktır, üstündeki kuru kumun bir kısmı özel mülktür; Şubat 2026 itibarıyla ne ilçenin 2017 customary use kararı ne de 2024 mahkeme kararı yürürlüktedir; bu yüzden plaja gidenler halka açık plaj erişimlerini kullanmalıdır.",hukuk-video-ozet,plaj-hukuku,"Summary for the video, as far as these sources go: in Walton County the wet sand below the mean high water line is public, parts of the dry sand above it are privately owned, and as of February 2026 neither the county's 2017 customary-use ordinance nor the 2024 court judgment is in effect, so beachgoers should use the public beach accesses.",,,Walton County,"Türetilmiş özet (hukuk-anayasa-islak-kum, hukuk-2026-temyiz, hukuk-2026-ilce-tutum, hukuk-2026-yeni-karar-yok)",Florida First District Court of Appeal (son dayanak),https://flcourts-media.flcourts.gov/content/download/2485113/opinion/Opinion_2024-0682.pdf,,,2026-02-18,2026-10-10,fadd668ba70083656e43f394117000842616cebdacab59fd294ed692466944bf,birincil,dogrulandi,,2027-04-10,Bizim özetimiz (türetilmiş); tek başına bir kaynağın cümlesi değil. 'Özel kısım' için kaynak ilçe turizm dairesinin tarihsiz sayfası. 10 Ekim 2026'dan sonraki bir ilçe kararı bu özeti değiştirebilir.
"Yumuşak kum için tasarlanmış sınırlı sayıda plaj tekerlekli sandalyesi South Walton İtfaiye Bölgesi aracılığıyla 1 Mart–31 Ekim arasında, 10:30–17:30'da ücretsiz verilir.",erisim-tekerlekli-sandalye,erisilebilirlik,"A limited number of beach wheelchairs designed for soft sand are offered free of charge through the South Walton Fire District, from 1 March to 31 October, 10:30 a.m. to 5:30 p.m.","ücretsiz; 1 Mart–31 Ekim, 10:30–17:30",,South Walton,Visit South Walton — Accessibility,Walton County Tourism Department (Visit South Walton),https://www.visitsouthwalton.com/accessibility/,sayfa metni,"a limited number of beach wheelchairs specially designed to traverse soft sand, are available free of charge",,2026-10-10,dd415dda58bd3babf1dff86f23cabd2bb7932ecfe85c078719364551967dec94,birincil,dogrulandi,,2027-04-10,Sayfa tarihsiz (© 2026). Rezervasyon gerekip gerekmediğini sayfa söylemiyor.
"Plaj tekerlekli sandalyeleri Miramar Beach (Kule 54), Ed Walline (Kule 33), Santa Clara (Kule 21) ve Inlet Beach (Kule 11) erişimlerinde bulunur.",erisim-sandalye-yerleri,erisilebilirlik,"The beach wheelchairs are located at Miramar Beach (Tower 54), Ed Walline (Tower 33), Santa Clara (Tower 21) and Inlet Beach (Tower 11).",4,yer,South Walton,Visit South Walton — Accessibility,Walton County Tourism Department (Visit South Walton),https://www.visitsouthwalton.com/accessibility/,sayfa metni,They are located at the following beach accesses,,2026-10-10,dd415dda58bd3babf1dff86f23cabd2bb7932ecfe85c078719364551967dec94,birincil,dogrulandi,,2027-04-10,"Bizim 53 erişimimizle eşleme: ilçe listesinde 'Beach Wheelchairs Available' özelliği Ed Walline, Santa Clara ve Inlet Beach bölgesel erişimlerinde var (3'ü de eşleşti); Miramar Beach 30A dışında, listemizde yok."
"Visit South Walton, South Walton'ın dokuz bölgesel plaj erişiminden altısını ADA'ya uygun olarak listeliyor: Miramar Beach, Fort Panic, Dune Allen, Ed Walline, Santa Clara ve Inlet Beach (yalnız orta yürüyüş yolu).",erisim-ada-bolgesel,erisilebilirlik,"Visit South Walton lists six of South Walton's nine regional beach accesses as ADA accessible: Miramar Beach, Fort Panic, Dune Allen, Ed Walline, Santa Clara and Inlet Beach (center walk only).",6,bölgesel erişim,South Walton,Visit South Walton — Accessibility,Walton County Tourism Department (Visit South Walton),https://www.visitsouthwalton.com/accessibility/,sayfa metni,six of South Walton's nine regional beach accesses are ADA accessible,,2026-10-10,dd415dda58bd3babf1dff86f23cabd2bb7932ecfe85c078719364551967dec94,birincil,celiskili,"Aynı kurumun başka sayfası 11 bölgesel erişim diyor (erisim-bolgesel-tanim). İlçenin erişim listesinde (bizim 53 erişim) ADA özelliği taşıyan bölgesel erişimler bu altıdan 30A'daki beşine ek olarak Blue Mountain, Gulfview Heights ve Seagrove'u da içeriyor.",2027-04-10,"Eşleme: Fort Panic, Dune Allen, Ed Walline, Santa Clara, Inlet Beach listemizde var; Miramar Beach 30A dışında."
Ed Walline bölgesel plaj erişimine tekerlekli sandalyeye uygun erişim matları (AccessMats) döşendi; matlar 5 feet genişliğinde ve Gulf'e doğru 120 feet uzanıyor.,erisim-mat-ed-walline,erisilebilirlik,Wheelchair-friendly access mats (AccessMats) were installed at the Ed Walline regional beach access; they are 5 feet wide and run 120 feet down to the Gulf.,5 × 120,ft (genişlik × uzunluk),South Walton,"Visit South Walton press release — New, Wheelchair-Friendly Mats …",Walton County Tourism Department (Visit South Walton),https://www.visitsouthwalton.com/news/press-release/new-wheelchair-friendly-mats-provide-greater-accessibility-ed-walline-regional-beach-access/,basın bülteni metni,The mats are 5-feet wide and extend 120-feet feet down to the Gulf,2017-12-11,2026-10-10,ca1939e34b14bbba650ef3e21f59e51d2a85b4e656d2db3c943e3c471edfcde8,birincil,dogrulandi,,2027-04-10,2026 erişilebilirlik sayfası matların Ed Walline'da bulunduğunu yineliyor; ölçüler yalnız 2017 bülteninde.
"Walton County Turizm Dairesi'nin 2025 ziyaretçi çalışmasında (Downs & St. Germain Research, 2.655 anket) ziyaretçilerin en çok geldiği pazarlar Atlanta (%11.1), Nashville (%7.5), Dallas–Fort Worth (%4.8), Birmingham (%4.0) ve Houston (%3.6) idi.",ziyaretci-koken-2025,kalabalik,"In Walton County Tourism's 2025 visitor study (Downs & St. Germain Research, 2,655 surveys), the top origin markets were Atlanta (11.1%), Nashville (7.5%), Dallas–Fort Worth (4.8%), Birmingham (4.0%) and Houston (3.6%) of visitors.","11,1 / 7,5 / 4,8 / 4,0 / 3,6",% ziyaretçi,Walton County,Walton County Tourism — 2025 Visitor Tracking & Economic Impact Study (January–December 2025),Walton County Tourism Department (Downs & St. Germain Research),https://www.waltoncountyfltourism.com/userfiles/Walton_County_Tourism_2025_Annual_Visitor_Tracking_Report_2.pdf,"s. 3 (yöntem), s. 21 ve s. 55 (Top Origin Markets)","Over 1 in 3 visitors are from the Atlanta, Nashville, Dallas - Fort Worth, Birmingham, Houston, or Memphis markets.",,2026-10-10,8cd64944de1c46c6ac2072669b8747e08dd63a80d2b35d94defe40101b663631,birincil,dogrulandi,,2027-06-10,"Örnek: 2.655 anket (internet ve yüz yüze). Sonraki pazarlar: Memphis 3,2; Mobile-Pensacola 3,0; New Orleans 3,0."
"Gwinnett County Public Schools (Atlanta metrosu) 2026–27 takviminde güz tatili 12–16 Ekim 2026, bahar tatili 5–9 Nisan 2027.",okul-atlanta-gwinnett,kalabalik,Gwinnett County Public Schools (Atlanta metro) sets Fall Break on 12–16 October 2026 and Spring Break on 5–9 April 2027 in its 2026–27 calendar.,Güz: 12–16 Ekim 2026; Bahar: 5–9 Nisan 2027,,Okul bölgesi,Gwinnett County Public Schools — 2026-2027 Calendar (English),Gwinnett County Public Schools,https://resources.finalsite.net/images/v1763731085/gcpsk12org/suynhcfmmtbkcezkswf4/Calendar2026-2027Englisheq.pdf,Ekim 2026 ve Nisan 2027 kutuları,12 -16 Fall Break (School Holidays) … 5-9 Spring Break (School Holidays),2026,2026-10-10,675843140b7ef92a8305c9794e46d4bc42fc24d21ba93f5286587eb6c014524e,birincil,dogrulandi,,2027-03-01,Ayrıca 12–16 Şubat 2027 öğrenci/öğretmen tatili. Metronun en büyük okul bölgesi olarak seçilmesi bizim seçimimiz; bu görevde resmî bir öğrenci sayısı karşılaştırmasıyla doğrulanmadı.
"Metro Nashville Public Schools'ta güz tatili 12–16 Ekim 2026, bahar tatili 22–25 Mart 2027; 26 Mart 2027 bölgenin kapalı olduğu bahar tatil günü.",okul-nashville-mnps,kalabalik,"Metro Nashville Public Schools sets fall recess on 12–16 October 2026 and spring recess on 22–25 March 2027, with 26 March 2027 a spring holiday when the district is closed.",Güz: 12–16 Ekim 2026; Bahar: 22–26 Mart 2027,,Okul bölgesi,MNPS 2026-2027 District Calendar (Spanish edition),Metropolitan Nashville Public Schools,https://resources.finalsite.net/images/v1772556596/mnpsorg/f7f38j4xw1jtpdhcmpgg/MNPS2026-2027DistrictCalendar_Spanish.pdf,Semestre de otoño / de la primavera,12 al 16 de octubre: Receso de otoño … 22 al 25 de marzo: Receso de primavera,2026,2026-10-10,1ec971450b5641d56c5b32381042c2cfa55c599d5c0f4770fa13dc7196457ab4,birincil,dogrulandi,,2027-03-01,İngilizce PDF sayfada bağlantılı bulunamadı; bölgenin kendi İspanyolca resmî PDF'i kullanıldı. Metronun en büyük okul bölgesi olarak seçilmesi bizim seçimimiz; bu görevde resmî bir öğrenci sayısı karşılaştırmasıyla doğrulanmadı.
"Dallas ISD takviminde güz tatili 8–9 Ekim 2026, bahar tatili 15–19 Mart 2027.",okul-dfw-dallas,kalabalik,Dallas ISD's district calendar shows Fall Break on 8–9 October 2026 and Spring Break on 15–19 March 2027.,Güz: 8–9 Ekim 2026; Bahar: 15–19 Mart 2027,,Okul bölgesi,Dallas ISD — District Calendar (October 2026 and March 2027 views),Dallas Independent School District,https://www.dallasisd.org/dallas-isd-calendar?cal_date=2027-03-01,"takvim görünümü, Mart 2027","Monday, March 15 Spring Break",,2026-10-10,c7890821092f3c2ea546345fe5bfbc2e61f0d4b4479870b2b1461e0ac28aa082,birincil,dogrulandi,,2027-03-01,Güz tatili Ekim 2026 görünümünden (work/gorev-11/kaynaklar/www.dallasisd.org-07ec0baf45.html). PDF takvim sayfada bulunamadı; sitenin etkinlik takvimi kullanıldı. Metronun en büyük okul bölgesi olarak seçilmesi bizim seçimimiz; bu görevde resmî bir öğrenci sayısı karşılaştırmasıyla doğrulanmadı.
"Jefferson County Schools (Birmingham bölgesi, Alabama) bahar tatili 22–26 Mart 2027 (22–23 Mart gerekirse hava telafi günü); Ekim'deki tek kapanış 12 Ekim 2026 Columbus Day.",okul-birmingham-jefcoed,kalabalik,"Jefferson County Schools (Birmingham area, Alabama) sets Spring Break on 22–26 March 2027, with 22–23 March also weather make-up days if needed; its only October closure is Columbus Day on 12 October 2026.",Bahar: 22–26 Mart 2027; güz tatili yok (12 Ekim tek gün),,Okul bölgesi,"Jefferson County Schools — 2026-2027 Calendar Final (English), board approved 1/22/26",Jefferson County Schools (JEFCOED),https://files-backend.assets.thrillshare.com/documents/asset/uploaded_file/5107/Jcs/dc461b80-1bac-4488-b5cb-7d44da2177b3/2026-2027-Calendar-Final-%28English%29.pdf?disposition=inline,takvim lejantı,22nd - 26th Spring Break / 22nd&23rd Weather Day (If Needed),2026-01-22,2026-10-10,f5507b03407e35758509b6347bac835884ee912ccd6ba72cf87290e1a8ba723f,birincil,dogrulandi,,2027-03-01,"Site doğrudan isteğe 403 verdi; bağlantı bilgisayardaki Chrome'da açılan sayfadan alındı, PDF doğrudan indirildi. Metronun en büyük okul bölgesi olarak seçilmesi bizim seçimimiz; bu görevde resmî bir öğrenci sayısı karşılaştırmasıyla doğrulanmadı."
"Houston ISD'nin 2026–27 yıllık takvimi 8–12 Mart 2027'yi ve 26 Mart 2027'yi 'ders yok (recess)' olarak işaretliyor; güz tatili yok, yalnız 9 Ekim 2026'da ders olmayan bir personel gelişim günü var.",okul-houston-hisd,kalabalik,"Houston ISD's 2026–27 yearly calendar marks 8–12 March 2027 and 26 March 2027 as 'Recess (no classes)'; it shows no fall break, only a staff development day with no classes on 9 October 2026.",Bahar: 8–12 Mart 2027 (+26 Mart); güz tatili yok,,Okul bölgesi,Houston ISD — 2026-2027 Yearly Calendar (Rev. 4/6/26),Houston Independent School District,https://resources.finalsite.net/images/v1778869644/houstonisdorg/ridqkffwxvmqpcwmksmg/2026-2027YearlyCalendarRev4_6_26.pdf,Mart 2027 ve Ekim 2026 satırları,8-12 ..... Recess (no classes),2026-04-06,2026-10-10,f2b304807195b776c2bd322fdb60f7ad01310983b82b24ad8adb504451b0e426,birincil,dogrulandi,,2027-03-01,Takvim 'spring break' sözcüğünü kullanmıyor; 'Recess (no classes)' diyor. Metronun en büyük okul bölgesi olarak seçilmesi bizim seçimimiz; bu görevde resmî bir öğrenci sayısı karşılaştırmasıyla doğrulanmadı.
"30A Songwriters Festival Ocak ayında 30A boyunca mekânlarda yapılır, merkezi ve gişesi WaterColor'dadır; 18. yılı olan 2027 festivali 15–18 Ocak 2027'de.",etkinlik-30a-songwriters,etkinlikler,"The 30A Songwriters Festival is held in January at venues along 30A, with its headquarters and box office in WaterColor; the 2027 festival, its 18th year, is set for 15–18 January 2027.",Ocak (2027: 15–18 Ocak),,30A,30A Songwriters Festival — official site,30A Songwriters Festival,https://www.30asongwritersfestival.com/,ana sayfa,"throughout the weekend of January 15 – 18, 2027",,2026-10-10,2f6291c04753be2ff4a4872c155851eaf1ee9052d4f442cdaf50590da7d5b5eb,birincil,dogrulandi,,2027-01-10,"Ana sahne Grand Boulevard (Miramar Beach), 30A mahallelerinin dışında. Site 160+ sanatçı ve 30 mekân diyor."
30A Wine Festival Şubat'ta Alys Beach'te yapılır; 2027 festivali 17–21 Şubat 2027'de.,etkinlik-30a-wine-festival,etkinlikler,The 30A Wine Festival is held in Alys Beach in February; the 2027 festival is set for 17–21 February 2027.,Şubat (2027: 17–21 Şubat),,30A,30A Wine Festival — official site (Alys Beach),Alys Beach,https://www.30awinefestival.com/,ana sayfa,"2027 30A WINE FESTIVAL WILL BE HELD FEBRUARY 17-21, 2027",,2026-10-10,5b115f6da3b0c4f3d955ddad054ae19fef92f21db01ce5dc05176fc2dde5f311,birincil,dogrulandi,,2027-01-10,2026'da 14. festival 18–22 Şubat'ta yapıldı.
Seaside School Half Marathon + 5K Şubat'ta Seaside Amfitiyatrosu'ndan başlar (15 Şubat 2026); 2027 tarihi Seaside'ın takviminde henüz yok.,etkinlik-seaside-yari-maraton,etkinlikler,The Seaside School Half Marathon + 5K starts at the Seaside Amphitheater in February (15 February 2026); a 2027 date is not yet on Seaside's calendar.,Şubat (2026: 15 Şubat),,30A,Seaside — events calendar (annual events),Seaside (Seaside Community Development Corp.),https://seasidefl.com/wp-json/tribe/events/v1/events?categories=annual-events&start_date=2026-01-01&end_date=2027-12-31&per_page=50,etkinlik: seaside-school-half-marathon-5k,Seaside School Half Marathon + 5K,,2026-10-10,4d467e09d13cab0de9e6482867c18f1b4edde3866c1d6326e2c136dda1bd7950,birincil,dogrulandi,,2027-01-10,Seaside'ın kendi etkinlik takviminin 'annual-events' kategorisinden (sitenin veri servisi).
South Walton Beaches Wine & Food Festival Nisan'da Miramar Beach'teki Grand Boulevard'da yapılan dört günlük bir festivaldir; 2027 ayrıntıları henüz yayımlanmadı.,etkinlik-sowal-wine-food,etkinlikler,The South Walton Beaches Wine & Food Festival is a four-day festival held in April at Grand Boulevard in Miramar Beach; 2027 details are not yet published.,Nisan,,South Walton,SoWalWine — South Walton Beaches Wine & Food Festival (official site),South Walton Beaches Wine & Food Festival / Grand Boulevard,https://grandboulevard.com/sowalwine/,ana sayfa,"In April, the South Walton Beaches Wine & Food Festival pours out the fun during a four-day extravaganza",,2026-10-10,3382984fa615f6404c29c94646db1b867d53f44fad71709ceb8342bfaf568ec5,birincil,dogrulandi,,2027-01-10,sowalwine.com adresi grandboulevard.com'daki festival sayfasına yönleniyor. Miramar Beach 30A mahallelerinin dışında.
"Alys Beach'te Mayıs'ta yapılan projeksiyon sanatı festivali Digital Graffiti (15–16 Mayıs 2026) iki yılda bir düzenine geçiyor; sonraki 19–20 Mayıs 2028'de, yani 2027'de yapılmayacak.",etkinlik-digital-graffiti,etkinlikler,"Digital Graffiti, the projection-art festival in Alys Beach held in May (15–16 May 2026), is moving to a two-year cycle; the next one is set for 19–20 May 2028, so none is planned for 2027.","Mayıs, iki yılda bir (sonraki: 19–20 Mayıs 2028)",,30A,Digital Graffiti at Alys Beach — official site,Alys Beach,https://www.digitalgraffiti.com/,ana sayfa,"SAVE THE DATE FOR MAY 19-20, 2028. SEE YOU IN 2028!",,2026-10-10,833ad63e9fb337e386e09c8c63e9fb7ebad5ab70a531da0cac326c372b121de1,birincil,dogrulandi,,2027-01-10,
Seaside 4 Temmuz'da Central Square'de Bağımsızlık Günü kutlaması yapar.,etkinlik-seaside-4-temmuz,etkinlikler,Seaside holds an Independence Day Celebration in its Central Square on 4 July.,4 Temmuz,,30A,Seaside — events calendar (annual events),Seaside (Seaside Community Development Corp.),https://seasidefl.com/wp-json/tribe/events/v1/events?categories=annual-events&start_date=2026-01-01&end_date=2027-12-31&per_page=50,etkinlik: independence-day-celebration-2026,Independence Day Celebration,,2026-10-10,4d467e09d13cab0de9e6482867c18f1b4edde3866c1d6326e2c136dda1bd7950,birincil,dogrulandi,,2027-01-10,Seaside'ın kendi etkinlik takviminin 'annual-events' kategorisinden (sitenin veri servisi).
Seaside'ın her yıl yapılan Halloweener Derby'si (dachshund yarışı ve köpek kostüm yarışması) Ekim sonunda yapılır (24 Ekim 2026).,etkinlik-seaside-halloweener,etkinlikler,"Seaside's annual Halloweener Derby, a dachshund race and dog costume contest, is held in late October (24 October 2026).",Ekim sonu (2026: 24 Ekim),,30A,Seaside — events calendar (annual events),Seaside (Seaside Community Development Corp.),https://seasidefl.com/wp-json/tribe/events/v1/events?categories=annual-events&start_date=2026-01-01&end_date=2027-12-31&per_page=50,etkinlik: annual-halloweener-derby,Annual Halloweener Derby: Dachshund Race & Dog Costume Contest,,2026-10-10,4d467e09d13cab0de9e6482867c18f1b4edde3866c1d6326e2c136dda1bd7950,birincil,dogrulandi,,2027-01-10,Seaside'ın kendi etkinlik takviminin 'annual-events' kategorisinden (sitenin veri servisi).
Seaside'ın Seeing Red Wine Festival'i Kasım başında yapılır (5–8 Kasım 2026); büyük tadım 7 Kasım 2026'da Central Square'de.,etkinlik-seaside-seeing-red,etkinlikler,"Seaside's Seeing Red Wine Festival is held in early November (5–8 November 2026), with its Grand Tasting in Central Square on 7 November 2026.",Kasım başı (2026: 5–8 Kasım),,30A,Seaside — events calendar (annual events),Seaside (Seaside Community Development Corp.),https://seasidefl.com/wp-json/tribe/events/v1/events?categories=annual-events&start_date=2026-01-01&end_date=2027-12-31&per_page=50,etkinlikler: seeing-red-wine-festival-*,Seeing Red Wine Festival Grand Tasting,,2026-10-10,4d467e09d13cab0de9e6482867c18f1b4edde3866c1d6326e2c136dda1bd7950,birincil,dogrulandi,,2027-01-10,Seaside'ın kendi etkinlik takviminin 'annual-events' kategorisinden (sitenin veri servisi).
Rosemary Beach'teki yemek ve şarap etkinliği Rosemary Beach Uncorked 15. yılını 14 Kasım 2026'da kutluyor.,etkinlik-rosemary-uncorked,etkinlikler,"Rosemary Beach Uncorked, a food and wine event in Rosemary Beach, celebrates its 15th year on 14 November 2026.",Kasım (2026: 14 Kasım),,30A,Rosemary Beach — Rosemary Beach Uncorked,Rosemary Beach,https://rosemarybeach.com/events/rosemary-beach-uncorked-2/,etkinlik sayfası,"Rosemary Beach Uncorked™ will celebrate its 15th year with the 2026 event set to take place Saturday, November 14, 2026",,2026-10-10,675278cff6dfbbb7f7c15a8ca8d279d307d04ebf87c2b07e30d868f037d4227b,birincil,dogrulandi,,2027-01-10,
30A 10K Thanksgiving Day Races Şükran Günü'nde Rosemary Beach'te yapılır; 15. yarışlar 26 Kasım 2026'da.,etkinlik-30a-10k,etkinlikler,The 30A 10K Thanksgiving Day Races are held in Rosemary Beach on Thanksgiving Day; the 15th annual races are on 26 November 2026.,Şükran Günü (2026: 26 Kasım),,30A,30A 10K Thanksgiving Day Races — official site,30A 10K,https://www.30a10k.com/,ana sayfa,Welcome to our 15th Annual 30A 10K Races!,,2026-10-10,9efeef26dbd73cc805e188ac166d5af773a1a30148a1db5b00c7eae738bb6ce8,birincil,dogrulandi,,2027-01-10,"Sayfa adresi Rosemary Beach, FL 32461 veriyor; parkur ayrıntısı bu işte okunmadı."
Seaside'ın Holiday Parade & Turn on the Town etkinliği Kasım sonunda Scenic Highway 30A üzerinde yapılır (28 Kasım 2026).,etkinlik-seaside-holiday-parade,etkinlikler,Seaside's Holiday Parade & Turn on the Town is held on Scenic Highway 30A in late November (28 November 2026).,Kasım sonu (2026: 28 Kasım),,30A,Seaside — events calendar (annual events),Seaside (Seaside Community Development Corp.),https://seasidefl.com/wp-json/tribe/events/v1/events?categories=annual-events&start_date=2026-01-01&end_date=2027-12-31&per_page=50,etkinlik: seaside-holiday-parade-turn-on-the-town-2026,SEASIDE® Holiday Parade & Turn on the Town,,2026-10-10,4d467e09d13cab0de9e6482867c18f1b4edde3866c1d6326e2c136dda1bd7950,birincil,dogrulandi,,2027-01-10,Seaside'ın kendi etkinlik takviminin 'annual-events' kategorisinden (sitenin veri servisi).
Seaside 31 Aralık'ta Seaside Amfitiyatrosu'nda yılbaşı kutlaması yapar.,etkinlik-seaside-yilbasi,etkinlikler,Seaside holds a New Year's Eve Celebration at the Seaside Amphitheater on 31 December.,31 Aralık,,30A,Seaside — events calendar (annual events),Seaside (Seaside Community Development Corp.),https://seasidefl.com/wp-json/tribe/events/v1/events?categories=annual-events&start_date=2026-01-01&end_date=2027-12-31&per_page=50,etkinlik: seaside-new-years-eve-celebration,SEASIDE® New Year's Eve Celebration,,2026-10-10,4d467e09d13cab0de9e6482867c18f1b4edde3866c1d6326e2c136dda1bd7950,birincil,dogrulandi,,2027-01-10,Seaside'ın kendi etkinlik takviminin 'annual-events' kategorisinden (sitenin veri servisi).
Seaside'ın 1993'ten beri düzenlediği yaratıcı sanat programı Escape to Create 2027'de ara veriyor.,etkinlik-escape-to-create,etkinlikler,"Escape to Create, the creative residency hosted by Seaside since 1993, is on hiatus in 2027.",2027'de yok,,30A,Escape to Create — official site,Escape to Create (Seaside),https://www.escape2create.org/,ana sayfa,ON HIATUS IN 2027,,2026-10-10,1bf4b5596139e59b298601bf6b5df410a268765107a81332c69f5d0a711893d5,birincil,dogrulandi,,2027-01-10,Tekrarlayan etkinlik listesine 2027 için girmez; yanlış tarih verilmesin diye tabloda.
Seaside'ın tarih sayfasına göre J.S. Smolian 1946'da Seagrove Beach'in yanında 80 akre arazi aldı; torunu Robert Davis araziyi 1978'de miras aldı.,tarih-seaside-arazi,tarihce,"Seaside's history page says J.S. Smolian bought 80 acres next to Seagrove Beach in 1946, and that his grandson Robert Davis inherited the property in 1978.",1946; 1978,,30A,Seaside — Dream To Reality: Seaside's History,Seaside (Seaside Community Development Corp.),https://seasidefl.com/about/,1946 ve giriş bölümü,"In 1946, on a summer pilgrimage to the shore, J.S. Smolian purchased 80 acres of land next to Seagrove Beach.",,2026-10-10,4f9dcd91deece760eba5baa17c64fb29e2c28b6b93679b9d422a775dfddcd8f6,birincil,dogrulandi,,2027-10-10,
Seaside'ın inşaatı 1981'de başladı; kurucuları Robert Davis ve Daryl Rose Davis kasabayı Miamili mimarlar Andrés Duany ve Elizabeth Plater-Zyberk ile planladı.,tarih-seaside-kurulus,tarihce,Construction of Seaside began in 1981; its co-founders Robert Davis and Daryl Rose Davis planned it with Miami architects Andrés Duany and Elizabeth Plater-Zyberk.,1981,,30A,Seaside — Dream To Reality: Seaside's History,Seaside (Seaside Community Development Corp.),https://seasidefl.com/about/,1980s ve 1981 bölümleri,Construction on Seaside began in 1981.,,2026-10-10,4f9dcd91deece760eba5baa17c64fb29e2c28b6b93679b9d422a775dfddcd8f6,birincil,dogrulandi,,2027-10-10,"Seaside kendini 'world's first New Urbanist town' diye tanıtıyor; bu kaynağın kendi ifadesi, bağımsız doğrulama yok."
"Planlama firması DPZ, Seaside'ı 1980'de tasarlanmış, 1982'de temeli atılmış, 80 akre, müşterisi Robert Davis olarak listeliyor.",tarih-seaside-dpz,tarihce,"DPZ, the planning firm, lists Seaside as designed in 1980, ground broken in 1982, 80 acres, client Robert Davis.",tasarım 1980; temel 1982; 80 akre,,30A,DPZ CoDesign — Seaside (project page),DPZ CoDesign,https://www.dpz.com/projects/seaside/,Key Facts,calendar_month 1980 Designed event_available 1982 Broke Ground,,2026-10-10,862ec93de1a927f8e6ff6c9cda58a5caae159bd18fa2f839744ab37f15d2074b,birincil,celiskili,Seaside'ın kendi sitesi inşaatın 1981'de başladığını söylüyor (tarih-seaside-kurulus); DPZ temel atma yılını 1982 veriyor.,2027-10-10,
"Congress for the New Urbanism Temmuz 1998'de, The Truman Show'un 1997'de Seaside'da çekildiğini ve Mayıs 1998 sonunda gösterime girdiğini, 400.000 dolarlık çekim ücretinin Seaside Neighborhood School'un yapımında kullanıldığını yazdı.",tarih-truman-show,tarihce,"The Congress for the New Urbanism wrote in July 1998 that The Truman Show was filmed on location at Seaside in 1997 and opened at the end of May 1998, and that the $400,000 location fee was used to build the Seaside Neighborhood School.",çekim 1997; gösterim Mayıs 1998 sonu,,30A,"CNU — The Town of Seaside, Florida, received tremendous visibility (Robert Steuteville)",Congress for the New Urbanism,https://www.cnu.org/publicsquare/town-seaside-florida-received-tremendous-visibility,yazı metni,"Filmed in 1997 on location at Seaside, the movie opened to great reviews at the end of May, 1998",1998-07-01,2026-10-10,9a7b744cad27e21ec6a9c5d663fb030dfa0e1f2e62ec0dc041ac8904264a4a1f,ikincil,dogrulandi,,2027-10-10,Seaside'ın kendi sitesinde film bilgisi bulunamadı; kurum yayını (CNU dergisi) ikincil olarak işaretlendi.
"DPZ, Rosemary Beach'i 1995'te Paul Borden, Leucadia National Corp. ve Patrick Bienvenue için tasarlanmış olarak listeliyor.",tarih-rosemary-dpz,tarihce,"DPZ lists Rosemary Beach as designed in 1995 for Paul Borden, Leucadia National Corp. and Patrick Bienvenue.",1995,,30A,DPZ CoDesign — Rosemary Beach (project page),DPZ CoDesign,https://www.dpz.com/projects/rosemary-beach/,Key Facts,calendar_month 1995 Designed,,2026-10-10,1d93f691a357b9371bde889b3b2810b85ed8595743fb715918d8f264efa1975d,birincil,dogrulandi,,2027-10-10,
"DPZ, Alys Beach'i 2003'te EBSCO için tasarlanmış olarak listeliyor; Alys Beach, DPZ CoDesign'ın New Urbanism ana planını izlediğini söylüyor.",tarih-alys-dpz,tarihce,DPZ lists Alys Beach as designed in 2003 for EBSCO; Alys Beach says it follows a New Urbanism master plan by DPZ CoDesign.,2003,,30A,DPZ CoDesign — Alys Beach (project page); Alys Beach — The Town,DPZ CoDesign,https://www.dpz.com/projects/alys-beach/,Key Facts,calendar_month 2003 Designed,,2026-10-10,09efd47a4b82f1d731c198550315b4f7523a45bcb74269c6c3d7290b928b2bf7,birincil,dogrulandi,,2027-10-10,Alys Beach'in sayfası (work/gorev-11/kaynaklar/alysbeach.com-6e7017cca4.html): 'Alys Beach follows a New Urbanism master plan by DPZ CoDesign'.
Alys Beach'in kuruluş yılı: Alys Beach'in kendi sitesi bunu söylemiyor.,tarih-alys-kurulus,tarihce,Alys Beach's founding year: not stated by Alys Beach's own site.,doğrulanamadı,,30A,Alys Beach — The Town,Alys Beach (EBSCO Gulf Coast Development),https://alysbeach.com/the-town/,sayfa metni,,,2026-10-10,6e7017cca41f612b98d449a90a89031412db76255f71e4afe46b529cb2d45fbf,birincil,dogrulanamadi,,2027-10-10,Alys Beach'in sitesinde kuruluş yılı bulunamadı (/the-town/history/ 404). DPZ yalnız tasarım yılını veriyor (2003).
Congress for the New Urbanism'in kurucu belgesi Charter of the New Urbanism 1996'da tamamlanıp kabul edildi.,tarih-new-urbanism-tuzuk,tarihce,"The Charter of the New Urbanism, the foundational document of the Congress for the New Urbanism, was finalized and adopted in 1996.",1996,,ABD,CNU — The Charter of the New Urbanism,Congress for the New Urbanism,https://www.cnu.org/who-we-are/charter-new-urbanism,giriş,"the foundational document of the Congress for the New Urbanism (CNU), finalized and adopted in 1996",,2026-10-10,0dbfcd0d3746ec95331c76607643e2691b5b51c05b65db098e58e770e565662d,birincil,dogrulandi,,2027-10-10,
FDOT'un yol envanteri Walton County'deki 60660100 numaralı yolu W CO HWY 30A (kilometre taşı 0–7.832) ve E CO HWY 30A (7.832–18.561) olarak listeliyor: 30A bir ilçe yoludur.,genel-30a-ilce-yolu,genel,FDOT's roadway inventory lists road 60660100 in Walton County as W CO HWY 30A (mileposts 0–7.832) and E CO HWY 30A (mileposts 7.832–18.561): 30A is a county highway.,18.561,mil (FDOT kilometre taşı aralığı),Walton County,"FDOT Roadway Characteristics Inventory — Roadways with Local Names (ArcGIS layer 13), roadway 60660100",Florida Department of Transportation,"https://gis.fdot.gov/arcgis/rest/services/RCI_Layers/MapServer/13/query?where=ROADWAY%20IN%20(%2760660100%27,%2760020000%27)&outFields=ROADWAY,NAME,COUNTY,BEGIN_POST,END_POST&returnGeometry=false&f=json",ROADWAY=60660100 kayıtları,W CO HWY 30A … E CO HWY 30A,,2026-10-10,c537496ab5b1f6bd6fc90e3a1f7df4f8f20489e76d07e137bc97cc8c401d6a63,birincil,dogrulandi,,2027-10-10,Uzunluk FDOT envanterinin kilometre taşı aralığıdır; yolun başka kaynaklarda anılan uzunluğu farklı olabilir (doğrulanmadı). Aynı yol FDOT'un 2025 AADT raporunda 'CR 30A' adıyla geçiyor (thirty_a_traffic.csv).
"ABD Nüfus Bürosu'nun adres servisi Destin Belediye Binası'nı (4200 Indian Bayou Trail) ve Fort Walton Beach Belediye Binası'nı (107 Miracle Strip Parkway SW) Walton County'de değil, Okaloosa County'de gösteriyor.",genel-destin-okaloosa,genel,"The U.S. Census Bureau geocoder places Destin City Hall (4200 Indian Bayou Trail) and Fort Walton Beach City Hall (107 Miracle Strip Parkway SW) in Okaloosa County, not in Walton County.",Okaloosa County,,Florida,"U.S. Census Bureau Geocoder (geographies, Counties layer) — Destin ve Fort Walton Beach belediye binası adresleri",U.S. Census Bureau,https://geocoding.geo.census.gov/geocoder/geographies/onelineaddress?address=4200+Indian+Bayou+Trail%2C+Destin%2C+FL+32541&benchmark=Public_AR_Current&vintage=Current_Current&layers=Counties&format=json,Counties: NAME,Okaloosa County,,2026-10-10,a1bf8d1c99393d4680da1578ce903ed8013b7382fc01e81203434f2a69dc3db6,birincil,dogrulandi,,2027-10-10,"Bizim kontrolümüz: adresler şehirlerin resmî sitelerinden (cityofdestin.com, fwb.org) alındı ve Census Geocoder'da sorgulandı; Fort Walton Beach sorgusunun SHA-256'sı work/gorev-11/kaynaklar/manifest.json içinde (geocoding.geo.census.gov-8e97a638ed.bin)."
