alt_bolum_adi,iceride_satir,yakin_satir,en_kisa_mesafe_m,bolge_id,karar
,0,3,0.6,,tabloda değil: adsız kayıt
30 COTTAGE STREET CONDOMINIUM,0,2,42.7,,tabloda değil: ad bir mahalleyi belirtmiyor
ABACOS,0,1,62.4,,tabloda değil: ad bir mahalleyi belirtmiyor
ANDANTE,0,1,50.1,,tabloda değil: ad bir mahalleyi belirtmiyor
ARCADIA PLACE S/D,0,1,47.0,,tabloda değil: ad bir mahalleyi belirtmiyor
BARBERY COAST S/D,0,1,2.3,,tabloda değil: ad bir mahalleyi belirtmiyor
BEACH HAVEN COTTAGES S/D,0,1,55.8,,tabloda değil: ad bir mahalleyi belirtmiyor
BEACH HIGHLAND S/D,0,2,5.4,,tabloda değil: ad bir mahalleyi belirtmiyor
BEACH HIGHLANDS,0,2,5.4,,tabloda değil: ad bir mahalleyi belirtmiyor
BEACH HIGHLANDS 1ST ADD,0,2,11.8,,tabloda değil: ad bir mahalleyi belirtmiyor
BEACHCREST (HI RISE),0,1,59.0,,tabloda değil: ad bir mahalleyi belirtmiyor
BEACHFRONT TOWNHOMES,0,1,17.2,,tabloda değil: ad bir mahalleyi belirtmiyor
BEACHSIDE CONDO AT SEAGROVE,1,0,0.0,seagrove,tabloda: adında tam mahalle adı geçiyor
BEACHSIDE ESTATES,0,1,0.4,,tabloda değil: ad bir mahalleyi belirtmiyor
BEACHSIDE VILLAS CONDO PHASE,1,0,0.0,,tabloda değil: ad bir mahalleyi belirtmiyor
BEACHWOOD VILLAS CONDO PHASE I,0,1,22.3,,tabloda değil: ad bir mahalleyi belirtmiyor
BEACONS THE,0,2,37.0,,tabloda değil: ad bir mahalleyi belirtmiyor
BLUE MOUNTAIN BCH S/D UNIT I,0,4,8.8,blue-mountain-beach,tabloda: adında tam mahalle adı geçiyor
BUTLER'S 3RD ADD,0,2,2.2,,tabloda değil: ad bir mahalleyi belirtmiyor
BUTLER'S ADD TOWN OF GRAYTON,1,1,0.0,,tabloda değil: tam mahalle adı yok (GRAYTON BEACH değil)
BUTLER'S ADD TOWN OF GRAYTON BEACH,1,1,0.0,grayton-beach,tabloda: adında tam mahalle adı geçiyor
CAMP SWIFT,0,1,54.7,,tabloda değil: ad bir mahalleyi belirtmiyor
CASPIAN ESTATES,0,2,45.5,,tabloda değil: ad bir mahalleyi belirtmiyor
CLIFFS AT SEAGROVE,0,1,7.3,seagrove,tabloda: adında tam mahalle adı geçiyor
COTTAGES AT DUNE ALLEN CONDO,0,2,21.6,dune-allen,tabloda: adında tam mahalle adı geçiyor
COTTAGES AT INLET BEACH,0,1,56.3,inlet-beach,tabloda: adında tam mahalle adı geçiyor
CREEKVIEW S/D,0,1,34.7,,tabloda değil: ad bir mahalleyi belirtmiyor
DALTON COTTAGES AT SEAGROVE HO ASSOC INC,0,1,31.2,,tabloda değil: şirket/sahip/dernek adı
DALTON'S S/D,0,1,31.2,,tabloda değil: ad bir mahalleyi belirtmiyor
DUNCAN 4 LOT S/D,1,1,0.0,,tabloda değil: ad bir mahalleyi belirtmiyor
DUNE ALLEN S/D OF LOT 1,0,2,65.8,dune-allen,tabloda: adında tam mahalle adı geçiyor
DUNE I,0,1,35.6,,tabloda değil: ad bir mahalleyi belirtmiyor
DUVALLS VILLAS,0,1,11.3,,tabloda değil: ad bir mahalleyi belirtmiyor
E-SCAPE,0,1,49.0,,tabloda değil: ad bir mahalleyi belirtmiyor
EMERALD HILL CONDO PH I UNRECD,0,1,15.7,,tabloda değil: ad bir mahalleyi belirtmiyor
EMERALD HILL CONDO PH II,1,0,0.0,,tabloda değil: ad bir mahalleyi belirtmiyor
EMERALD HILL CONDO PH III,0,1,29.3,,tabloda değil: ad bir mahalleyi belirtmiyor
GRAND PLAYA CONDO,0,1,74.4,,tabloda değil: ad bir mahalleyi belirtmiyor
GRAYTON BEACH COTTAGES S/D,1,1,0.0,grayton-beach,tabloda: adında tam mahalle adı geçiyor
GRAYTON BEACH FRONT,0,2,11.4,grayton-beach,tabloda: adında tam mahalle adı geçiyor
GRAYTON BEACH S/D,2,4,0.0,grayton-beach,tabloda: adında tam mahalle adı geçiyor
GRAYTON BEACH VILLAS CONDO,0,1,29.7,grayton-beach,tabloda: adında tam mahalle adı geçiyor
GULF DUNES,0,1,12.3,,tabloda değil: ad bir mahalleyi belirtmiyor
GULF LAKE BEACHES ESTATES,0,4,13.3,,tabloda değil: ad bir mahalleyi belirtmiyor
GULF PLACE TOWN CENTER EAST,0,1,74.8,gulf-place,tabloda: adında tam mahalle adı geçiyor
GULF SHORE MANOR,2,4,0.0,,tabloda değil: ad bir mahalleyi belirtmiyor
GULF VIEWS,0,1,45.4,,tabloda değil: ad bir mahalleyi belirtmiyor
HIDDEN BEACH VILLAS,0,1,21.2,,tabloda değil: ad bir mahalleyi belirtmiyor
HOMESTEAD THE,0,1,12.5,,tabloda değil: ad bir mahalleyi belirtmiyor
INFORMATION ONLY,9,28,0.0,,tabloda değil: bilgi kaydı
INFORMATION ONLY NOW,1,4,0.0,,tabloda değil: bilgi kaydı
INFORMATION ONLY NOW GULF VIEWS S/D,2,1,0.0,,tabloda değil: bilgi kaydı
INFORMATION ONLY NOW MELODIA,1,4,0.0,,tabloda değil: bilgi kaydı
INFORMATION ONLY NOW VILLAGE OF SUGAR BEACH,1,4,0.0,,tabloda değil: bilgi kaydı
INFORMATION PLATE,1,2,0.0,,tabloda değil: bilgi kaydı
INLET DUNES CONDO PH I,0,1,21.4,,tabloda değil: ad bir mahalleyi belirtmiyor
INLET DUNES CONDO PH II,0,1,57.6,,tabloda değil: ad bir mahalleyi belirtmiyor
JASMINE DUNES,0,1,5.1,,tabloda değil: ad bir mahalleyi belirtmiyor
LEGACY CONDO,0,2,4.2,,tabloda değil: ad bir mahalleyi belirtmiyor
LEGACY PHASE 2 TOWNHOMES,0,2,23.2,,tabloda değil: ad bir mahalleyi belirtmiyor
MALA BEACH,0,1,54.1,,tabloda değil: ad bir mahalleyi belirtmiyor
MELODIA,0,1,59.4,,tabloda değil: ad bir mahalleyi belirtmiyor
MISTRAL CONDO,0,1,6.8,,tabloda değil: ad bir mahalleyi belirtmiyor
MORRIS BCH S/D OF GOVT LT 23,1,1,0.0,,"tabloda değil: yasal tanım, mahalle adı yok"
OCEANSIDE S/D,0,2,5.2,,tabloda değil: ad bir mahalleyi belirtmiyor
OLD FLORIDA BEACH OWNERS,0,1,18.1,,tabloda değil: ad bir mahalleyi belirtmiyor
OLD FLORIDA BEACH S/D,0,1,18.1,,tabloda değil: ad bir mahalleyi belirtmiyor
ONE SEAGROVE PLACE,0,1,18.3,seagrove,tabloda: adında tam mahalle adı geçiyor
OVERLOOK AT INLET BEACH S/D,1,0,0.0,inlet-beach,tabloda: adında tam mahalle adı geçiyor
PALM COURT SUBDIVISION,0,1,51.6,,tabloda değil: ad bir mahalleyi belirtmiyor
PALMEIRA VILLAS,0,1,64.5,,tabloda değil: ad bir mahalleyi belirtmiyor
PALMS AT DUNE ALLEN UNRECD,0,2,7.2,dune-allen,tabloda: adında tam mahalle adı geçiyor
PALMS AT INLET BEACH,0,1,45.0,inlet-beach,tabloda: adında tam mahalle adı geçiyor
PALMS AT SEAGROVE PH I,0,1,37.3,seagrove,tabloda: adında tam mahalle adı geçiyor
PALMS AT SEAGROVE PH II,0,1,13.5,seagrove,tabloda: adında tam mahalle adı geçiyor
PALMS AT SEAGROVE PH III,0,1,68.1,seagrove,tabloda: adında tam mahalle adı geçiyor
PALMS AT SEAGROVE PH IV,0,1,43.7,seagrove,tabloda: adında tam mahalle adı geçiyor
PALMS NORTH CONDO PH I & II,0,2,22.1,,tabloda değil: ad bir mahalleyi belirtmiyor
PARADISE TOO S/D,0,2,8.8,,tabloda değil: ad bir mahalleyi belirtmiyor
PARK PLACE AT INLET BEACH,0,1,21.4,inlet-beach,tabloda: adında tam mahalle adı geçiyor
PARK PLACE ON SEAGROVE BEACH,0,1,36.3,seagrove,tabloda: adında tam mahalle adı geçiyor
RAMSGATE AT CAMP CREEK CONDO,0,1,54.9,,tabloda değil: ad bir mahalleyi belirtmiyor
RAMSGATE TOWNHOMES,1,0,0.0,,tabloda değil: ad bir mahalleyi belirtmiyor
RAY'S MULTI-MOUNTAIN ESTATES,0,1,1.1,,tabloda değil: ad bir mahalleyi belirtmiyor
REDFISH VILLAGE,0,1,46.8,,tabloda değil: ad bir mahalleyi belirtmiyor
ROSEMARY BEACH PH 1,0,1,8.5,rosemary-beach,tabloda: adında tam mahalle adı geçiyor
ROSEMARY BEACH PH 2,0,1,8.5,rosemary-beach,tabloda: adında tam mahalle adı geçiyor
ROSEMARY BEACH PH 2 REPLAT,0,1,17.4,rosemary-beach,tabloda: adında tam mahalle adı geçiyor
ROSEMARY BEACH PH 3,0,1,8.5,rosemary-beach,tabloda: adında tam mahalle adı geçiyor
S/D OF FRAC'L SW1/4 OF SEC 2-3S-20,4,2,0.0,,"tabloda değil: yasal tanım, mahalle adı yok"
S/D OF LOT 2,2,4,0.0,,"tabloda değil: yasal tanım, mahalle adı yok"
S/D OF LOT 3,0,4,7.9,,"tabloda değil: yasal tanım, mahalle adı yok"
S/D OF LOTS 14 & 15,0,2,13.7,,"tabloda değil: yasal tanım, mahalle adı yok"
S/D OF SEC 36-3S-18,0,5,1.2,,"tabloda değil: yasal tanım, mahalle adı yok"
S/D OF W1/2 OF NW1/4 &,2,8,0.0,,"tabloda değil: yasal tanım, mahalle adı yok"
S/D OF W1/2 OF SE1/4 OF SW1/4,4,4,0.0,,"tabloda değil: yasal tanım, mahalle adı yok"
"SAGO SANDS, A CONDO",0,1,37.2,,tabloda değil: ad bir mahalleyi belirtmiyor
SAN ROY SANDS,0,1,38.4,,tabloda değil: ad bir mahalleyi belirtmiyor
SANCTUARY AT SEAGROVE,0,1,62.4,seagrove,tabloda: adında tam mahalle adı geçiyor
SANTA ROSA DUNES,0,1,56.9,,tabloda değil: ad bir mahalleyi belirtmiyor
SEA HIGHLANDS S/D,0,5,5.3,,tabloda değil: ad bir mahalleyi belirtmiyor
SEA WALK S/D,1,1,0.0,,tabloda değil: ad bir mahalleyi belirtmiyor
SEABREEZE COTTAGES,0,1,34.5,,tabloda değil: ad bir mahalleyi belirtmiyor
SEABREEZE PHASE II S/D,0,1,60.0,,tabloda değil: ad bir mahalleyi belirtmiyor
SEACREST S/D,0,1,5.5,seacrest,tabloda: adında tam mahalle adı geçiyor
SEACREST TOWNHOMES UNRECD,0,1,66.9,seacrest,tabloda: adında tam mahalle adı geçiyor
SEAGROVE 1ST ADD,0,5,13.7,seagrove,tabloda: adında tam mahalle adı geçiyor
SEAGROVE 3RD ADD,0,4,4.5,seagrove,tabloda: adında tam mahalle adı geçiyor
SEAGROVE BEACH DUNE VILLAS,0,1,66.2,seagrove,tabloda: adında tam mahalle adı geçiyor
SEAGROVE ENDEAVORS,2,2,0.0,,tabloda değil: şirket/sahip/dernek adı
SEAGROVE HORIZONS,1,1,0.0,seagrove,tabloda: adında tam mahalle adı geçiyor
SEAGROVE REVISED,0,2,9.7,seagrove,tabloda: adında tam mahalle adı geçiyor
SEAGROVE S/D 2ND ADD,0,3,9.6,seagrove,tabloda: adında tam mahalle adı geçiyor
SEAGROVE VILLAGE 6TH ADD,0,1,54.3,seagrove,tabloda: adında tam mahalle adı geçiyor
SEAHAUNTS S/D TOWNHOMES,1,0,0.0,,tabloda değil: ad bir mahalleyi belirtmiyor
SEAMIST CONDO,0,1,54.5,,tabloda değil: ad bir mahalleyi belirtmiyor
SEASIDE LAND AND DEVELOPMENT,0,1,60.0,,tabloda değil: şirket/sahip/dernek adı
SEAWINDS SUBDIVISION,0,1,19.3,,tabloda değil: ad bir mahalleyi belirtmiyor
SHORELINE 9 TOWNHOMES,0,1,34.1,,tabloda değil: ad bir mahalleyi belirtmiyor
SHORELINE TOWNHOMES,0,1,18.2,,tabloda değil: ad bir mahalleyi belirtmiyor
SPIRES SECOND ADD S/D,0,1,11.3,,tabloda değil: ad bir mahalleyi belirtmiyor
STALLWORTH PRESERVE,0,2,5.7,,tabloda değil: ad bir mahalleyi belirtmiyor
STALLWORTH PRESERVE 2,0,1,23.7,,tabloda değil: ad bir mahalleyi belirtmiyor
SUGAR DUNES CONDO PHASES I &II,0,1,1.5,,tabloda değil: ad bir mahalleyi belirtmiyor
SUGAR SAND LANE,0,1,72.2,,tabloda değil: ad bir mahalleyi belirtmiyor
SUGARWOOD S/D,1,0,0.0,,tabloda değil: ad bir mahalleyi belirtmiyor
SUMMERS EDGE 2ND ADD,0,1,45.2,,tabloda değil: ad bir mahalleyi belirtmiyor
SUMMERS EDGE 4TH ADD,0,1,18.7,,tabloda değil: ad bir mahalleyi belirtmiyor
SUMMERS EDGE S/D,0,1,18.5,,tabloda değil: ad bir mahalleyi belirtmiyor
SUNDOWNER TOWNHOMES,0,1,45.2,,tabloda değil: ad bir mahalleyi belirtmiyor
SUNRISE BEACH S/D,0,2,35.3,,tabloda değil: ad bir mahalleyi belirtmiyor
THIRTY ONE CONDOMINIUM,0,1,4.5,,tabloda değil: ad bir mahalleyi belirtmiyor
TIDES 30-A S/D,0,2,34.6,,tabloda değil: ad bir mahalleyi belirtmiyor
TOWNHOME DEV OF 3/A IN GULF,0,1,61.1,,tabloda değil: ad bir mahalleyi belirtmiyor
VAN WAY BEACH,0,1,24.0,,tabloda değil: ad bir mahalleyi belirtmiyor
VILLAGE OF SUGAR BEACH,0,1,72.6,,tabloda değil: ad bir mahalleyi belirtmiyor
VILLAS AT SANTA ROSA BEACH THE,0,1,24.7,,tabloda değil: 'Santa Rosa Beach' aynı zamanda geniş posta/şemsiye adı; mahalleyi açıkça belirtmiyor
VIRIDIAN CONDOMINIUM,0,2,38.5,,tabloda değil: ad bir mahalleyi belirtmiyor
VIZCAYA AT DUNE ALLEN S/D,1,1,0.0,dune-allen,tabloda: adında tam mahalle adı geçiyor
WALKOVER PROPERTIES,2,2,0.0,,tabloda değil: şirket/sahip/dernek adı
WALL STREET BEACH,0,1,8.8,,tabloda değil: ad bir mahalleyi belirtmiyor
WALTON DUNES,0,1,11.4,,tabloda değil: ad bir mahalleyi belirtmiyor
WHISPERING SANDS CONDO,0,1,23.3,,tabloda değil: ad bir mahalleyi belirtmiyor
WHITE'S GULFVIEW ESTATES,0,1,51.6,,tabloda değil: ad bir mahalleyi belirtmiyor
