istasyon_id,istasyon,kaynaktaki_ad,rol,koridora_uzaklik_km,ay,MLY-TAVG-NORMAL (°F),MLY-TAVG-NORMAL tamlik_bayragi,MLY-TAVG-NORMAL olcum_bayragi,MLY-TAVG-NORMAL yil_sayisi,MLY-TMAX-NORMAL (°F),MLY-TMAX-NORMAL tamlik_bayragi,MLY-TMAX-NORMAL olcum_bayragi,MLY-TMAX-NORMAL yil_sayisi,MLY-TMIN-NORMAL (°F),MLY-TMIN-NORMAL tamlik_bayragi,MLY-TMIN-NORMAL olcum_bayragi,MLY-TMIN-NORMAL yil_sayisi,MLY-PRCP-NORMAL (inç),MLY-PRCP-NORMAL tamlik_bayragi,MLY-PRCP-NORMAL olcum_bayragi,MLY-PRCP-NORMAL yil_sayisi,MLY-PRCP-AVGNDS-GE010HI (gün),MLY-PRCP-AVGNDS-GE010HI tamlik_bayragi,MLY-PRCP-AVGNDS-GE010HI olcum_bayragi,MLY-PRCP-AVGNDS-GE010HI yil_sayisi,MLY-TMAX-AVGNDS-GRTH090 (gün),MLY-TMAX-AVGNDS-GRTH090 tamlik_bayragi,MLY-TMAX-AVGNDS-GRTH090 olcum_bayragi,MLY-TMAX-AVGNDS-GRTH090 yil_sayisi,MLY-TMIN-AVGNDS-LSTH032 (gün),MLY-TMIN-AVGNDS-LSTH032 tamlik_bayragi,MLY-TMIN-AVGNDS-LSTH032 olcum_bayragi,MLY-TMIN-AVGNDS-LSTH032 yil_sayisi,veri_surumu,cekim_zamani_utc
USW00053853,Destin–Fort Walton Beach Havalimanı,"DESTIN FT WALTON AP, FL US",kıyı referansı,20.5,1,54.2,R,,19,63.1,R,,19,45.3,R,,22,4.52,R,,21,5.6,P,,22,0.0,R,,19,3.2,R,,22,80f41ce6a8114392874747a108182cf7,2026-10-07T12:33:22.807+00:00
USW00053853,Destin–Fort Walton Beach Havalimanı,"DESTIN FT WALTON AP, FL US",kıyı referansı,20.5,2,56.9,R,,20,65.8,R,,20,47.9,R,,22,4.96,R,,21,5.3,P,,22,0.0,R,,20,1.0,R,,22,80f41ce6a8114392874747a108182cf7,2026-10-07T12:33:22.807+00:00
USW00053853,Destin–Fort Walton Beach Havalimanı,"DESTIN FT WALTON AP, FL US",kıyı referansı,20.5,3,62.2,R,,20,70.7,R,,20,53.6,R,,22,4.7,R,,21,5.2,P,,22,0.0,R,,20,0.2,R,,22,80f41ce6a8114392874747a108182cf7,2026-10-07T12:33:22.807+00:00
USW00053853,Destin–Fort Walton Beach Havalimanı,"DESTIN FT WALTON AP, FL US",kıyı referansı,20.5,4,68.1,R,,20,76.2,R,,20,60.1,R,,22,4.55,R,,23,4.0,P,,23,0.0,R,,20,0.0,R,,22,80f41ce6a8114392874747a108182cf7,2026-10-07T12:33:22.807+00:00
USW00053853,Destin–Fort Walton Beach Havalimanı,"DESTIN FT WALTON AP, FL US",kıyı referansı,20.5,5,75.8,R,,19,83.5,R,,19,68.0,R,,22,3.22,R,,21,3.7,P,,23,1.1,R,,19,0.0,R,,22,80f41ce6a8114392874747a108182cf7,2026-10-07T12:33:22.807+00:00
USW00053853,Destin–Fort Walton Beach Havalimanı,"DESTIN FT WALTON AP, FL US",kıyı referansı,20.5,6,81.5,R,,18,88.9,R,,18,74.1,R,,22,4.7,R,,22,6.1,P,,23,7.8,R,,18,0.0,R,,22,80f41ce6a8114392874747a108182cf7,2026-10-07T12:33:22.807+00:00
USW00053853,Destin–Fort Walton Beach Havalimanı,"DESTIN FT WALTON AP, FL US",kıyı referansı,20.5,7,83.6,R,,18,90.9,R,,18,76.2,R,,21,5.77,R,,20,7.2,P,,23,14.9,R,,18,0.0,R,,21,80f41ce6a8114392874747a108182cf7,2026-10-07T12:33:22.807+00:00
USW00053853,Destin–Fort Walton Beach Havalimanı,"DESTIN FT WALTON AP, FL US",kıyı referansı,20.5,8,83.2,R,,18,90.6,R,,18,75.8,R,,22,6.08,R,,19,8.1,P,,23,16.9,R,,18,0.0,R,,22,80f41ce6a8114392874747a108182cf7,2026-10-07T12:33:22.807+00:00
USW00053853,Destin–Fort Walton Beach Havalimanı,"DESTIN FT WALTON AP, FL US",kıyı referansı,20.5,9,80.5,R,,18,88.5,R,,18,72.4,R,,22,5.18,R,,16,5.3,P,,23,8.7,R,,18,0.0,R,,22,80f41ce6a8114392874747a108182cf7,2026-10-07T12:33:22.807+00:00
USW00053853,Destin–Fort Walton Beach Havalimanı,"DESTIN FT WALTON AP, FL US",kıyı referansı,20.5,10,72.1,R,,18,80.9,R,,18,63.2,R,,22,2.82,R,,18,3.5,P,,23,0.9,R,,18,0.0,R,,22,80f41ce6a8114392874747a108182cf7,2026-10-07T12:33:22.807+00:00
USW00053853,Destin–Fort Walton Beach Havalimanı,"DESTIN FT WALTON AP, FL US",kıyı referansı,20.5,11,62.6,R,,18,72.1,R,,18,53.0,R,,22,4.13,R,,22,4.3,P,,23,0.0,R,X,18,0.0,R,X,22,80f41ce6a8114392874747a108182cf7,2026-10-07T12:33:22.807+00:00
USW00053853,Destin–Fort Walton Beach Havalimanı,"DESTIN FT WALTON AP, FL US",kıyı referansı,20.5,12,56.6,R,,18,65.6,R,,18,47.5,R,,22,4.72,R,,21,6.5,P,,23,0.0,R,,18,1.2,R,,22,80f41ce6a8114392874747a108182cf7,2026-10-07T12:33:22.807+00:00
USC00082220,DeFuniak Springs,"DE FUNIAK SPRINGS 1 E, FL US",iç kesim karşılaştırması,44.1,1,50.9,R,,11,62.3,R,,14,39.5,R,,11,5.04,R,,15,5.8,P,,19,0.0,R,,14,10.1,R,,11,80f41ce6a8114392874747a108182cf7,2026-10-07T12:33:22.807+00:00
USC00082220,DeFuniak Springs,"DE FUNIAK SPRINGS 1 E, FL US",iç kesim karşılaştırması,44.1,2,54.6,R,,11,65.8,R,,14,43.4,R,,11,5.07,R,,16,5.6,P,,19,0.0,R,,14,5.1,R,,11,80f41ce6a8114392874747a108182cf7,2026-10-07T12:33:22.807+00:00
USC00082220,DeFuniak Springs,"DE FUNIAK SPRINGS 1 E, FL US",iç kesim karşılaştırması,44.1,3,60.4,R,,12,72.7,R,,14,48.0,R,,12,5.18,R,,18,6.3,P,,19,0.1,R,,14,1.6,R,,12,80f41ce6a8114392874747a108182cf7,2026-10-07T12:33:22.807+00:00
USC00082220,DeFuniak Springs,"DE FUNIAK SPRINGS 1 E, FL US",iç kesim karşılaştırması,44.1,4,66.6,R,,12,79.2,R,,14,54.0,R,,12,4.3,R,,18,5.3,P,,19,0.7,R,,14,0.1,R,,12,80f41ce6a8114392874747a108182cf7,2026-10-07T12:33:22.807+00:00
USC00082220,DeFuniak Springs,"DE FUNIAK SPRINGS 1 E, FL US",iç kesim karşılaştırması,44.1,5,74.8,R,,12,86.4,R,,14,63.1,R,,12,3.99,R,,16,5.2,P,,18,7.9,R,,14,0.0,R,,12,80f41ce6a8114392874747a108182cf7,2026-10-07T12:33:22.807+00:00
USC00082220,DeFuniak Springs,"DE FUNIAK SPRINGS 1 E, FL US",iç kesim karşılaştırması,44.1,6,80.3,R,,11,90.3,R,,13,70.2,R,,11,7.1,R,,17,9.2,P,,17,17.8,R,,13,0.0,R,,11,80f41ce6a8114392874747a108182cf7,2026-10-07T12:33:22.807+00:00
USC00082220,DeFuniak Springs,"DE FUNIAK SPRINGS 1 E, FL US",iç kesim karşılaştırması,44.1,7,82.4,R,,12,92.3,R,,14,72.4,R,,12,7.5,R,,15,10.1,P,,18,23.8,R,,14,0.0,R,,12,80f41ce6a8114392874747a108182cf7,2026-10-07T12:33:22.807+00:00
USC00082220,DeFuniak Springs,"DE FUNIAK SPRINGS 1 E, FL US",iç kesim karşılaştırması,44.1,8,81.5,R,,12,91.4,R,,14,71.7,R,,12,6.95,R,,17,10.5,P,,18,21.4,R,,14,0.0,R,,12,80f41ce6a8114392874747a108182cf7,2026-10-07T12:33:22.807+00:00
USC00082220,DeFuniak Springs,"DE FUNIAK SPRINGS 1 E, FL US",iç kesim karşılaştırması,44.1,9,77.8,R,,11,88.3,R,,13,67.4,R,,11,6.04,R,,18,7.1,P,,18,12.2,R,,13,0.0,R,,11,80f41ce6a8114392874747a108182cf7,2026-10-07T12:33:22.807+00:00
USC00082220,DeFuniak Springs,"DE FUNIAK SPRINGS 1 E, FL US",iç kesim karşılaştırması,44.1,10,68.9,R,,11,80.5,R,,13,57.4,R,,11,3.58,R,,17,4.3,P,,18,1.2,R,,13,0.0,R,,11,80f41ce6a8114392874747a108182cf7,2026-10-07T12:33:22.807+00:00
USC00082220,DeFuniak Springs,"DE FUNIAK SPRINGS 1 E, FL US",iç kesim karşılaştırması,44.1,11,58.9,R,,11,71.3,R,,13,46.6,R,,11,4.43,R,,17,4.7,P,,18,0.0,R,,13,1.7,R,,11,80f41ce6a8114392874747a108182cf7,2026-10-07T12:33:22.807+00:00
USC00082220,DeFuniak Springs,"DE FUNIAK SPRINGS 1 E, FL US",iç kesim karşılaştırması,44.1,12,53.1,R,,11,64.3,R,,14,41.8,R,,11,5.45,R,,19,6.2,P,,19,0.0,R,,14,7.3,R,,11,80f41ce6a8114392874747a108182cf7,2026-10-07T12:33:22.807+00:00
