yaricap_deniz_mili,firtina_id,ad,sezon,ilk_giris_utc,ilk_giris_ayi,en_yakin_km,en_yakin_deniz_mili,dairedeki_en_yuksek_ruzgar_kt,sinif,en_yuksek_ruzgardaki_evre,hurdat_dosyasi,veri_surumu
50,AL041851,UNNAMED,1851,1851-08-23T18:00Z,8,34.2,18.5,100,MH,HU,hurdat2-1851-2025-092326.txt,f803f35329a74a6e8e9de6c8fa4ab3d1
50,AL051856,UNNAMED,1856,1856-08-31T03:00Z,8,12.1,6.6,90,HU,HU,hurdat2-1851-2025-092326.txt,f803f35329a74a6e8e9de6c8fa4ab3d1
50,AL021868,UNNAMED,1868,1868-10-04T13:00Z,10,55.7,30.1,60,TS,TS,hurdat2-1851-2025-092326.txt,f803f35329a74a6e8e9de6c8fa4ab3d1
50,AL041875,UNNAMED,1875,1875-09-27T05:00Z,9,31.5,17.0,50,TS,TS,hurdat2-1851-2025-092326.txt,f803f35329a74a6e8e9de6c8fa4ab3d1
50,AL021877,UNNAMED,1877,1877-09-19T17:00Z,9,16.1,8.7,70,HU,HU,hurdat2-1851-2025-092326.txt,f803f35329a74a6e8e9de6c8fa4ab3d1
50,AL041877,UNNAMED,1877,1877-10-03T00:00Z,10,56.4,30.5,100,MH,HU,hurdat2-1851-2025-092326.txt,f803f35329a74a6e8e9de6c8fa4ab3d1
50,AL081878,UNNAMED,1878,1878-10-10T20:00Z,10,69.8,37.7,50,TS,TS,hurdat2-1851-2025-092326.txt,f803f35329a74a6e8e9de6c8fa4ab3d1
50,AL061879,UNNAMED,1879,1879-10-16T04:00Z,10,32.2,17.4,50,TS,TS,hurdat2-1851-2025-092326.txt,f803f35329a74a6e8e9de6c8fa4ab3d1
50,AL041880,UNNAMED,1880,1880-08-31T07:00Z,8,4.4,2.4,68,HU,HU,hurdat2-1851-2025-092326.txt,f803f35329a74a6e8e9de6c8fa4ab3d1
50,AL021882,UNNAMED,1882,1882-09-10T00:00Z,9,42.4,22.9,110,MH,HU,hurdat2-1851-2025-092326.txt,f803f35329a74a6e8e9de6c8fa4ab3d1
50,AL031885,UNNAMED,1885,1885-08-30T19:00Z,8,28.0,15.1,50,TS,TS,hurdat2-1851-2025-092326.txt,f803f35329a74a6e8e9de6c8fa4ab3d1
50,AL041885,UNNAMED,1885,1885-09-21T10:00Z,9,43.1,23.3,50,TS,TS,hurdat2-1851-2025-092326.txt,f803f35329a74a6e8e9de6c8fa4ab3d1
50,AL061885,UNNAMED,1885,1885-09-28T16:00Z,9,27.2,14.7,40,TS,TS,hurdat2-1851-2025-092326.txt,f803f35329a74a6e8e9de6c8fa4ab3d1
50,AL041887,UNNAMED,1887,1887-07-27T12:00Z,7,32.6,17.6,75,HU,HU,hurdat2-1851-2025-092326.txt,f803f35329a74a6e8e9de6c8fa4ab3d1
50,AL061889,UNNAMED,1889,1889-09-23T15:00Z,9,79.4,42.9,56,TS,TS,hurdat2-1851-2025-092326.txt,f803f35329a74a6e8e9de6c8fa4ab3d1
50,AL051894,UNNAMED,1894,1894-10-09T00:00Z,10,34.4,18.6,105,MH,HU,hurdat2-1851-2025-092326.txt,f803f35329a74a6e8e9de6c8fa4ab3d1
50,AL011896,UNNAMED,1896,1896-07-07T12:00Z,7,20.7,11.2,85,HU,HU,hurdat2-1851-2025-092326.txt,f803f35329a74a6e8e9de6c8fa4ab3d1
50,AL011898,UNNAMED,1898,1898-08-03T02:00Z,8,23.6,12.7,63,TS,HU,hurdat2-1851-2025-092326.txt,f803f35329a74a6e8e9de6c8fa4ab3d1
50,AL021899,UNNAMED,1899,1899-08-01T22:00Z,8,73.3,39.6,68,HU,HU,hurdat2-1851-2025-092326.txt,f803f35329a74a6e8e9de6c8fa4ab3d1
50,AL081901,UNNAMED,1901,1901-09-17T16:00Z,9,32.6,17.6,50,TS,TS,hurdat2-1851-2025-092326.txt,f803f35329a74a6e8e9de6c8fa4ab3d1
50,AL041902,UNNAMED,1902,1902-10-10T22:00Z,10,86.7,46.8,46,TS,TS,hurdat2-1851-2025-092326.txt,f803f35329a74a6e8e9de6c8fa4ab3d1
50,AL031903,UNNAMED,1903,1903-09-13T20:00Z,9,28.6,15.4,80,HU,HU,hurdat2-1851-2025-092326.txt,f803f35329a74a6e8e9de6c8fa4ab3d1
50,AL061904,UNNAMED,1904,1904-11-03T11:00Z,11,16.9,9.1,35,TS,TS,hurdat2-1851-2025-092326.txt,f803f35329a74a6e8e9de6c8fa4ab3d1
50,AL011906,UNNAMED,1906,1906-06-12T18:00Z,6,38.1,20.6,45,TS,TS,hurdat2-1851-2025-092326.txt,f803f35329a74a6e8e9de6c8fa4ab3d1
50,AL011907,UNNAMED,1907,1907-06-28T21:00Z,6,9.7,5.3,50,TS,TS,hurdat2-1851-2025-092326.txt,f803f35329a74a6e8e9de6c8fa4ab3d1
50,AL031907,UNNAMED,1907,1907-09-28T18:00Z,9,34.2,18.5,45,TS,TS,hurdat2-1851-2025-092326.txt,f803f35329a74a6e8e9de6c8fa4ab3d1
50,AL011911,UNNAMED,1911,1911-08-04T12:00Z,8,76.0,41.0,20,TD,TD,hurdat2-1851-2025-092326.txt,f803f35329a74a6e8e9de6c8fa4ab3d1
50,AL021911,UNNAMED,1911,1911-08-11T13:00Z,8,84.4,45.6,70,HU,HU,hurdat2-1851-2025-092326.txt,f803f35329a74a6e8e9de6c8fa4ab3d1
50,AL011914,UNNAMED,1914,1914-09-18T01:00Z,9,43.0,23.2,35,TS,TS,hurdat2-1851-2025-092326.txt,f803f35329a74a6e8e9de6c8fa4ab3d1
50,AL041915,UNNAMED,1915,1915-09-04T10:00Z,9,57.8,31.2,80,HU,HU,hurdat2-1851-2025-092326.txt,f803f35329a74a6e8e9de6c8fa4ab3d1
50,AL041917,UNNAMED,1917,1917-09-28T23:00Z,9,26.0,14.0,100,MH,HU,hurdat2-1851-2025-092326.txt,f803f35329a74a6e8e9de6c8fa4ab3d1
50,AL011919,UNNAMED,1919,1919-07-04T05:00Z,7,69.0,37.3,55,TS,TS,hurdat2-1851-2025-092326.txt,f803f35329a74a6e8e9de6c8fa4ab3d1
50,AL051924,UNNAMED,1924,1924-09-15T09:00Z,9,88.1,47.6,75,HU,HU,hurdat2-1851-2025-092326.txt,f803f35329a74a6e8e9de6c8fa4ab3d1
50,AL071926,UNNAMED,1926,1926-09-20T05:00Z,9,56.4,30.4,110,MH,HU,hurdat2-1851-2025-092326.txt,f803f35329a74a6e8e9de6c8fa4ab3d1
50,AL021929,UNNAMED,1929,1929-09-30T19:00Z,9,26.7,14.4,74,HU,HU,hurdat2-1851-2025-092326.txt,f803f35329a74a6e8e9de6c8fa4ab3d1
50,AL111934,UNNAMED,1934,1934-10-06T08:00Z,10,89.1,48.1,33,TD,TS,hurdat2-1851-2025-092326.txt,f803f35329a74a6e8e9de6c8fa4ab3d1
50,AL051936,UNNAMED,1936,1936-07-31T06:00Z,7,29.9,16.1,90,HU,HU,hurdat2-1851-2025-092326.txt,f803f35329a74a6e8e9de6c8fa4ab3d1
50,AL091936,UNNAMED,1936,1936-08-22T13:00Z,8,5.9,3.2,29,TD,TD,hurdat2-1851-2025-092326.txt,f803f35329a74a6e8e9de6c8fa4ab3d1
50,AL031937,UNNAMED,1937,1937-08-31T12:00Z,8,62.7,33.9,35,TS,TS,hurdat2-1851-2025-092326.txt,f803f35329a74a6e8e9de6c8fa4ab3d1
50,AL071937,UNNAMED,1937,1937-09-20T10:00Z,9,74.9,40.5,36,TS,TS,hurdat2-1851-2025-092326.txt,f803f35329a74a6e8e9de6c8fa4ab3d1
50,AL021939,UNNAMED,1939,1939-08-12T23:00Z,8,5.9,3.2,65,HU,HU,hurdat2-1851-2025-092326.txt,f803f35329a74a6e8e9de6c8fa4ab3d1
50,AL071947,UNNAMED,1947,1947-10-07T14:00Z,10,2.9,1.5,30,TD,TD,hurdat2-1851-2025-092326.txt,f803f35329a74a6e8e9de6c8fa4ab3d1
50,AL021948,UNNAMED,1948,1948-07-09T08:00Z,7,78.4,42.4,35,TS,TS,hurdat2-1851-2025-092326.txt,f803f35329a74a6e8e9de6c8fa4ab3d1
50,AL011953,ALICE,1953,1953-06-06T08:00Z,6,9.7,5.3,48,TS,TS,hurdat2-1851-2025-092326.txt,f803f35329a74a6e8e9de6c8fa4ab3d1
50,AL091953,FLORENCE,1953,1953-09-26T10:00Z,9,3.7,2.0,83,HU,HU,hurdat2-1851-2025-092326.txt,f803f35329a74a6e8e9de6c8fa4ab3d1
50,AL071956,FLOSSY,1956,1956-09-24T21:00Z,9,12.7,6.9,80,HU,HU,hurdat2-1851-2025-092326.txt,f803f35329a74a6e8e9de6c8fa4ab3d1
50,AL051957,DEBBIE,1957,1957-09-08T13:00Z,9,0.4,0.2,35,TS,TS,hurdat2-1851-2025-092326.txt,f803f35329a74a6e8e9de6c8fa4ab3d1
50,AL071960,FLORENCE,1960,1960-09-26T07:00Z,9,77.0,41.6,20,TD,TD,hurdat2-1851-2025-092326.txt,f803f35329a74a6e8e9de6c8fa4ab3d1
50,AL101964,HILDA,1964,1964-10-05T02:00Z,10,25.3,13.7,50,TS,EX,hurdat2-1851-2025-092326.txt,f803f35329a74a6e8e9de6c8fa4ab3d1
50,AL011965,UNNAMED,1965,1965-06-15T10:00Z,6,44.5,24.0,50,TS,TS,hurdat2-1851-2025-092326.txt,f803f35329a74a6e8e9de6c8fa4ab3d1
50,AL191969,UNNAMED,1969,1969-09-21T08:00Z,9,0.7,0.4,30,TD,TD,hurdat2-1851-2025-092326.txt,f803f35329a74a6e8e9de6c8fa4ab3d1
50,AL231969,UNNAMED,1969,1969-10-01T14:00Z,10,51.7,27.9,42,TS,SS,hurdat2-1851-2025-092326.txt,f803f35329a74a6e8e9de6c8fa4ab3d1
50,AL021970,BECKY,1970,1970-07-22T10:00Z,7,74.9,40.4,40,TS,TS,hurdat2-1851-2025-092326.txt,f803f35329a74a6e8e9de6c8fa4ab3d1
50,AL021972,AGNES,1972,1972-06-19T18:00Z,6,42.5,23.0,65,HU,HU,hurdat2-1851-2025-092326.txt,f803f35329a74a6e8e9de6c8fa4ab3d1
50,AL131975,ELOISE,1975,1975-09-23T10:00Z,9,6.0,3.3,110,MH,HU,hurdat2-1851-2025-092326.txt,f803f35329a74a6e8e9de6c8fa4ab3d1
50,AL011980,UNNAMED,1980,1980-07-19T11:00Z,7,69.8,37.7,25,TD,TD,hurdat2-1851-2025-092326.txt,f803f35329a74a6e8e9de6c8fa4ab3d1
50,AL051985,ELENA,1985,1985-09-02T01:00Z,9,92.3,49.8,109,MH,HU,hurdat2-1851-2025-092326.txt,f803f35329a74a6e8e9de6c8fa4ab3d1
50,AL131985,KATE,1985,1985-11-21T20:00Z,11,63.9,34.5,85,HU,HU,hurdat2-1851-2025-092326.txt,f803f35329a74a6e8e9de6c8fa4ab3d1
50,AL031987,UNNAMED,1987,1987-08-14T10:00Z,8,7.1,3.8,15,TD,TD,hurdat2-1851-2025-092326.txt,f803f35329a74a6e8e9de6c8fa4ab3d1
50,AL011994,ALBERTO,1994,1994-07-03T11:00Z,7,22.9,12.3,55,TS,TS,hurdat2-1851-2025-092326.txt,f803f35329a74a6e8e9de6c8fa4ab3d1
50,AL031994,BERYL,1994,1994-08-15T00:00Z,8,48.5,26.2,50,TS,TS,hurdat2-1851-2025-092326.txt,f803f35329a74a6e8e9de6c8fa4ab3d1
50,AL051995,ERIN,1995,1995-08-03T08:00Z,8,65.0,35.1,85,HU,HU,hurdat2-1851-2025-092326.txt,f803f35329a74a6e8e9de6c8fa4ab3d1
50,AL171995,OPAL,1995,1995-10-04T22:00Z,10,73.4,39.7,100,MH,HU,hurdat2-1851-2025-092326.txt,f803f35329a74a6e8e9de6c8fa4ab3d1
50,AL051998,EARL,1998,1998-09-03T02:00Z,9,33.8,18.2,76,HU,HU,hurdat2-1851-2025-092326.txt,f803f35329a74a6e8e9de6c8fa4ab3d1
50,AL071998,GEORGES,1998,1998-09-29T23:00Z,9,38.5,20.8,30,TD,TD,hurdat2-1851-2025-092326.txt,f803f35329a74a6e8e9de6c8fa4ab3d1
50,AL122000,HELENE,2000,2000-09-22T08:00Z,9,36.0,19.4,45,TS,TS,hurdat2-1851-2025-092326.txt,f803f35329a74a6e8e9de6c8fa4ab3d1
50,AL032001,BARRY,2001,2001-08-06T00:00Z,8,6.0,3.3,60,TS,TS,hurdat2-1851-2025-092326.txt,f803f35329a74a6e8e9de6c8fa4ab3d1
50,AL042005,DENNIS,2005,2005-07-10T17:00Z,7,75.1,40.6,111,MH,HU,hurdat2-1851-2025-092326.txt,f803f35329a74a6e8e9de6c8fa4ab3d1
50,AL222005,TAMMY,2005,2005-10-06T19:00Z,10,38.1,20.6,14,TD,TD,hurdat2-1851-2025-092326.txt,f803f35329a74a6e8e9de6c8fa4ab3d1
50,AL102007,TEN,2007,2007-09-21T16:00Z,9,30.9,16.7,30,TD,SD,hurdat2-1851-2025-092326.txt,f803f35329a74a6e8e9de6c8fa4ab3d1
50,AL062008,FAY,2008,2008-08-23T11:15Z,8,26.0,14.0,40,TS,TS,hurdat2-1851-2025-092326.txt,f803f35329a74a6e8e9de6c8fa4ab3d1
50,AL042009,CLAUDETTE,2009,2009-08-16T22:00Z,8,13.9,7.5,46,TS,TS,hurdat2-1851-2025-092326.txt,f803f35329a74a6e8e9de6c8fa4ab3d1
50,AL112009,IDA,2009,2009-11-10T19:00Z,11,27.4,14.8,29,TD,EX,hurdat2-1851-2025-092326.txt,f803f35329a74a6e8e9de6c8fa4ab3d1
50,AL052010,FIVE,2010,2010-08-16T00:00Z,8,45.5,24.6,20,TD,LO,hurdat2-1851-2025-092326.txt,f803f35329a74a6e8e9de6c8fa4ab3d1
50,AL012018,ALBERTO,2018,2018-05-28T15:00Z,5,2.9,1.5,47,TS,TS,hurdat2-1851-2025-092326.txt,f803f35329a74a6e8e9de6c8fa4ab3d1
50,AL142018,MICHAEL,2018,2018-10-10T15:00Z,10,56.4,30.5,140,MH,HU,hurdat2-1851-2025-092326.txt,f803f35329a74a6e8e9de6c8fa4ab3d1
50,AL162019,NESTOR,2019,2019-10-19T14:00Z,10,48.0,25.9,40,TS,EX,hurdat2-1851-2025-092326.txt,f803f35329a74a6e8e9de6c8fa4ab3d1
50,AL062020,FAY,2020,2020-07-06T04:00Z,7,68.3,36.9,30,TD,LO,hurdat2-1851-2025-092326.txt,f803f35329a74a6e8e9de6c8fa4ab3d1
50,AL062021,FRED,2021,2021-08-16T19:00Z,8,57.3,31.0,55,TS,TS,hurdat2-1851-2025-092326.txt,f803f35329a74a6e8e9de6c8fa4ab3d1
100,AL041851,UNNAMED,1851,1851-08-23T13:00Z,8,34.2,18.5,100,MH,HU,hurdat2-1851-2025-092326.txt,f803f35329a74a6e8e9de6c8fa4ab3d1
100,AL051852,UNNAMED,1852,1852-10-09T16:00Z,10,153.2,82.7,90,HU,HU,hurdat2-1851-2025-092326.txt,f803f35329a74a6e8e9de6c8fa4ab3d1
100,AL051856,UNNAMED,1856,1856-08-31T00:00Z,8,12.1,6.6,90,HU,HU,hurdat2-1851-2025-092326.txt,f803f35329a74a6e8e9de6c8fa4ab3d1
100,AL051859,UNNAMED,1859,1859-09-16T00:00Z,9,144.3,77.9,70,HU,HU,hurdat2-1851-2025-092326.txt,f803f35329a74a6e8e9de6c8fa4ab3d1
100,AL011860,UNNAMED,1860,1860-08-12T12:00Z,8,109.5,59.1,70,HU,HU,hurdat2-1851-2025-092326.txt,f803f35329a74a6e8e9de6c8fa4ab3d1
100,AL071867,UNNAMED,1867,1867-10-05T13:00Z,10,98.7,53.3,80,HU,HU,hurdat2-1851-2025-092326.txt,f803f35329a74a6e8e9de6c8fa4ab3d1
100,AL021868,UNNAMED,1868,1868-10-04T09:00Z,10,55.7,30.1,60,TS,TS,hurdat2-1851-2025-092326.txt,f803f35329a74a6e8e9de6c8fa4ab3d1
100,AL011870,UNNAMED,1870,1870-07-30T18:00Z,7,167.2,90.3,70,HU,HU,hurdat2-1851-2025-092326.txt,f803f35329a74a6e8e9de6c8fa4ab3d1
100,AL041871,UNNAMED,1871,1871-08-26T10:00Z,8,159.2,86.0,40,TS,TS,hurdat2-1851-2025-092326.txt,f803f35329a74a6e8e9de6c8fa4ab3d1
100,AL071871,UNNAMED,1871,1871-10-04T20:00Z,10,111.7,60.3,66,HU,HU,hurdat2-1851-2025-092326.txt,f803f35329a74a6e8e9de6c8fa4ab3d1
100,AL031873,UNNAMED,1873,1873-09-19T10:00Z,9,148.3,80.1,70,HU,HU,hurdat2-1851-2025-092326.txt,f803f35329a74a6e8e9de6c8fa4ab3d1
100,AL041875,UNNAMED,1875,1875-09-26T22:00Z,9,31.5,17.0,50,TS,TS,hurdat2-1851-2025-092326.txt,f803f35329a74a6e8e9de6c8fa4ab3d1
100,AL021877,UNNAMED,1877,1877-09-19T12:00Z,9,16.1,8.7,70,HU,HU,hurdat2-1851-2025-092326.txt,f803f35329a74a6e8e9de6c8fa4ab3d1
100,AL041877,UNNAMED,1877,1877-10-02T17:00Z,10,56.4,30.5,100,MH,HU,hurdat2-1851-2025-092326.txt,f803f35329a74a6e8e9de6c8fa4ab3d1
100,AL071877,UNNAMED,1877,1877-10-26T14:00Z,10,154.1,83.2,40,TS,TS,hurdat2-1851-2025-092326.txt,f803f35329a74a6e8e9de6c8fa4ab3d1
100,AL081878,UNNAMED,1878,1878-10-10T17:00Z,10,69.8,37.7,50,TS,TS,hurdat2-1851-2025-092326.txt,f803f35329a74a6e8e9de6c8fa4ab3d1
100,AL061879,UNNAMED,1879,1879-10-16T00:00Z,10,32.2,17.4,50,TS,TS,hurdat2-1851-2025-092326.txt,f803f35329a74a6e8e9de6c8fa4ab3d1
100,AL041880,UNNAMED,1880,1880-08-31T02:00Z,8,4.4,2.4,70,HU,HU,hurdat2-1851-2025-092326.txt,f803f35329a74a6e8e9de6c8fa4ab3d1
100,AL021882,UNNAMED,1882,1882-09-09T21:00Z,9,42.4,22.9,110,MH,HU,hurdat2-1851-2025-092326.txt,f803f35329a74a6e8e9de6c8fa4ab3d1
100,AL031885,UNNAMED,1885,1885-08-30T16:00Z,8,28.0,15.1,50,TS,TS,hurdat2-1851-2025-092326.txt,f803f35329a74a6e8e9de6c8fa4ab3d1
100,AL041885,UNNAMED,1885,1885-09-21T07:00Z,9,43.1,23.3,50,TS,TS,hurdat2-1851-2025-092326.txt,f803f35329a74a6e8e9de6c8fa4ab3d1
100,AL061885,UNNAMED,1885,1885-09-27T23:00Z,9,27.2,14.7,40,TS,TS,hurdat2-1851-2025-092326.txt,f803f35329a74a6e8e9de6c8fa4ab3d1
100,AL031886,UNNAMED,1886,1886-06-30T18:00Z,6,99.5,53.8,85,HU,HU,hurdat2-1851-2025-092326.txt,f803f35329a74a6e8e9de6c8fa4ab3d1
100,AL041887,UNNAMED,1887,1887-07-27T07:00Z,7,32.6,17.6,75,HU,HU,hurdat2-1851-2025-092326.txt,f803f35329a74a6e8e9de6c8fa4ab3d1
100,AL131887,UNNAMED,1887,1887-10-19T18:00Z,10,114.2,61.7,45,TS,TS,hurdat2-1851-2025-092326.txt,f803f35329a74a6e8e9de6c8fa4ab3d1
100,AL061889,UNNAMED,1889,1889-09-23T12:00Z,9,79.4,42.9,60,TS,TS,hurdat2-1851-2025-092326.txt,f803f35329a74a6e8e9de6c8fa4ab3d1
100,AL011893,UNNAMED,1893,1893-06-15T19:00Z,6,181.8,98.1,60,TS,TS,hurdat2-1851-2025-092326.txt,f803f35329a74a6e8e9de6c8fa4ab3d1
100,AL101893,UNNAMED,1893,1893-10-02T23:00Z,10,171.9,92.8,68,HU,HU,hurdat2-1851-2025-092326.txt,f803f35329a74a6e8e9de6c8fa4ab3d1
100,AL021894,UNNAMED,1894,1894-08-06T20:00Z,8,125.1,67.5,50,TS,TS,hurdat2-1851-2025-092326.txt,f803f35329a74a6e8e9de6c8fa4ab3d1
100,AL051894,UNNAMED,1894,1894-10-08T20:00Z,10,34.4,18.6,105,MH,HU,hurdat2-1851-2025-092326.txt,f803f35329a74a6e8e9de6c8fa4ab3d1
100,AL011896,UNNAMED,1896,1896-07-07T03:00Z,7,20.7,11.2,85,HU,HU,hurdat2-1851-2025-092326.txt,f803f35329a74a6e8e9de6c8fa4ab3d1
100,AL011898,UNNAMED,1898,1898-08-02T21:00Z,8,23.6,12.7,70,HU,HU,hurdat2-1851-2025-092326.txt,f803f35329a74a6e8e9de6c8fa4ab3d1
100,AL021899,UNNAMED,1899,1899-08-01T12:00Z,8,73.3,39.6,85,HU,HU,hurdat2-1851-2025-092326.txt,f803f35329a74a6e8e9de6c8fa4ab3d1
100,AL061900,UNNAMED,1900,1900-10-11T19:00Z,10,168.2,90.8,40,TS,TS,hurdat2-1851-2025-092326.txt,f803f35329a74a6e8e9de6c8fa4ab3d1
100,AL011901,UNNAMED,1901,1901-06-13T16:00Z,6,126.9,68.5,35,TS,TS,hurdat2-1851-2025-092326.txt,f803f35329a74a6e8e9de6c8fa4ab3d1
100,AL081901,UNNAMED,1901,1901-09-17T13:00Z,9,32.6,17.6,50,TS,TS,hurdat2-1851-2025-092326.txt,f803f35329a74a6e8e9de6c8fa4ab3d1
100,AL101901,UNNAMED,1901,1901-09-28T01:00Z,9,138.2,74.6,40,TS,TS,hurdat2-1851-2025-092326.txt,f803f35329a74a6e8e9de6c8fa4ab3d1
100,AL041902,UNNAMED,1902,1902-10-10T18:00Z,10,86.7,46.8,50,TS,TS,hurdat2-1851-2025-092326.txt,f803f35329a74a6e8e9de6c8fa4ab3d1
100,AL031903,UNNAMED,1903,1903-09-13T13:00Z,9,28.6,15.4,80,HU,HU,hurdat2-1851-2025-092326.txt,f803f35329a74a6e8e9de6c8fa4ab3d1
100,AL061904,UNNAMED,1904,1904-11-03T08:00Z,11,16.9,9.1,35,TS,TS,hurdat2-1851-2025-092326.txt,f803f35329a74a6e8e9de6c8fa4ab3d1
100,AL011906,UNNAMED,1906,1906-06-12T12:00Z,6,38.1,20.6,45,TS,TS,hurdat2-1851-2025-092326.txt,f803f35329a74a6e8e9de6c8fa4ab3d1
100,AL011907,UNNAMED,1907,1907-06-28T19:00Z,6,9.7,5.3,50,TS,TS,hurdat2-1851-2025-092326.txt,f803f35329a74a6e8e9de6c8fa4ab3d1
100,AL031907,UNNAMED,1907,1907-09-28T16:00Z,9,34.2,18.5,45,TS,TS,hurdat2-1851-2025-092326.txt,f803f35329a74a6e8e9de6c8fa4ab3d1
100,AL031909,UNNAMED,1909,1909-06-30T14:00Z,6,138.7,74.9,35,TS,TS,hurdat2-1851-2025-092326.txt,f803f35329a74a6e8e9de6c8fa4ab3d1
100,AL011911,UNNAMED,1911,1911-08-04T12:00Z,8,76.0,41.0,20,TD,TD,hurdat2-1851-2025-092326.txt,f803f35329a74a6e8e9de6c8fa4ab3d1
100,AL021911,UNNAMED,1911,1911-08-11T01:00Z,8,84.4,45.6,70,HU,HU,hurdat2-1851-2025-092326.txt,f803f35329a74a6e8e9de6c8fa4ab3d1
100,AL021912,UNNAMED,1912,1912-07-16T07:00Z,7,112.8,60.9,34,TS,TS,hurdat2-1851-2025-092326.txt,f803f35329a74a6e8e9de6c8fa4ab3d1
100,AL031912,UNNAMED,1912,1912-09-06T18:00Z,9,183.0,98.8,20,TD,TD,hurdat2-1851-2025-092326.txt,f803f35329a74a6e8e9de6c8fa4ab3d1
100,AL041912,UNNAMED,1912,1912-09-11T06:00Z,9,170.5,92.1,61,TS,TS,hurdat2-1851-2025-092326.txt,f803f35329a74a6e8e9de6c8fa4ab3d1
100,AL051912,UNNAMED,1912,1912-10-03T22:00Z,10,175.7,94.9,30,TD,EX,hurdat2-1851-2025-092326.txt,f803f35329a74a6e8e9de6c8fa4ab3d1
100,AL011914,UNNAMED,1914,1914-09-17T20:00Z,9,43.0,23.2,35,TS,TS,hurdat2-1851-2025-092326.txt,f803f35329a74a6e8e9de6c8fa4ab3d1
100,AL041915,UNNAMED,1915,1915-09-04T07:00Z,9,57.8,31.2,80,HU,HU,hurdat2-1851-2025-092326.txt,f803f35329a74a6e8e9de6c8fa4ab3d1
100,AL021916,UNNAMED,1916,1916-07-05T16:00Z,7,174.5,94.2,105,MH,HU,hurdat2-1851-2025-092326.txt,f803f35329a74a6e8e9de6c8fa4ab3d1
100,AL141916,UNNAMED,1916,1916-10-18T11:00Z,10,109.1,58.9,95,HU,HU,hurdat2-1851-2025-092326.txt,f803f35329a74a6e8e9de6c8fa4ab3d1
100,AL041917,UNNAMED,1917,1917-09-28T18:00Z,9,26.0,14.0,100,MH,HU,hurdat2-1851-2025-092326.txt,f803f35329a74a6e8e9de6c8fa4ab3d1
100,AL011919,UNNAMED,1919,1919-07-03T22:00Z,7,69.0,37.3,55,TS,TS,hurdat2-1851-2025-092326.txt,f803f35329a74a6e8e9de6c8fa4ab3d1
100,AL041919,UNNAMED,1919,1919-10-01T18:00Z,10,129.7,70.0,25,TD,TD,hurdat2-1851-2025-092326.txt,f803f35329a74a6e8e9de6c8fa4ab3d1
100,AL051922,UNNAMED,1922,1922-10-17T00:00Z,10,151.0,81.5,30,TD,TD,hurdat2-1851-2025-092326.txt,f803f35329a74a6e8e9de6c8fa4ab3d1
100,AL011923,UNNAMED,1923,1923-06-26T12:00Z,6,129.4,69.9,35,TS,TS,hurdat2-1851-2025-092326.txt,f803f35329a74a6e8e9de6c8fa4ab3d1
100,AL051924,UNNAMED,1924,1924-09-14T23:00Z,9,88.1,47.6,75,HU,HU,hurdat2-1851-2025-092326.txt,f803f35329a74a6e8e9de6c8fa4ab3d1
100,AL081924,UNNAMED,1924,1924-09-29T18:00Z,9,165.3,89.3,55,TS,TS,hurdat2-1851-2025-092326.txt,f803f35329a74a6e8e9de6c8fa4ab3d1
100,AL071926,UNNAMED,1926,1926-09-19T22:00Z,9,56.4,30.4,110,MH,HU,hurdat2-1851-2025-092326.txt,f803f35329a74a6e8e9de6c8fa4ab3d1
100,AL011928,UNNAMED,1928,1928-08-10T03:00Z,8,151.5,81.8,35,TS,TS,hurdat2-1851-2025-092326.txt,f803f35329a74a6e8e9de6c8fa4ab3d1
100,AL021928,UNNAMED,1928,1928-08-14T11:00Z,8,97.7,52.8,45,TS,TS,hurdat2-1851-2025-092326.txt,f803f35329a74a6e8e9de6c8fa4ab3d1
100,AL021929,UNNAMED,1929,1929-09-30T11:00Z,9,26.7,14.4,80,HU,HU,hurdat2-1851-2025-092326.txt,f803f35329a74a6e8e9de6c8fa4ab3d1
100,AL031932,UNNAMED,1932,1932-08-31T19:00Z,8,145.0,78.3,75,HU,HU,hurdat2-1851-2025-092326.txt,f803f35329a74a6e8e9de6c8fa4ab3d1
100,AL061932,UNNAMED,1932,1932-09-14T21:00Z,9,111.7,60.3,50,TS,TS,hurdat2-1851-2025-092326.txt,f803f35329a74a6e8e9de6c8fa4ab3d1
100,AL111934,UNNAMED,1934,1934-10-05T17:00Z,10,89.1,48.1,50,TS,TS,hurdat2-1851-2025-092326.txt,f803f35329a74a6e8e9de6c8fa4ab3d1
100,AL051936,UNNAMED,1936,1936-07-30T22:00Z,7,29.9,16.1,90,HU,HU,hurdat2-1851-2025-092326.txt,f803f35329a74a6e8e9de6c8fa4ab3d1
100,AL091936,UNNAMED,1936,1936-08-22T10:00Z,8,5.9,3.2,31,TD,TS,hurdat2-1851-2025-092326.txt,f803f35329a74a6e8e9de6c8fa4ab3d1
100,AL031937,UNNAMED,1937,1937-08-31T06:00Z,8,62.7,33.9,40,TS,TS,hurdat2-1851-2025-092326.txt,f803f35329a74a6e8e9de6c8fa4ab3d1
100,AL071937,UNNAMED,1937,1937-09-20T03:00Z,9,74.9,40.5,40,TS,TS,hurdat2-1851-2025-092326.txt,f803f35329a74a6e8e9de6c8fa4ab3d1
100,AL011939,UNNAMED,1939,1939-06-16T04:00Z,6,128.4,69.3,50,TS,TS,hurdat2-1851-2025-092326.txt,f803f35329a74a6e8e9de6c8fa4ab3d1
100,AL021939,UNNAMED,1939,1939-08-12T18:00Z,8,5.9,3.2,65,HU,HU,hurdat2-1851-2025-092326.txt,f803f35329a74a6e8e9de6c8fa4ab3d1
100,AL051941,UNNAMED,1941,1941-10-07T06:00Z,10,134.1,72.4,80,HU,HU,hurdat2-1851-2025-092326.txt,f803f35329a74a6e8e9de6c8fa4ab3d1
100,AL061944,UNNAMED,1944,1944-09-11T00:00Z,9,135.5,73.2,40,TS,TS,hurdat2-1851-2025-092326.txt,f803f35329a74a6e8e9de6c8fa4ab3d1
100,AL071945,UNNAMED,1945,1945-09-05T13:00Z,9,162.9,88.0,30,TD,TD,hurdat2-1851-2025-092326.txt,f803f35329a74a6e8e9de6c8fa4ab3d1
100,AL051947,UNNAMED,1947,1947-09-08T03:00Z,9,166.6,89.9,50,TS,TS,hurdat2-1851-2025-092326.txt,f803f35329a74a6e8e9de6c8fa4ab3d1
100,AL071947,UNNAMED,1947,1947-10-07T11:00Z,10,2.9,1.5,32,TD,TS,hurdat2-1851-2025-092326.txt,f803f35329a74a6e8e9de6c8fa4ab3d1
100,AL091947,UNNAMED,1947,1947-10-16T05:00Z,10,168.6,91.0,31,TD,TS,hurdat2-1851-2025-092326.txt,f803f35329a74a6e8e9de6c8fa4ab3d1
100,AL021948,UNNAMED,1948,1948-07-09T02:00Z,7,78.4,42.4,35,TS,TS,hurdat2-1851-2025-092326.txt,f803f35329a74a6e8e9de6c8fa4ab3d1
100,AL021950,BAKER,1950,1950-08-31T02:00Z,8,161.3,87.1,75,HU,HU,hurdat2-1851-2025-092326.txt,f803f35329a74a6e8e9de6c8fa4ab3d1
100,AL011953,ALICE,1953,1953-06-06T00:00Z,6,9.7,5.3,55,TS,TS,hurdat2-1851-2025-092326.txt,f803f35329a74a6e8e9de6c8fa4ab3d1
100,AL081953,UNNAMED,1953,1953-09-20T00:00Z,9,185.1,100.0,30,TD,TD,hurdat2-1851-2025-092326.txt,f803f35329a74a6e8e9de6c8fa4ab3d1
100,AL091953,FLORENCE,1953,1953-09-26T06:00Z,9,3.7,2.0,90,HU,HU,hurdat2-1851-2025-092326.txt,f803f35329a74a6e8e9de6c8fa4ab3d1
100,AL051955,UNNAMED,1955,1955-08-26T18:00Z,8,173.4,93.7,42,TS,TS,hurdat2-1851-2025-092326.txt,f803f35329a74a6e8e9de6c8fa4ab3d1
100,AL071956,FLOSSY,1956,1956-09-24T16:00Z,9,12.7,6.9,80,HU,HU,hurdat2-1851-2025-092326.txt,f803f35329a74a6e8e9de6c8fa4ab3d1
100,AL011957,UNNAMED,1957,1957-06-08T20:00Z,6,141.0,76.1,45,TS,TS,hurdat2-1851-2025-092326.txt,f803f35329a74a6e8e9de6c8fa4ab3d1
100,AL051957,DEBBIE,1957,1957-09-08T08:00Z,9,0.4,0.2,35,TS,TS,hurdat2-1851-2025-092326.txt,f803f35329a74a6e8e9de6c8fa4ab3d1
100,AL101959,IRENE,1959,1959-10-08T06:00Z,10,127.6,68.9,40,TS,TS,hurdat2-1851-2025-092326.txt,f803f35329a74a6e8e9de6c8fa4ab3d1
100,AL071960,FLORENCE,1960,1960-09-25T23:00Z,9,77.0,41.6,25,TD,TD,hurdat2-1851-2025-092326.txt,f803f35329a74a6e8e9de6c8fa4ab3d1
100,AL061964,DORA,1964,1964-09-11T08:00Z,9,133.0,71.8,45,TS,TS,hurdat2-1851-2025-092326.txt,f803f35329a74a6e8e9de6c8fa4ab3d1
100,AL101964,HILDA,1964,1964-10-04T22:00Z,10,25.3,13.7,51,TS,TS,hurdat2-1851-2025-092326.txt,f803f35329a74a6e8e9de6c8fa4ab3d1
100,AL011965,UNNAMED,1965,1965-06-15T08:00Z,6,44.5,24.0,50,TS,TS,hurdat2-1851-2025-092326.txt,f803f35329a74a6e8e9de6c8fa4ab3d1
100,AL011966,ALMA,1966,1966-06-09T16:00Z,6,162.3,87.6,80,HU,HU,hurdat2-1851-2025-092326.txt,f803f35329a74a6e8e9de6c8fa4ab3d1
100,AL191969,UNNAMED,1969,1969-09-21T03:00Z,9,0.7,0.4,30,TD,TD,hurdat2-1851-2025-092326.txt,f803f35329a74a6e8e9de6c8fa4ab3d1
100,AL231969,UNNAMED,1969,1969-10-01T10:00Z,10,51.7,27.9,46,TS,SS,hurdat2-1851-2025-092326.txt,f803f35329a74a6e8e9de6c8fa4ab3d1
100,AL021970,BECKY,1970,1970-07-22T03:00Z,7,74.9,40.4,47,TS,TS,hurdat2-1851-2025-092326.txt,f803f35329a74a6e8e9de6c8fa4ab3d1
100,AL011972,ALPHA,1972,1972-05-28T15:00Z,5,172.7,93.3,27,TD,SD,hurdat2-1851-2025-092326.txt,f803f35329a74a6e8e9de6c8fa4ab3d1
100,AL021972,AGNES,1972,1972-06-19T12:00Z,6,42.5,23.0,70,HU,HU,hurdat2-1851-2025-092326.txt,f803f35329a74a6e8e9de6c8fa4ab3d1
100,AL061975,UNNAMED,1975,1975-07-29T00:00Z,7,175.3,94.7,30,TD,TD,hurdat2-1851-2025-092326.txt,f803f35329a74a6e8e9de6c8fa4ab3d1
100,AL131975,ELOISE,1975,1975-09-23T08:00Z,9,6.0,3.3,110,MH,HU,hurdat2-1851-2025-092326.txt,f803f35329a74a6e8e9de6c8fa4ab3d1
100,AL011976,UNNAMED,1976,1976-05-23T13:00Z,5,157.5,85.0,40,TS,SS,hurdat2-1851-2025-092326.txt,f803f35329a74a6e8e9de6c8fa4ab3d1
100,AL021977,UNNAMED,1977,1977-07-18T22:00Z,7,136.2,73.5,30,TD,TD,hurdat2-1851-2025-092326.txt,f803f35329a74a6e8e9de6c8fa4ab3d1
100,AL111979,FREDERIC,1979,1979-09-13T00:00Z,9,182.3,98.5,115,MH,HU,hurdat2-1851-2025-092326.txt,f803f35329a74a6e8e9de6c8fa4ab3d1
100,AL011980,UNNAMED,1980,1980-07-19T03:00Z,7,69.8,37.7,25,TD,TD,hurdat2-1851-2025-092326.txt,f803f35329a74a6e8e9de6c8fa4ab3d1
100,AL171984,UNNAMED,1984,1984-10-27T14:00Z,10,169.7,91.6,30,TD,TD,hurdat2-1851-2025-092326.txt,f803f35329a74a6e8e9de6c8fa4ab3d1
100,AL051985,ELENA,1985,1985-09-01T19:00Z,9,92.3,49.8,110,MH,HU,hurdat2-1851-2025-092326.txt,f803f35329a74a6e8e9de6c8fa4ab3d1
100,AL121985,JUAN,1985,1985-10-31T17:00Z,10,125.3,67.7,55,TS,TS,hurdat2-1851-2025-092326.txt,f803f35329a74a6e8e9de6c8fa4ab3d1
100,AL131985,KATE,1985,1985-11-21T15:00Z,11,63.9,34.5,90,HU,HU,hurdat2-1851-2025-092326.txt,f803f35329a74a6e8e9de6c8fa4ab3d1
100,AL031987,UNNAMED,1987,1987-08-13T19:00Z,8,7.1,3.8,15,TD,TD,hurdat2-1851-2025-092326.txt,f803f35329a74a6e8e9de6c8fa4ab3d1
100,AL011994,ALBERTO,1994,1994-07-03T06:00Z,7,22.9,12.3,55,TS,TS,hurdat2-1851-2025-092326.txt,f803f35329a74a6e8e9de6c8fa4ab3d1
100,AL031994,BERYL,1994,1994-08-14T14:00Z,8,48.5,26.2,50,TS,TS,hurdat2-1851-2025-092326.txt,f803f35329a74a6e8e9de6c8fa4ab3d1
100,AL011995,ALLISON,1995,1995-06-05T07:00Z,6,145.5,78.5,60,TS,TS,hurdat2-1851-2025-092326.txt,f803f35329a74a6e8e9de6c8fa4ab3d1
100,AL051995,ERIN,1995,1995-08-03T02:00Z,8,65.0,35.1,85,HU,HU,hurdat2-1851-2025-092326.txt,f803f35329a74a6e8e9de6c8fa4ab3d1
100,AL171995,OPAL,1995,1995-10-04T19:00Z,10,73.4,39.7,107,MH,HU,hurdat2-1851-2025-092326.txt,f803f35329a74a6e8e9de6c8fa4ab3d1
100,AL101996,JOSEPHINE,1996,1996-10-07T21:00Z,10,176.0,95.0,60,TS,TS,hurdat2-1851-2025-092326.txt,f803f35329a74a6e8e9de6c8fa4ab3d1
100,AL051997,DANNY,1997,1997-07-19T05:00Z,7,112.2,60.6,70,HU,HU,hurdat2-1851-2025-092326.txt,f803f35329a74a6e8e9de6c8fa4ab3d1
100,AL051998,EARL,1998,1998-09-02T21:00Z,9,33.8,18.2,82,HU,HU,hurdat2-1851-2025-092326.txt,f803f35329a74a6e8e9de6c8fa4ab3d1
100,AL071998,GEORGES,1998,1998-09-29T13:00Z,9,38.5,20.8,30,TD,TD,hurdat2-1851-2025-092326.txt,f803f35329a74a6e8e9de6c8fa4ab3d1
100,AL122000,HELENE,2000,2000-09-22T03:00Z,9,36.0,19.4,55,TS,TS,hurdat2-1851-2025-092326.txt,f803f35329a74a6e8e9de6c8fa4ab3d1
100,AL012001,ALLISON,2001,2001-06-11T21:00Z,6,140.6,75.9,30,TD,SS,hurdat2-1851-2025-092326.txt,f803f35329a74a6e8e9de6c8fa4ab3d1
100,AL032001,BARRY,2001,2001-08-05T19:00Z,8,6.0,3.3,60,TS,TS,hurdat2-1851-2025-092326.txt,f803f35329a74a6e8e9de6c8fa4ab3d1
100,AL092002,HANNA,2002,2002-09-14T17:00Z,9,143.1,77.3,36,TS,TS,hurdat2-1851-2025-092326.txt,f803f35329a74a6e8e9de6c8fa4ab3d1
100,AL022004,BONNIE,2004,2004-08-12T11:00Z,8,114.1,61.6,45,TS,TS,hurdat2-1851-2025-092326.txt,f803f35329a74a6e8e9de6c8fa4ab3d1
100,AL062004,FRANCES,2004,2004-09-06T19:00Z,9,155.9,84.2,47,TS,TS,hurdat2-1851-2025-092326.txt,f803f35329a74a6e8e9de6c8fa4ab3d1
100,AL092004,IVAN,2004,2004-09-16T05:00Z,9,153.2,82.7,105,MH,HU,hurdat2-1851-2025-092326.txt,f803f35329a74a6e8e9de6c8fa4ab3d1
100,AL012005,ARLENE,2005,2005-06-11T13:00Z,6,118.8,64.2,54,TS,TS,hurdat2-1851-2025-092326.txt,f803f35329a74a6e8e9de6c8fa4ab3d1
100,AL042005,DENNIS,2005,2005-07-10T13:00Z,7,75.1,40.6,118,MH,HU,hurdat2-1851-2025-092326.txt,f803f35329a74a6e8e9de6c8fa4ab3d1
100,AL222005,TAMMY,2005,2005-10-06T14:00Z,10,38.1,20.6,21,TD,TD,hurdat2-1851-2025-092326.txt,f803f35329a74a6e8e9de6c8fa4ab3d1
100,AL102007,TEN,2007,2007-09-21T12:00Z,9,30.9,16.7,30,TD,SD,hurdat2-1851-2025-092326.txt,f803f35329a74a6e8e9de6c8fa4ab3d1
100,AL062008,FAY,2008,2008-08-23T03:00Z,8,26.0,14.0,45,TS,TS,hurdat2-1851-2025-092326.txt,f803f35329a74a6e8e9de6c8fa4ab3d1
100,AL172008,PALOMA,2008,2008-11-14T06:00Z,11,157.2,84.9,20,TD,LO,hurdat2-1851-2025-092326.txt,f803f35329a74a6e8e9de6c8fa4ab3d1
100,AL042009,CLAUDETTE,2009,2009-08-16T17:00Z,8,13.9,7.5,50,TS,TS,hurdat2-1851-2025-092326.txt,f803f35329a74a6e8e9de6c8fa4ab3d1
100,AL112009,IDA,2009,2009-11-10T11:00Z,11,27.4,14.8,38,TS,EX,hurdat2-1851-2025-092326.txt,f803f35329a74a6e8e9de6c8fa4ab3d1
100,AL052010,FIVE,2010,2010-08-15T16:00Z,8,45.5,24.6,25,TD,LO,hurdat2-1851-2025-092326.txt,f803f35329a74a6e8e9de6c8fa4ab3d1
100,AL042012,DEBBY,2012,2012-06-25T07:00Z,6,156.5,84.5,45,TS,TS,hurdat2-1851-2025-092326.txt,f803f35329a74a6e8e9de6c8fa4ab3d1
100,AL032016,COLIN,2016,2016-06-06T22:00Z,6,179.6,97.0,45,TS,TS,hurdat2-1851-2025-092326.txt,f803f35329a74a6e8e9de6c8fa4ab3d1
100,AL092016,HERMINE,2016,2016-09-02T00:00Z,9,169.4,91.4,70,HU,HU,hurdat2-1851-2025-092326.txt,f803f35329a74a6e8e9de6c8fa4ab3d1
100,AL012018,ALBERTO,2018,2018-05-28T07:00Z,5,2.9,1.5,54,TS,TS,hurdat2-1851-2025-092326.txt,f803f35329a74a6e8e9de6c8fa4ab3d1
100,AL072018,GORDON,2018,2018-09-04T19:00Z,9,170.6,92.1,60,TS,TS,hurdat2-1851-2025-092326.txt,f803f35329a74a6e8e9de6c8fa4ab3d1
100,AL142018,MICHAEL,2018,2018-10-10T11:00Z,10,56.4,30.5,140,MH,HU,hurdat2-1851-2025-092326.txt,f803f35329a74a6e8e9de6c8fa4ab3d1
100,AL162019,NESTOR,2019,2019-10-19T08:00Z,10,48.0,25.9,46,TS,TS,hurdat2-1851-2025-092326.txt,f803f35329a74a6e8e9de6c8fa4ab3d1
100,AL062020,FAY,2020,2020-07-05T23:00Z,7,68.3,36.9,30,TD,LO,hurdat2-1851-2025-092326.txt,f803f35329a74a6e8e9de6c8fa4ab3d1
100,AL192020,SALLY,2020,2020-09-16T01:00Z,9,118.9,64.2,95,HU,HU,hurdat2-1851-2025-092326.txt,f803f35329a74a6e8e9de6c8fa4ab3d1
100,AL062021,FRED,2021,2021-08-16T12:00Z,8,57.3,31.0,55,TS,TS,hurdat2-1851-2025-092326.txt,f803f35329a74a6e8e9de6c8fa4ab3d1
100,AL132021,MINDY,2021,2021-09-08T20:00Z,9,103.2,55.7,50,TS,TS,hurdat2-1851-2025-092326.txt,f803f35329a74a6e8e9de6c8fa4ab3d1
100,AL172022,NICOLE,2022,2022-11-11T01:00Z,11,165.1,89.1,34,TS,TS,hurdat2-1851-2025-092326.txt,f803f35329a74a6e8e9de6c8fa4ab3d1
