yaricap_deniz_mili,ilk_giris_ayi,TD,TS,HU,MH,bilinmiyor,toplam,sezonlar,hurdat_dosyasi,veri_surumu
50,1,0,0,0,0,0,0,1991-2025,hurdat2-1851-2025-092326.txt,f803f35329a74a6e8e9de6c8fa4ab3d1
50,2,0,0,0,0,0,0,1991-2025,hurdat2-1851-2025-092326.txt,f803f35329a74a6e8e9de6c8fa4ab3d1
50,3,0,0,0,0,0,0,1991-2025,hurdat2-1851-2025-092326.txt,f803f35329a74a6e8e9de6c8fa4ab3d1
50,4,0,0,0,0,0,0,1991-2025,hurdat2-1851-2025-092326.txt,f803f35329a74a6e8e9de6c8fa4ab3d1
50,5,0,1,0,0,0,1,1991-2025,hurdat2-1851-2025-092326.txt,f803f35329a74a6e8e9de6c8fa4ab3d1
50,6,0,0,0,0,0,0,1991-2025,hurdat2-1851-2025-092326.txt,f803f35329a74a6e8e9de6c8fa4ab3d1
50,7,1,1,0,1,0,3,1991-2025,hurdat2-1851-2025-092326.txt,f803f35329a74a6e8e9de6c8fa4ab3d1
50,8,1,5,1,0,0,7,1991-2025,hurdat2-1851-2025-092326.txt,f803f35329a74a6e8e9de6c8fa4ab3d1
50,9,2,1,1,0,0,4,1991-2025,hurdat2-1851-2025-092326.txt,f803f35329a74a6e8e9de6c8fa4ab3d1
50,10,1,1,0,2,0,4,1991-2025,hurdat2-1851-2025-092326.txt,f803f35329a74a6e8e9de6c8fa4ab3d1
50,11,1,0,0,0,0,1,1991-2025,hurdat2-1851-2025-092326.txt,f803f35329a74a6e8e9de6c8fa4ab3d1
50,12,0,0,0,0,0,0,1991-2025,hurdat2-1851-2025-092326.txt,f803f35329a74a6e8e9de6c8fa4ab3d1
50,toplam,6,9,2,3,0,20,1991-2025,hurdat2-1851-2025-092326.txt,f803f35329a74a6e8e9de6c8fa4ab3d1
100,1,0,0,0,0,0,0,1991-2025,hurdat2-1851-2025-092326.txt,f803f35329a74a6e8e9de6c8fa4ab3d1
100,2,0,0,0,0,0,0,1991-2025,hurdat2-1851-2025-092326.txt,f803f35329a74a6e8e9de6c8fa4ab3d1
100,3,0,0,0,0,0,0,1991-2025,hurdat2-1851-2025-092326.txt,f803f35329a74a6e8e9de6c8fa4ab3d1
100,4,0,0,0,0,0,0,1991-2025,hurdat2-1851-2025-092326.txt,f803f35329a74a6e8e9de6c8fa4ab3d1
100,5,0,1,0,0,0,1,1991-2025,hurdat2-1851-2025-092326.txt,f803f35329a74a6e8e9de6c8fa4ab3d1
100,6,1,4,0,0,0,5,1991-2025,hurdat2-1851-2025-092326.txt,f803f35329a74a6e8e9de6c8fa4ab3d1
100,7,1,1,1,1,0,4,1991-2025,hurdat2-1851-2025-092326.txt,f803f35329a74a6e8e9de6c8fa4ab3d1
100,8,1,6,1,0,0,8,1991-2025,hurdat2-1851-2025-092326.txt,f803f35329a74a6e8e9de6c8fa4ab3d1
100,9,2,5,3,1,0,11,1991-2025,hurdat2-1851-2025-092326.txt,f803f35329a74a6e8e9de6c8fa4ab3d1
100,10,1,2,0,2,0,5,1991-2025,hurdat2-1851-2025-092326.txt,f803f35329a74a6e8e9de6c8fa4ab3d1
100,11,1,2,0,0,0,3,1991-2025,hurdat2-1851-2025-092326.txt,f803f35329a74a6e8e9de6c8fa4ab3d1
100,12,0,0,0,0,0,0,1991-2025,hurdat2-1851-2025-092326.txt,f803f35329a74a6e8e9de6c8fa4ab3d1
100,toplam,7,21,5,4,0,37,1991-2025,hurdat2-1851-2025-092326.txt,f803f35329a74a6e8e9de6c8fa4ab3d1
