external_id,ad,kaynagin_verdigi_mahalle,kaynak
5c81ab02f836f9166348e96c,Stallworth Preserve,,
5c818bddf836f90dc03cccc3,Beach Highlands - 44,,
5c8195dcf836f9166535cb93,Bullard - 43a,,
5df3aad15a6c24371775bd16,Dune Allen Regional Beach Access,Dune Allen,VSW Guide to Beach Parking and Transportation (yayın 2023-05-04); başlık: Dune Allen; rehberdeki kayıt: Ft. Panic/ Dune Allen Regional Beach Access; eşleşme: ad (birleşik satırda adıyla geçiyor)
5c8000ddf836f94c3171b973,Fort Panic Regional Beach Access - 43,Dune Allen,"VSW Guide to Beach Parking and Transportation (yayın 2023-05-04); başlık: Dune Allen; rehberdeki kayıt: Ft. Panic/ Dune Allen Regional Beach Access, 5753 W Scenic Hwy 30A; eşleşme: ad + adres"
5c81ac5bf836f90dc03cccd6,West Allen Loop - 42,,
5c81a5eef836f9166535cb9a,Lake Causeway - 41,,
64dd46e5d7a14c5b34023dc2,Palms of Dune Allen West - 44,,
5c81a7dcf836f9166348e965,Palms of Dune Allen East - 43,,
5c803a5e0970a77f5a2f0e82,Ed Walline Regional Beach Access - 39,Gulf Place,"VSW Guide to Beach Parking and Transportation (yayın 2023-05-04); başlık: Gulf Place; rehberdeki kayıt: Ed Walline Regional Beach Access, 4447 W Scenic Hwy 30A; eşleşme: ad + adres"
5c81aa70f836f90dc03cccd5,Shellseekers - 38a,,
5c81aa94f836f9166348e96b,Spooky Lane - 38,,
5c803abb0970a7346100fff5,Gulfview Heights Regional Beach Access - 37,Santa Rosa Beach,"VSW Guide to Beach Parking and Transportation (yayın 2023-05-04); başlık: Santa Rosa Beach; rehberdeki kayıt: Gulfview Heights Regional Beach Access, 186 Gulfview Heights St; eşleşme: ad + adres"
5c79a4b00970a7972e59c7a2,Blue Mountain Regional Beach Access - 36,Blue Mountain Beach,"VSW Guide to Beach Parking and Transportation (yayın 2023-05-04); başlık: Blue Mountain Beach; rehberdeki kayıt: Blue Mountain Regional Beach Access, 2365 S Scenic Hwy 83; eşleşme: ad + adres"
5c81a399f836f9166535cb95,Gulf Point Road - 35,,
5c81aa00f836f9166348e96a,Seagrade Road - 34,,
5c81959ff836f9166348e953,Blue Lake Road - 33,,
5c81a8f2f836f9166348e968,Ray’s Multi­‐Mountain - 32,,
6a315b65def75df603062712,"Bets ""Beachmama"" Haynes Regional Beach Access",Grayton Beach,VSW Guide to Beach Parking and Transportation (yayın 2023-05-04); başlık: Grayton Beach; rehberdeki kayıt: beach access at 44 Hotz Ave; eşleşme: adres (rehberde ad yok)
5c819a5af836f9166348e957,Grayton Dunes - 17,,
5c819c45f836f90dc03cccc6,Grayton Dunes (West),,
5c819666f836f9166348e955,Dogwood/Thyme - 29,,
5c81a4e0f836f90dc03cccc9,Hickory - 28,,
5c81a633f836f9166535cb9d,Live Oak - 27,,
5c81a707f836f90dc03ccccf,Nightcap Street - 26,,
5c81a576f836f9166348e95e,Highway 395 - 25,,
5c81a5acf836f90dc03cccca,Holly - 24,,
5c818ba6f836f90dc03cccc2,Azalea/Camellia - 23,,
5c8199eaf836f90dc03cccc5,Gardenia - 22,,
5c81a530f836f9166535cb98,Headland Ave,,
5c81a2e4f836f9166348e959,Greenwood - 21,,
5c818b77f836f9166535cb92,Andalusia - 20,,
5c8196ccf836f90dc03cccc4,Dothan - 19,,
5c81a944f836f9166348e969,San Juan - 18,,
5c8189f0f836f90da711b134,Santa Clara Regional Beach Access - 17,Seagrove,"VSW Guide to Beach Parking and Transportation (yayın 2023-05-04); başlık: Seagrove; rehberdeki kayıt: Santa Clara Beach Access, 3468 E Scenic Hwy 30A; eşleşme: ad + adres"
5c81a817f836f9166535cba1,Pelayo - 16,,
5c819629f836f9166348e954,Campbell Street - 15,,
5c818c91f836f9166348e952,Beachwood Villas - 14,,
6a315ac269745399950aca62,Seagrove Regional Beach Access,,
5c81a77ef836f9166535cb9f,One Seagrove - 13,,
5c81a8c7f836f9166535cba2,Ramsgate - 11,,
5c81995ff836f9166348e956,Eastern Lake NBA West - 11B,,
5c81a895f836f9166348e967,Eastern Lake NBA East - 11A,,
5c81abadf836f9166348e96d,Sugar Dunes - 9,,
5c81ac29f836f9166535cba4,Walton Dunes - 8,Seagrove,"VSW Guide to Beach Parking and Transportation (yayın 2023-05-04); başlık: Seagrove; rehberdeki kayıt: Walton Dunes, 258 Beachfront Trail; eşleşme: ad + kapı no (sokak yazımı farklı)"
5c81a321f836f9166348e95a,Gulf Lakes Estates - 7,,
5c81aa36f836f9166535cba3,Seabreeze - 6,,
5c81a9d7f836f90dc03cccd4,Seacrest Dr - 5,,
5c81acb0f836f9166348e96f,Winston Lane - 4,,
5c81abfcf836f9166348e96e,Wall Street - 3,,
5c8188bbf836f90da711b132,"Inlet Beach Regional Access - 2a, 2b, 2c",Inlet Beach,"VSW Guide to Beach Parking and Transportation (yayın 2023-05-04); başlık: Inlet Beach; rehberdeki kayıt: Inlet Regional Beach Access Central, 303 W Park Place Ave; eşleşme: adres + ad kökü"
5c81a841f836f9166348e966,South Walton Lakeshore Dr - 1a,,
5c81a6a2f836f9166348e961,Lupine - 1,,
