kalip,sinif,tam,not
kids,cocuk,,
kid's,cocuk,,
children,cocuk,,
little ones,cocuk,,
little fish,cocuk,,
lil,cocuk,,"""Lil' Grommets"" gibi"
under 12,cocuk,,
little skippers,cocuk,,
skippers,cocuk,,
kiddos,cocuk,,
kids corner,cocuk,,
children's menu,cocuk,,
for the little ones,cocuk,,
dessert,tatli,,
desserts,tatli,,
sweets,tatli,,
sweet treats,tatli,,
pastries,tatli,,
ice cream,tatli,,
gelato,tatli,,
cakes,tatli,,
pies,tatli,,
cookies,tatli,,
sweet,tatli,,
sweets & treats,tatli,,
dolci,tatli,,
treats,tatli,,
key lime,tatli,,
after dinner,tatli,,
cocktail,icecek,,
cocktails,icecek,,
wine,icecek,,
wines,icecek,,
beer,icecek,,
beers,icecek,,
draft,icecek,,
draught,icecek,,
spirits,icecek,,
bourbon,icecek,,
whiskey,icecek,,
tequila,icecek,,
mocktail,icecek,,
mocktails,icecek,,
beverages,icecek,,
drinks,icecek,,
coffee,icecek,,
espresso,icecek,,
tea,icecek,,
smoothies,icecek,,
juices,icecek,,
juice,icecek,,
frozen drinks,icecek,,
bubbles,icecek,,
champagne,icecek,,
by the glass,icecek,,
by the bottle,icecek,,
happy hour,icecek,,happy hour bölümleri çoğunlukla içecek ve atıştırmalık; ana yemek sayılmaz
red,icecek,1,yalnız başlığın tamamı buysa
reds,icecek,1,yalnız başlığın tamamı buysa
white,icecek,1,yalnız başlığın tamamı buysa
whites,icecek,1,yalnız başlığın tamamı buysa
rose,icecek,1,yalnız başlığın tamamı buysa
rose & whites,icecek,1,yalnız başlığın tamamı buysa
bubbles & rose,icecek,1,yalnız başlığın tamamı buysa
sparkling,icecek,,
prosecco,icecek,,
sake,icecek,,
hot sake,icecek,,
nigori,icecek,,
ginjo,icecek,,
daiginjo,icecek,,
pinot,icecek,,
chardonnay,icecek,,
cabernet,icecek,,
sauvignon,icecek,,
merlot,icecek,,
malbec,icecek,,
zinfandel,icecek,,
riesling,icecek,,
varietals,icecek,,
red wine,icecek,,
white wine,icecek,,
vodka,icecek,,
rum,icecek,,
gin,icecek,,
scotch,icecek,,
cordial,icecek,,
cordials,icecek,,
hops,icecek,,
zero proof,icecek,,
agave,icecek,,
mezcal,icecek,,
pours,icecek,,
bubbly,icecek,,
pitchers,icecek,,
margaritas,icecek,,
margarita,icecek,,
sangria,icecek,,
seltzers,icecek,,
cans,icecek,,
bottles,icecek,,
drafts,icecek,,
on tap,icecek,,
ports,icecek,,
dessert wines,icecek,,
milk alternatives,icecek,,
syrups,icecek,,
lattes,icecek,,
alcohol-free,icecek,,
non-alcoholic,icecek,,
sodas,icecek,,
lemonade,icecek,,
shakes,icecek,,
milkshakes,icecek,,
sides,yan_urun,,
side,yan_urun,,
add ons,yan_urun,,
add-ons,yan_urun,,
addons,yan_urun,,
extras,yan_urun,,
toppings,yan_urun,,
sauces,yan_urun,,
dressings,yan_urun,,
a la carte,yan_urun,,
enhancements,yan_urun,,
accompaniments,yan_urun,,
added attractions,yan_urun,,
additions,yan_urun,,
sauce,yan_urun,,
on the side,yan_urun,,
soup,salata_corba,,
soups,salata_corba,,
salad,salata_corba,,
salads,salata_corba,,
greens,salata_corba,,
gumbo,salata_corba,,
chowder,salata_corba,,
bisque,salata_corba,,
soups & salads,salata_corba,,
insalata,salata_corba,,
insalate,salata_corba,,
zuppe,salata_corba,,
zuppa,salata_corba,,
appetizer,baslangic,,
appetizers,baslangic,,
apps,baslangic,,
starters,baslangic,,
starter,baslangic,,
small plates,baslangic,,
smalls,baslangic,,
shareables,baslangic,,
to share,baslangic,,
for the table,baslangic,,
snacks,baslangic,,
bar snacks,baslangic,,
nibbles,baslangic,,
raw bar,baslangic,,
oysters,baslangic,,
nigiri,baslangic,,
sashimi,baslangic,,
tapas,baslangic,,
dips,baslangic,,
first course,baslangic,,
antipasti,baslangic,,
antipasto,baslangic,,
bites,baslangic,,
small bites,baslangic,,
shareable,baslangic,,
for sharing,baslangic,,
crudo,baslangic,,
nibbles & bites,baslangic,,
appertizers,baslangic,,
wings,baslangic,,
chicken wings,baslangic,,
buffalo wings,baslangic,,
nachos,baslangic,,
queso,baslangic,,
fried pickles,baslangic,,
pretzel,baslangic,,
calamari,baslangic,,
sushi rolls,ana_yemek,,suşi restoranlarında ana kalem
rolls,ana_yemek,,
entrees,ana_yemek,,
entree,ana_yemek,,
entrées,ana_yemek,,
entrée,ana_yemek,,
mains,ana_yemek,,
main,ana_yemek,,
main course,ana_yemek,,
large plates,ana_yemek,,
big plates,ana_yemek,,
plates,ana_yemek,,
dinner plates,ana_yemek,,
specialties,ana_yemek,,
house specialties,ana_yemek,,
signatures,ana_yemek,,
chef's specialties,ana_yemek,,
from the sea,ana_yemek,,
from the land,ana_yemek,,
from the grill,ana_yemek,,
land,ana_yemek,,
sea,ana_yemek,,
seafood,ana_yemek,,
fish,ana_yemek,,
steaks,ana_yemek,,
steak,ana_yemek,,
chops,ana_yemek,,
meats,ana_yemek,,
chicken,ana_yemek,,
poultry,ana_yemek,,
pasta,ana_yemek,,
pastas,ana_yemek,,
noodles,ana_yemek,,
risotto,ana_yemek,,
burgers,ana_yemek,,
burger,ana_yemek,,
sandwiches,ana_yemek,,
sandwich,ana_yemek,,
handhelds,ana_yemek,,
hand helds,ana_yemek,,
po boys,ana_yemek,,
po' boys,ana_yemek,,
poboys,ana_yemek,,
wraps,ana_yemek,,
tacos,ana_yemek,,
burritos,ana_yemek,,
quesadillas,ana_yemek,,
enchiladas,ana_yemek,,
fajitas,ana_yemek,,
bowls,ana_yemek,,
baskets,ana_yemek,,
platters,ana_yemek,,
pizza,ana_yemek,,
pizzas,ana_yemek,,
pies & pizza,ana_yemek,,
calzones,ana_yemek,,
flatbreads,ana_yemek,,
barbecue,ana_yemek,,
bbq,ana_yemek,,
smoked meats,ana_yemek,,
ribs,ana_yemek,,
combos,ana_yemek,,
dinners,ana_yemek,,
lunch,ana_yemek,,öğle menüsünün kendisi bölüm başlığı olarak geçtiğinde
dinner,ana_yemek,,
brunch,ana_yemek,,
breakfast,ana_yemek,,
omelets,ana_yemek,,
omelettes,ana_yemek,,
benedicts,ana_yemek,,
pancakes,ana_yemek,,
waffles,ana_yemek,,
french toast,ana_yemek,,
griddle,ana_yemek,,
eggs,ana_yemek,,
curry,ana_yemek,,
curries,ana_yemek,,
fried rice,ana_yemek,,
stir fry,ana_yemek,,
thai specialties,ana_yemek,,
hibachi,ana_yemek,,
poke,ana_yemek,,
secondi,ana_yemek,,
primi,ana_yemek,,
signature dishes,ana_yemek,,
signature,ana_yemek,,
specialities,ana_yemek,,
house specialities,ana_yemek,,
chef's feature,ana_yemek,,
chef features,ana_yemek,,
dinner entrees,ana_yemek,,
fresh catch,ana_yemek,,
catch,ana_yemek,,
seafood platters,ana_yemek,,
grill,ana_yemek,,
sushi,ana_yemek,,
rolls & sushi,ana_yemek,,
maki,ana_yemek,,
ramen,ana_yemek,,
udon,ana_yemek,,
soba,ana_yemek,,
tempura,ana_yemek,,
teriyaki,ana_yemek,,
fajita,ana_yemek,,
chimichangas,ana_yemek,,
tortas,ana_yemek,,
subs,ana_yemek,,
hoagies,ana_yemek,,
cheesesteaks,ana_yemek,,
heroes,ana_yemek,,
melts,ana_yemek,,
dogs,ana_yemek,,
hot dogs,ana_yemek,,
basket,ana_yemek,,
plate,ana_yemek,,
platter,ana_yemek,,
entree platters,ana_yemek,,
bento,ana_yemek,,
bento box,ana_yemek,,
dinner specials,ana_yemek,,
lunch specials,ana_yemek,,
grouper,ana_yemek,,
shrimp & grits,ana_yemek,,
po'boy,ana_yemek,,
po boy,ana_yemek,,
boil,ana_yemek,,
low country boil,ana_yemek,,
chicken & waffles,ana_yemek,,
build your own,diger,,
specials,diger,,günlük özel listeler değişken; sınıflanmaz
features,diger,,
drinks & desserts,diger,,
