bolge_id,mahalle,konum_filtreleri,pencere,pencere_adi,giris,cikis,gece,durum,ilan_sayisi,kategori_dagilimi,kategorisiz_ilan,yatak_odasi_belirtilen_ilan,yatak_odasi_ortanca,dort_arti_oda_payi,oda_dagilimi,kapasite_ortanca,fiyatli_ilan,fiyatli_ilan_payi,fiyat_kaynagi_liste,fiyat_kaynagi_canli,fiyat_kaynagi_takvim,gecelik_usd_q1,gecelik_usd_ortanca,gecelik_usd_q3,arama_gunu,veri_surumu,etiket
dune-allen,Dune Allen,Dune Allen,fall-2026,Sonbahar 2026,2026-10-17,2026-10-24,7,searched,112,"{""Beach Homes & Cottages"": 70, ""Condominiums, Townhomes & Villas"": 42}",0,110,3.0,0.455,"{""stüdyo"": 0, ""1"": 7, ""2"": 23, ""3"": 30, ""4"": 23, ""5"": 17, ""6+"": 10}",8.0,0,0.0,0,0,0,,,,2026-10-07,abe7764d13cb4c9198e2b873ebc4d7c7,"2026-10-07 tarihinde yapılan aramada görünen ilanlar; tam envanter değildir; fiyatlar kaynağa göre en düşük müsait günlük fiyata dayanır, vergi ve ücretlerin dahil olup olmadığı kaynakta belirtilmiyor."
dune-allen,Dune Allen,Dune Allen,winter-2027,Kış 2027,2027-01-16,2027-01-23,7,searched,112,"{""Beach Homes & Cottages"": 70, ""Condominiums, Townhomes & Villas"": 42}",0,110,3.0,0.455,"{""stüdyo"": 0, ""1"": 7, ""2"": 23, ""3"": 30, ""4"": 23, ""5"": 17, ""6+"": 10}",8.0,0,0.0,0,0,0,,,,2026-10-07,abe7764d13cb4c9198e2b873ebc4d7c7,"2026-10-07 tarihinde yapılan aramada görünen ilanlar; tam envanter değildir; fiyatlar kaynağa göre en düşük müsait günlük fiyata dayanır, vergi ve ücretlerin dahil olup olmadığı kaynakta belirtilmiyor."
dune-allen,Dune Allen,Dune Allen,spring-break-2027,Bahar tatili 2027,2027-03-13,2027-03-20,7,searched,114,"{""Beach Homes & Cottages"": 71, ""Condominiums, Townhomes & Villas"": 43}",0,112,3.0,0.455,"{""stüdyo"": 0, ""1"": 7, ""2"": 24, ""3"": 30, ""4"": 24, ""5"": 17, ""6+"": 10}",8.0,0,0.0,0,0,0,,,,2026-10-07,abe7764d13cb4c9198e2b873ebc4d7c7,"2026-10-07 tarihinde yapılan aramada görünen ilanlar; tam envanter değildir; fiyatlar kaynağa göre en düşük müsait günlük fiyata dayanır, vergi ve ücretlerin dahil olup olmadığı kaynakta belirtilmiyor."
dune-allen,Dune Allen,Dune Allen,summer-2027,Yaz 2027,2027-07-10,2027-07-17,7,searched,114,"{""Beach Homes & Cottages"": 71, ""Condominiums, Townhomes & Villas"": 43}",0,112,3.0,0.455,"{""stüdyo"": 0, ""1"": 7, ""2"": 24, ""3"": 30, ""4"": 24, ""5"": 17, ""6+"": 10}",8.0,0,0.0,0,0,0,,,,2026-10-07,abe7764d13cb4c9198e2b873ebc4d7c7,"2026-10-07 tarihinde yapılan aramada görünen ilanlar; tam envanter değildir; fiyatlar kaynağa göre en düşük müsait günlük fiyata dayanır, vergi ve ücretlerin dahil olup olmadığı kaynakta belirtilmiyor."
gulf-place,Gulf Place,Gulf Place,fall-2026,Sonbahar 2026,2026-10-17,2026-10-24,7,searched,27,"{""Condominiums, Townhomes & Villas"": 19, ""Beach Homes & Cottages"": 8}",0,24,3.0,0.167,"{""stüdyo"": 0, ""1"": 4, ""2"": 7, ""3"": 9, ""4"": 3, ""5"": 1, ""6+"": 0}",8.0,0,0.0,0,0,0,,,,2026-10-07,abe7764d13cb4c9198e2b873ebc4d7c7,"2026-10-07 tarihinde yapılan aramada görünen ilanlar; tam envanter değildir; fiyatlar kaynağa göre en düşük müsait günlük fiyata dayanır, vergi ve ücretlerin dahil olup olmadığı kaynakta belirtilmiyor."
gulf-place,Gulf Place,Gulf Place,winter-2027,Kış 2027,2027-01-16,2027-01-23,7,searched,28,"{""Condominiums, Townhomes & Villas"": 19, ""Beach Homes & Cottages"": 8, ""Rental Agencies"": 1}",0,25,3.0,0.16,"{""stüdyo"": 0, ""1"": 4, ""2"": 8, ""3"": 9, ""4"": 3, ""5"": 1, ""6+"": 0}",8.0,0,0.0,0,0,0,,,,2026-10-07,abe7764d13cb4c9198e2b873ebc4d7c7,"2026-10-07 tarihinde yapılan aramada görünen ilanlar; tam envanter değildir; fiyatlar kaynağa göre en düşük müsait günlük fiyata dayanır, vergi ve ücretlerin dahil olup olmadığı kaynakta belirtilmiyor."
gulf-place,Gulf Place,Gulf Place,spring-break-2027,Bahar tatili 2027,2027-03-13,2027-03-20,7,searched,31,"{""Condominiums, Townhomes & Villas"": 22, ""Beach Homes & Cottages"": 8, ""Rental Agencies"": 1}",0,28,2.0,0.143,"{""stüdyo"": 0, ""1"": 7, ""2"": 8, ""3"": 9, ""4"": 3, ""5"": 1, ""6+"": 0}",7.0,0,0.0,0,0,0,,,,2026-10-07,abe7764d13cb4c9198e2b873ebc4d7c7,"2026-10-07 tarihinde yapılan aramada görünen ilanlar; tam envanter değildir; fiyatlar kaynağa göre en düşük müsait günlük fiyata dayanır, vergi ve ücretlerin dahil olup olmadığı kaynakta belirtilmiyor."
gulf-place,Gulf Place,Gulf Place,summer-2027,Yaz 2027,2027-07-10,2027-07-17,7,searched,31,"{""Condominiums, Townhomes & Villas"": 22, ""Beach Homes & Cottages"": 8, ""Rental Agencies"": 1}",0,28,2.0,0.143,"{""stüdyo"": 0, ""1"": 7, ""2"": 8, ""3"": 9, ""4"": 3, ""5"": 1, ""6+"": 0}",7.0,0,0.0,0,0,0,,,,2026-10-07,abe7764d13cb4c9198e2b873ebc4d7c7,"2026-10-07 tarihinde yapılan aramada görünen ilanlar; tam envanter değildir; fiyatlar kaynağa göre en düşük müsait günlük fiyata dayanır, vergi ve ücretlerin dahil olup olmadığı kaynakta belirtilmiyor."
santa-rosa-beach,Santa Rosa Beach,Santa Rosa Beach,fall-2026,Sonbahar 2026,2026-10-17,2026-10-24,7,searched,221,"{""Beach Homes & Cottages"": 111, ""Condominiums, Townhomes & Villas"": 63, ""Rental Agencies"": 47, ""bilinmeyen kategori 5"": 4, ""bilinmeyen kategori 852"": 3, ""Campgrounds & RV Parks"": 3, ""Hotels"": 1}",0,154,3.0,0.448,"{""stüdyo"": 0, ""1"": 9, ""2"": 19, ""3"": 57, ""4"": 40, ""5"": 17, ""6+"": 12}",10.0,0,0.0,0,0,0,,,,2026-10-07,abe7764d13cb4c9198e2b873ebc4d7c7,"2026-10-07 tarihinde yapılan aramada görünen ilanlar; tam envanter değildir; fiyatlar kaynağa göre en düşük müsait günlük fiyata dayanır, vergi ve ücretlerin dahil olup olmadığı kaynakta belirtilmiyor."
santa-rosa-beach,Santa Rosa Beach,Santa Rosa Beach,winter-2027,Kış 2027,2027-01-16,2027-01-23,7,searched,240,"{""Beach Homes & Cottages"": 124, ""Condominiums, Townhomes & Villas"": 68, ""Rental Agencies"": 48, ""bilinmeyen kategori 5"": 4, ""bilinmeyen kategori 852"": 3, ""Campgrounds & RV Parks"": 3, ""Hotels"": 1}",0,169,3.0,0.444,"{""stüdyo"": 0, ""1"": 12, ""2"": 22, ""3"": 60, ""4"": 43, ""5"": 18, ""6+"": 14}",8.0,0,0.0,0,0,0,,,,2026-10-07,abe7764d13cb4c9198e2b873ebc4d7c7,"2026-10-07 tarihinde yapılan aramada görünen ilanlar; tam envanter değildir; fiyatlar kaynağa göre en düşük müsait günlük fiyata dayanır, vergi ve ücretlerin dahil olup olmadığı kaynakta belirtilmiyor."
santa-rosa-beach,Santa Rosa Beach,Santa Rosa Beach,spring-break-2027,Bahar tatili 2027,2027-03-13,2027-03-20,7,searched,246,"{""Beach Homes & Cottages"": 130, ""Condominiums, Townhomes & Villas"": 68, ""Rental Agencies"": 48, ""bilinmeyen kategori 5"": 5, ""bilinmeyen kategori 852"": 3, ""Campgrounds & RV Parks"": 3, ""Hotels"": 1}",0,174,3.0,0.454,"{""stüdyo"": 0, ""1"": 12, ""2"": 22, ""3"": 61, ""4"": 46, ""5"": 19, ""6+"": 14}",10.0,0,0.0,0,0,0,,,,2026-10-07,abe7764d13cb4c9198e2b873ebc4d7c7,"2026-10-07 tarihinde yapılan aramada görünen ilanlar; tam envanter değildir; fiyatlar kaynağa göre en düşük müsait günlük fiyata dayanır, vergi ve ücretlerin dahil olup olmadığı kaynakta belirtilmiyor."
santa-rosa-beach,Santa Rosa Beach,Santa Rosa Beach,summer-2027,Yaz 2027,2027-07-10,2027-07-17,7,searched,246,"{""Beach Homes & Cottages"": 130, ""Condominiums, Townhomes & Villas"": 68, ""Rental Agencies"": 48, ""bilinmeyen kategori 5"": 5, ""bilinmeyen kategori 852"": 3, ""Campgrounds & RV Parks"": 3, ""Hotels"": 1}",0,174,3.0,0.454,"{""stüdyo"": 0, ""1"": 12, ""2"": 22, ""3"": 61, ""4"": 46, ""5"": 19, ""6+"": 14}",10.0,0,0.0,0,0,0,,,,2026-10-07,abe7764d13cb4c9198e2b873ebc4d7c7,"2026-10-07 tarihinde yapılan aramada görünen ilanlar; tam envanter değildir; fiyatlar kaynağa göre en düşük müsait günlük fiyata dayanır, vergi ve ücretlerin dahil olup olmadığı kaynakta belirtilmiyor."
blue-mountain-beach,Blue Mountain Beach,Blue Mountain Beach,fall-2026,Sonbahar 2026,2026-10-17,2026-10-24,7,searched,170,"{""Condominiums, Townhomes & Villas"": 88, ""Beach Homes & Cottages"": 80, ""Rental Agencies"": 1}",1,166,3.0,0.482,"{""stüdyo"": 0, ""1"": 7, ""2"": 27, ""3"": 52, ""4"": 60, ""5"": 16, ""6+"": 4}",10.0,0,0.0,0,0,0,,,,2026-10-07,abe7764d13cb4c9198e2b873ebc4d7c7,"2026-10-07 tarihinde yapılan aramada görünen ilanlar; tam envanter değildir; fiyatlar kaynağa göre en düşük müsait günlük fiyata dayanır, vergi ve ücretlerin dahil olup olmadığı kaynakta belirtilmiyor."
blue-mountain-beach,Blue Mountain Beach,Blue Mountain Beach,winter-2027,Kış 2027,2027-01-16,2027-01-23,7,searched,182,"{""Condominiums, Townhomes & Villas"": 98, ""Beach Homes & Cottages"": 82, ""Rental Agencies"": 1}",1,178,3.0,0.489,"{""stüdyo"": 0, ""1"": 7, ""2"": 29, ""3"": 55, ""4"": 67, ""5"": 16, ""6+"": 4}",10.0,0,0.0,0,0,0,,,,2026-10-07,abe7764d13cb4c9198e2b873ebc4d7c7,"2026-10-07 tarihinde yapılan aramada görünen ilanlar; tam envanter değildir; fiyatlar kaynağa göre en düşük müsait günlük fiyata dayanır, vergi ve ücretlerin dahil olup olmadığı kaynakta belirtilmiyor."
blue-mountain-beach,Blue Mountain Beach,Blue Mountain Beach,spring-break-2027,Bahar tatili 2027,2027-03-13,2027-03-20,7,searched,194,"{""Condominiums, Townhomes & Villas"": 102, ""Beach Homes & Cottages"": 90, ""Rental Agencies"": 1}",1,190,3.0,0.495,"{""stüdyo"": 0, ""1"": 7, ""2"": 30, ""3"": 59, ""4"": 74, ""5"": 16, ""6+"": 4}",10.0,0,0.0,0,0,0,,,,2026-10-07,abe7764d13cb4c9198e2b873ebc4d7c7,"2026-10-07 tarihinde yapılan aramada görünen ilanlar; tam envanter değildir; fiyatlar kaynağa göre en düşük müsait günlük fiyata dayanır, vergi ve ücretlerin dahil olup olmadığı kaynakta belirtilmiyor."
blue-mountain-beach,Blue Mountain Beach,Blue Mountain Beach,summer-2027,Yaz 2027,2027-07-10,2027-07-17,7,searched,194,"{""Condominiums, Townhomes & Villas"": 102, ""Beach Homes & Cottages"": 90, ""Rental Agencies"": 1}",1,190,3.0,0.495,"{""stüdyo"": 0, ""1"": 7, ""2"": 30, ""3"": 59, ""4"": 74, ""5"": 16, ""6+"": 4}",10.0,0,0.0,0,0,0,,,,2026-10-07,abe7764d13cb4c9198e2b873ebc4d7c7,"2026-10-07 tarihinde yapılan aramada görünen ilanlar; tam envanter değildir; fiyatlar kaynağa göre en düşük müsait günlük fiyata dayanır, vergi ve ücretlerin dahil olup olmadığı kaynakta belirtilmiyor."
grayton-beach,Grayton Beach,Grayton Beach,fall-2026,Sonbahar 2026,2026-10-17,2026-10-24,7,searched,85,"{""Beach Homes & Cottages"": 80, ""Condominiums, Townhomes & Villas"": 4, ""Bed & Breakfast Inns"": 1}",0,84,4.0,0.619,"{""stüdyo"": 0, ""1"": 2, ""2"": 10, ""3"": 20, ""4"": 25, ""5"": 17, ""6+"": 10}",10.0,0,0.0,0,0,0,,,,2026-10-07,abe7764d13cb4c9198e2b873ebc4d7c7,"2026-10-07 tarihinde yapılan aramada görünen ilanlar; tam envanter değildir; fiyatlar kaynağa göre en düşük müsait günlük fiyata dayanır, vergi ve ücretlerin dahil olup olmadığı kaynakta belirtilmiyor."
grayton-beach,Grayton Beach,Grayton Beach,winter-2027,Kış 2027,2027-01-16,2027-01-23,7,searched,86,"{""Beach Homes & Cottages"": 81, ""Condominiums, Townhomes & Villas"": 4, ""Bed & Breakfast Inns"": 1}",0,85,4.0,0.612,"{""stüdyo"": 0, ""1"": 2, ""2"": 10, ""3"": 21, ""4"": 25, ""5"": 17, ""6+"": 10}",10.0,0,0.0,0,0,0,,,,2026-10-07,abe7764d13cb4c9198e2b873ebc4d7c7,"2026-10-07 tarihinde yapılan aramada görünen ilanlar; tam envanter değildir; fiyatlar kaynağa göre en düşük müsait günlük fiyata dayanır, vergi ve ücretlerin dahil olup olmadığı kaynakta belirtilmiyor."
grayton-beach,Grayton Beach,Grayton Beach,spring-break-2027,Bahar tatili 2027,2027-03-13,2027-03-20,7,searched,86,"{""Beach Homes & Cottages"": 81, ""Condominiums, Townhomes & Villas"": 4, ""Bed & Breakfast Inns"": 1}",0,85,4.0,0.612,"{""stüdyo"": 0, ""1"": 2, ""2"": 10, ""3"": 21, ""4"": 25, ""5"": 17, ""6+"": 10}",10.0,0,0.0,0,0,0,,,,2026-10-07,abe7764d13cb4c9198e2b873ebc4d7c7,"2026-10-07 tarihinde yapılan aramada görünen ilanlar; tam envanter değildir; fiyatlar kaynağa göre en düşük müsait günlük fiyata dayanır, vergi ve ücretlerin dahil olup olmadığı kaynakta belirtilmiyor."
grayton-beach,Grayton Beach,Grayton Beach,summer-2027,Yaz 2027,2027-07-10,2027-07-17,7,searched,86,"{""Beach Homes & Cottages"": 81, ""Condominiums, Townhomes & Villas"": 4, ""Bed & Breakfast Inns"": 1}",0,85,4.0,0.612,"{""stüdyo"": 0, ""1"": 2, ""2"": 10, ""3"": 21, ""4"": 25, ""5"": 17, ""6+"": 10}",10.0,0,0.0,0,0,0,,,,2026-10-07,abe7764d13cb4c9198e2b873ebc4d7c7,"2026-10-07 tarihinde yapılan aramada görünen ilanlar; tam envanter değildir; fiyatlar kaynağa göre en düşük müsait günlük fiyata dayanır, vergi ve ücretlerin dahil olup olmadığı kaynakta belirtilmiyor."
watercolor,WaterColor,Watercolor,fall-2026,Sonbahar 2026,2026-10-17,2026-10-24,7,searched,241,"{""Beach Homes & Cottages"": 200, ""Condominiums, Townhomes & Villas"": 40, ""Hotels"": 1}",0,240,4.0,0.688,"{""stüdyo"": 0, ""1"": 11, ""2"": 25, ""3"": 39, ""4"": 86, ""5"": 50, ""6+"": 29}",10.0,1,0.004,0,1,0,850.28,850.28,850.28,2026-10-07,abe7764d13cb4c9198e2b873ebc4d7c7,"2026-10-07 tarihinde yapılan aramada görünen ilanlar; tam envanter değildir; fiyatlar kaynağa göre en düşük müsait günlük fiyata dayanır, vergi ve ücretlerin dahil olup olmadığı kaynakta belirtilmiyor."
watercolor,WaterColor,Watercolor,winter-2027,Kış 2027,2027-01-16,2027-01-23,7,searched,247,"{""Beach Homes & Cottages"": 204, ""Condominiums, Townhomes & Villas"": 42, ""Hotels"": 1}",0,245,4.0,0.686,"{""stüdyo"": 0, ""1"": 11, ""2"": 27, ""3"": 39, ""4"": 86, ""5"": 53, ""6+"": 29}",10.0,1,0.004,1,0,0,404.67,404.67,404.67,2026-10-07,abe7764d13cb4c9198e2b873ebc4d7c7,"2026-10-07 tarihinde yapılan aramada görünen ilanlar; tam envanter değildir; fiyatlar kaynağa göre en düşük müsait günlük fiyata dayanır, vergi ve ücretlerin dahil olup olmadığı kaynakta belirtilmiyor."
watercolor,WaterColor,Watercolor,spring-break-2027,Bahar tatili 2027,2027-03-13,2027-03-20,7,searched,258,"{""Beach Homes & Cottages"": 213, ""Condominiums, Townhomes & Villas"": 44, ""Hotels"": 1}",0,257,4.0,0.685,"{""stüdyo"": 0, ""1"": 11, ""2"": 29, ""3"": 41, ""4"": 90, ""5"": 57, ""6+"": 29}",10.0,0,0.0,0,0,0,,,,2026-10-07,abe7764d13cb4c9198e2b873ebc4d7c7,"2026-10-07 tarihinde yapılan aramada görünen ilanlar; tam envanter değildir; fiyatlar kaynağa göre en düşük müsait günlük fiyata dayanır, vergi ve ücretlerin dahil olup olmadığı kaynakta belirtilmiyor."
watercolor,WaterColor,Watercolor,summer-2027,Yaz 2027,2027-07-10,2027-07-17,7,searched,259,"{""Beach Homes & Cottages"": 214, ""Condominiums, Townhomes & Villas"": 44, ""Hotels"": 1}",0,257,4.0,0.685,"{""stüdyo"": 0, ""1"": 11, ""2"": 29, ""3"": 41, ""4"": 90, ""5"": 57, ""6+"": 29}",10.0,0,0.0,0,0,0,,,,2026-10-07,abe7764d13cb4c9198e2b873ebc4d7c7,"2026-10-07 tarihinde yapılan aramada görünen ilanlar; tam envanter değildir; fiyatlar kaynağa göre en düşük müsait günlük fiyata dayanır, vergi ve ücretlerin dahil olup olmadığı kaynakta belirtilmiyor."
seaside,Seaside,Seaside,fall-2026,Sonbahar 2026,2026-10-17,2026-10-24,7,searched,111,"{""Beach Homes & Cottages"": 103, ""Condominiums, Townhomes & Villas"": 7, ""Rental Agencies"": 1}",0,108,3.0,0.241,"{""stüdyo"": 0, ""1"": 32, ""2"": 19, ""3"": 31, ""4"": 21, ""5"": 2, ""6+"": 3}",6.0,0,0.0,0,0,0,,,,2026-10-07,abe7764d13cb4c9198e2b873ebc4d7c7,"2026-10-07 tarihinde yapılan aramada görünen ilanlar; tam envanter değildir; fiyatlar kaynağa göre en düşük müsait günlük fiyata dayanır, vergi ve ücretlerin dahil olup olmadığı kaynakta belirtilmiyor."
seaside,Seaside,Seaside,winter-2027,Kış 2027,2027-01-16,2027-01-23,7,searched,170,"{""Beach Homes & Cottages"": 159, ""Condominiums, Townhomes & Villas"": 10, ""Rental Agencies"": 1}",0,167,3.0,0.228,"{""stüdyo"": 0, ""1"": 46, ""2"": 35, ""3"": 48, ""4"": 28, ""5"": 5, ""6+"": 5}",6.0,6,0.035,6,0,0,371.81,458.36,680.49,2026-10-07,abe7764d13cb4c9198e2b873ebc4d7c7,"2026-10-07 tarihinde yapılan aramada görünen ilanlar; tam envanter değildir; fiyatlar kaynağa göre en düşük müsait günlük fiyata dayanır, vergi ve ücretlerin dahil olup olmadığı kaynakta belirtilmiyor."
seaside,Seaside,Seaside,spring-break-2027,Bahar tatili 2027,2027-03-13,2027-03-20,7,searched,214,"{""Beach Homes & Cottages"": 196, ""Condominiums, Townhomes & Villas"": 16, ""Rental Agencies"": 1}",1,211,3.0,0.218,"{""stüdyo"": 0, ""1"": 59, ""2"": 43, ""3"": 63, ""4"": 31, ""5"": 8, ""6+"": 7}",6.0,0,0.0,0,0,0,,,,2026-10-07,abe7764d13cb4c9198e2b873ebc4d7c7,"2026-10-07 tarihinde yapılan aramada görünen ilanlar; tam envanter değildir; fiyatlar kaynağa göre en düşük müsait günlük fiyata dayanır, vergi ve ücretlerin dahil olup olmadığı kaynakta belirtilmiyor."
seaside,Seaside,Seaside,summer-2027,Yaz 2027,2027-07-10,2027-07-17,7,searched,221,"{""Beach Homes & Cottages"": 202, ""Condominiums, Townhomes & Villas"": 17, ""Rental Agencies"": 1}",1,218,3.0,0.22,"{""stüdyo"": 0, ""1"": 60, ""2"": 46, ""3"": 64, ""4"": 32, ""5"": 8, ""6+"": 8}",6.0,0,0.0,0,0,0,,,,2026-10-07,abe7764d13cb4c9198e2b873ebc4d7c7,"2026-10-07 tarihinde yapılan aramada görünen ilanlar; tam envanter değildir; fiyatlar kaynağa göre en düşük müsait günlük fiyata dayanır, vergi ve ücretlerin dahil olup olmadığı kaynakta belirtilmiyor."
seagrove,Seagrove,Seagrove; Seagrove Beach,fall-2026,Sonbahar 2026,2026-10-17,2026-10-24,7,searched,473,"{""Beach Homes & Cottages"": 248, ""Condominiums, Townhomes & Villas"": 224, ""bilinmeyen kategori 5"": 5, ""Rental Agencies"": 4, ""bilinmeyen kategori 852"": 2, ""Hotels"": 1}",0,448,3.0,0.391,"{""stüdyo"": 0, ""1"": 70, ""2"": 102, ""3"": 101, ""4"": 91, ""5"": 51, ""6+"": 33}",8.0,1,0.002,1,0,0,228.52,228.52,228.52,2026-10-07,abe7764d13cb4c9198e2b873ebc4d7c7,"2026-10-07 tarihinde yapılan aramada görünen ilanlar; tam envanter değildir; fiyatlar kaynağa göre en düşük müsait günlük fiyata dayanır, vergi ve ücretlerin dahil olup olmadığı kaynakta belirtilmiyor."
seagrove,Seagrove,Seagrove; Seagrove Beach,winter-2027,Kış 2027,2027-01-16,2027-01-23,7,searched,489,"{""Beach Homes & Cottages"": 256, ""Condominiums, Townhomes & Villas"": 232, ""bilinmeyen kategori 5"": 5, ""Rental Agencies"": 4, ""bilinmeyen kategori 852"": 3, ""Hotels"": 1}",0,463,3.0,0.387,"{""stüdyo"": 0, ""1"": 71, ""2"": 104, ""3"": 109, ""4"": 94, ""5"": 51, ""6+"": 34}",8.0,0,0.0,0,0,0,,,,2026-10-07,abe7764d13cb4c9198e2b873ebc4d7c7,"2026-10-07 tarihinde yapılan aramada görünen ilanlar; tam envanter değildir; fiyatlar kaynağa göre en düşük müsait günlük fiyata dayanır, vergi ve ücretlerin dahil olup olmadığı kaynakta belirtilmiyor."
seagrove,Seagrove,Seagrove; Seagrove Beach,spring-break-2027,Bahar tatili 2027,2027-03-13,2027-03-20,7,searched,498,"{""Beach Homes & Cottages"": 263, ""Condominiums, Townhomes & Villas"": 234, ""bilinmeyen kategori 5"": 5, ""Rental Agencies"": 4, ""bilinmeyen kategori 852"": 3, ""Hotels"": 1}",0,472,3.0,0.392,"{""stüdyo"": 0, ""1"": 72, ""2"": 104, ""3"": 111, ""4"": 99, ""5"": 52, ""6+"": 34}",8.0,0,0.0,0,0,0,,,,2026-10-07,abe7764d13cb4c9198e2b873ebc4d7c7,"2026-10-07 tarihinde yapılan aramada görünen ilanlar; tam envanter değildir; fiyatlar kaynağa göre en düşük müsait günlük fiyata dayanır, vergi ve ücretlerin dahil olup olmadığı kaynakta belirtilmiyor."
seagrove,Seagrove,Seagrove; Seagrove Beach,summer-2027,Yaz 2027,2027-07-10,2027-07-17,7,searched,498,"{""Beach Homes & Cottages"": 263, ""Condominiums, Townhomes & Villas"": 234, ""bilinmeyen kategori 5"": 5, ""Rental Agencies"": 4, ""bilinmeyen kategori 852"": 3, ""Hotels"": 1}",0,472,3.0,0.392,"{""stüdyo"": 0, ""1"": 72, ""2"": 104, ""3"": 111, ""4"": 99, ""5"": 52, ""6+"": 34}",8.0,0,0.0,0,0,0,,,,2026-10-07,abe7764d13cb4c9198e2b873ebc4d7c7,"2026-10-07 tarihinde yapılan aramada görünen ilanlar; tam envanter değildir; fiyatlar kaynağa göre en düşük müsait günlük fiyata dayanır, vergi ve ücretlerin dahil olup olmadığı kaynakta belirtilmiyor."
watersound,WaterSound,Watersound,fall-2026,Sonbahar 2026,2026-10-17,2026-10-24,7,searched,162,"{""Beach Homes & Cottages"": 91, ""Condominiums, Townhomes & Villas"": 67, ""Resorts"": 1, ""Hotels"": 1}",2,159,3.0,0.321,"{""stüdyo"": 0, ""1"": 1, ""2"": 33, ""3"": 74, ""4"": 32, ""5"": 11, ""6+"": 8}",9.0,2,0.012,2,0,0,449.64,457.32,465.0,2026-10-07,abe7764d13cb4c9198e2b873ebc4d7c7,"2026-10-07 tarihinde yapılan aramada görünen ilanlar; tam envanter değildir; fiyatlar kaynağa göre en düşük müsait günlük fiyata dayanır, vergi ve ücretlerin dahil olup olmadığı kaynakta belirtilmiyor."
watersound,WaterSound,Watersound,winter-2027,Kış 2027,2027-01-16,2027-01-23,7,searched,163,"{""Beach Homes & Cottages"": 91, ""Condominiums, Townhomes & Villas"": 68, ""Resorts"": 1, ""Hotels"": 1}",2,160,3.0,0.319,"{""stüdyo"": 0, ""1"": 1, ""2"": 34, ""3"": 74, ""4"": 32, ""5"": 11, ""6+"": 8}",9.0,0,0.0,0,0,0,,,,2026-10-07,abe7764d13cb4c9198e2b873ebc4d7c7,"2026-10-07 tarihinde yapılan aramada görünen ilanlar; tam envanter değildir; fiyatlar kaynağa göre en düşük müsait günlük fiyata dayanır, vergi ve ücretlerin dahil olup olmadığı kaynakta belirtilmiyor."
watersound,WaterSound,Watersound,spring-break-2027,Bahar tatili 2027,2027-03-13,2027-03-20,7,searched,165,"{""Beach Homes & Cottages"": 92, ""Condominiums, Townhomes & Villas"": 69, ""Resorts"": 1, ""Hotels"": 1}",2,162,3.0,0.321,"{""stüdyo"": 0, ""1"": 1, ""2"": 34, ""3"": 75, ""4"": 32, ""5"": 12, ""6+"": 8}",9.0,0,0.0,0,0,0,,,,2026-10-07,abe7764d13cb4c9198e2b873ebc4d7c7,"2026-10-07 tarihinde yapılan aramada görünen ilanlar; tam envanter değildir; fiyatlar kaynağa göre en düşük müsait günlük fiyata dayanır, vergi ve ücretlerin dahil olup olmadığı kaynakta belirtilmiyor."
watersound,WaterSound,Watersound,summer-2027,Yaz 2027,2027-07-10,2027-07-17,7,searched,165,"{""Beach Homes & Cottages"": 92, ""Condominiums, Townhomes & Villas"": 69, ""Resorts"": 1, ""Hotels"": 1}",2,162,3.0,0.321,"{""stüdyo"": 0, ""1"": 1, ""2"": 34, ""3"": 75, ""4"": 32, ""5"": 12, ""6+"": 8}",9.0,0,0.0,0,0,0,,,,2026-10-07,abe7764d13cb4c9198e2b873ebc4d7c7,"2026-10-07 tarihinde yapılan aramada görünen ilanlar; tam envanter değildir; fiyatlar kaynağa göre en düşük müsait günlük fiyata dayanır, vergi ve ücretlerin dahil olup olmadığı kaynakta belirtilmiyor."
seacrest,Seacrest,Seacrest,fall-2026,Sonbahar 2026,2026-10-17,2026-10-24,7,searched,287,"{""Beach Homes & Cottages"": 187, ""Condominiums, Townhomes & Villas"": 97, ""Rental Agencies"": 4}",1,268,3.0,0.485,"{""stüdyo"": 0, ""1"": 17, ""2"": 33, ""3"": 88, ""4"": 69, ""5"": 45, ""6+"": 16}",10.0,1,0.003,1,0,0,542.0,542.0,542.0,2026-10-07,abe7764d13cb4c9198e2b873ebc4d7c7,"2026-10-07 tarihinde yapılan aramada görünen ilanlar; tam envanter değildir; fiyatlar kaynağa göre en düşük müsait günlük fiyata dayanır, vergi ve ücretlerin dahil olup olmadığı kaynakta belirtilmiyor."
seacrest,Seacrest,Seacrest,winter-2027,Kış 2027,2027-01-16,2027-01-23,7,searched,294,"{""Beach Homes & Cottages"": 191, ""Condominiums, Townhomes & Villas"": 100, ""Rental Agencies"": 4}",1,275,3.0,0.48,"{""stüdyo"": 0, ""1"": 20, ""2"": 33, ""3"": 90, ""4"": 71, ""5"": 45, ""6+"": 16}",10.0,0,0.0,0,0,0,,,,2026-10-07,abe7764d13cb4c9198e2b873ebc4d7c7,"2026-10-07 tarihinde yapılan aramada görünen ilanlar; tam envanter değildir; fiyatlar kaynağa göre en düşük müsait günlük fiyata dayanır, vergi ve ücretlerin dahil olup olmadığı kaynakta belirtilmiyor."
seacrest,Seacrest,Seacrest,spring-break-2027,Bahar tatili 2027,2027-03-13,2027-03-20,7,searched,301,"{""Beach Homes & Cottages"": 196, ""Condominiums, Townhomes & Villas"": 102, ""Rental Agencies"": 4}",1,282,3.0,0.479,"{""stüdyo"": 0, ""1"": 20, ""2"": 35, ""3"": 92, ""4"": 74, ""5"": 45, ""6+"": 16}",10.0,0,0.0,0,0,0,,,,2026-10-07,abe7764d13cb4c9198e2b873ebc4d7c7,"2026-10-07 tarihinde yapılan aramada görünen ilanlar; tam envanter değildir; fiyatlar kaynağa göre en düşük müsait günlük fiyata dayanır, vergi ve ücretlerin dahil olup olmadığı kaynakta belirtilmiyor."
seacrest,Seacrest,Seacrest,summer-2027,Yaz 2027,2027-07-10,2027-07-17,7,searched,301,"{""Beach Homes & Cottages"": 196, ""Condominiums, Townhomes & Villas"": 102, ""Rental Agencies"": 4}",1,282,3.0,0.479,"{""stüdyo"": 0, ""1"": 20, ""2"": 35, ""3"": 92, ""4"": 74, ""5"": 45, ""6+"": 16}",10.0,0,0.0,0,0,0,,,,2026-10-07,abe7764d13cb4c9198e2b873ebc4d7c7,"2026-10-07 tarihinde yapılan aramada görünen ilanlar; tam envanter değildir; fiyatlar kaynağa göre en düşük müsait günlük fiyata dayanır, vergi ve ücretlerin dahil olup olmadığı kaynakta belirtilmiyor."
alys-beach,Alys Beach,Alys Beach,fall-2026,Sonbahar 2026,2026-10-17,2026-10-24,7,searched,2,"{""Beach Homes & Cottages"": 2}",0,2,3.5,0.5,"{""stüdyo"": 0, ""1"": 0, ""2"": 1, ""3"": 0, ""4"": 0, ""5"": 1, ""6+"": 0}",8.5,0,0.0,0,0,0,,,,2026-10-07,abe7764d13cb4c9198e2b873ebc4d7c7,"2026-10-07 tarihinde yapılan aramada görünen ilanlar; tam envanter değildir; fiyatlar kaynağa göre en düşük müsait günlük fiyata dayanır, vergi ve ücretlerin dahil olup olmadığı kaynakta belirtilmiyor."
alys-beach,Alys Beach,Alys Beach,winter-2027,Kış 2027,2027-01-16,2027-01-23,7,searched,7,"{""Beach Homes & Cottages"": 6, ""bilinmeyen kategori 5"": 1, ""Rental Agencies"": 1}",0,6,3.5,0.5,"{""stüdyo"": 0, ""1"": 1, ""2"": 1, ""3"": 1, ""4"": 1, ""5"": 2, ""6+"": 0}",7.5,0,0.0,0,0,0,,,,2026-10-07,abe7764d13cb4c9198e2b873ebc4d7c7,"2026-10-07 tarihinde yapılan aramada görünen ilanlar; tam envanter değildir; fiyatlar kaynağa göre en düşük müsait günlük fiyata dayanır, vergi ve ücretlerin dahil olup olmadığı kaynakta belirtilmiyor."
alys-beach,Alys Beach,Alys Beach,spring-break-2027,Bahar tatili 2027,2027-03-13,2027-03-20,7,searched,7,"{""Beach Homes & Cottages"": 6, ""bilinmeyen kategori 5"": 1, ""Rental Agencies"": 1}",0,6,3.5,0.5,"{""stüdyo"": 0, ""1"": 1, ""2"": 1, ""3"": 1, ""4"": 1, ""5"": 2, ""6+"": 0}",7.5,0,0.0,0,0,0,,,,2026-10-07,abe7764d13cb4c9198e2b873ebc4d7c7,"2026-10-07 tarihinde yapılan aramada görünen ilanlar; tam envanter değildir; fiyatlar kaynağa göre en düşük müsait günlük fiyata dayanır, vergi ve ücretlerin dahil olup olmadığı kaynakta belirtilmiyor."
alys-beach,Alys Beach,Alys Beach,summer-2027,Yaz 2027,2027-07-10,2027-07-17,7,searched,7,"{""Beach Homes & Cottages"": 6, ""bilinmeyen kategori 5"": 1, ""Rental Agencies"": 1}",0,6,3.5,0.5,"{""stüdyo"": 0, ""1"": 1, ""2"": 1, ""3"": 1, ""4"": 1, ""5"": 2, ""6+"": 0}",7.5,0,0.0,0,0,0,,,,2026-10-07,abe7764d13cb4c9198e2b873ebc4d7c7,"2026-10-07 tarihinde yapılan aramada görünen ilanlar; tam envanter değildir; fiyatlar kaynağa göre en düşük müsait günlük fiyata dayanır, vergi ve ücretlerin dahil olup olmadığı kaynakta belirtilmiyor."
rosemary-beach,Rosemary Beach,Rosemary Beach,fall-2026,Sonbahar 2026,2026-10-17,2026-10-24,7,searched,160,"{""Beach Homes & Cottages"": 116, ""Condominiums, Townhomes & Villas"": 40, ""Rental Agencies"": 2, ""Hotels"": 1, ""bilinmeyen kategori 9"": 1, ""Bed & Breakfast Inns"": 1}",0,152,3.0,0.309,"{""stüdyo"": 0, ""1"": 27, ""2"": 36, ""3"": 42, ""4"": 25, ""5"": 15, ""6+"": 7}",8.0,0,0.0,0,0,0,,,,2026-10-07,abe7764d13cb4c9198e2b873ebc4d7c7,"2026-10-07 tarihinde yapılan aramada görünen ilanlar; tam envanter değildir; fiyatlar kaynağa göre en düşük müsait günlük fiyata dayanır, vergi ve ücretlerin dahil olup olmadığı kaynakta belirtilmiyor."
rosemary-beach,Rosemary Beach,Rosemary Beach,winter-2027,Kış 2027,2027-01-16,2027-01-23,7,searched,164,"{""Beach Homes & Cottages"": 116, ""Condominiums, Townhomes & Villas"": 43, ""Rental Agencies"": 2, ""Hotels"": 2, ""bilinmeyen kategori 9"": 1, ""Bed & Breakfast Inns"": 1}",0,152,3.0,0.309,"{""stüdyo"": 0, ""1"": 27, ""2"": 36, ""3"": 42, ""4"": 25, ""5"": 15, ""6+"": 7}",8.0,0,0.0,0,0,0,,,,2026-10-07,abe7764d13cb4c9198e2b873ebc4d7c7,"2026-10-07 tarihinde yapılan aramada görünen ilanlar; tam envanter değildir; fiyatlar kaynağa göre en düşük müsait günlük fiyata dayanır, vergi ve ücretlerin dahil olup olmadığı kaynakta belirtilmiyor."
rosemary-beach,Rosemary Beach,Rosemary Beach,spring-break-2027,Bahar tatili 2027,2027-03-13,2027-03-20,7,searched,166,"{""Beach Homes & Cottages"": 117, ""Condominiums, Townhomes & Villas"": 44, ""Rental Agencies"": 2, ""Hotels"": 2, ""bilinmeyen kategori 9"": 1, ""Bed & Breakfast Inns"": 1}",0,154,3.0,0.312,"{""stüdyo"": 0, ""1"": 27, ""2"": 36, ""3"": 43, ""4"": 25, ""5"": 16, ""6+"": 7}",8.0,0,0.0,0,0,0,,,,2026-10-07,abe7764d13cb4c9198e2b873ebc4d7c7,"2026-10-07 tarihinde yapılan aramada görünen ilanlar; tam envanter değildir; fiyatlar kaynağa göre en düşük müsait günlük fiyata dayanır, vergi ve ücretlerin dahil olup olmadığı kaynakta belirtilmiyor."
rosemary-beach,Rosemary Beach,Rosemary Beach,summer-2027,Yaz 2027,2027-07-10,2027-07-17,7,searched,166,"{""Beach Homes & Cottages"": 117, ""Condominiums, Townhomes & Villas"": 44, ""Rental Agencies"": 2, ""Hotels"": 2, ""bilinmeyen kategori 9"": 1, ""Bed & Breakfast Inns"": 1}",0,154,3.0,0.312,"{""stüdyo"": 0, ""1"": 27, ""2"": 36, ""3"": 43, ""4"": 25, ""5"": 16, ""6+"": 7}",8.0,0,0.0,0,0,0,,,,2026-10-07,abe7764d13cb4c9198e2b873ebc4d7c7,"2026-10-07 tarihinde yapılan aramada görünen ilanlar; tam envanter değildir; fiyatlar kaynağa göre en düşük müsait günlük fiyata dayanır, vergi ve ücretlerin dahil olup olmadığı kaynakta belirtilmiyor."
inlet-beach,Inlet Beach,Inlet Beach,fall-2026,Sonbahar 2026,2026-10-17,2026-10-24,7,searched,92,"{""Beach Homes & Cottages"": 71, ""Condominiums, Townhomes & Villas"": 18, ""Rental Agencies"": 3}",0,81,4.0,0.593,"{""stüdyo"": 0, ""1"": 5, ""2"": 6, ""3"": 22, ""4"": 26, ""5"": 12, ""6+"": 10}",10.0,0,0.0,0,0,0,,,,2026-10-07,abe7764d13cb4c9198e2b873ebc4d7c7,"2026-10-07 tarihinde yapılan aramada görünen ilanlar; tam envanter değildir; fiyatlar kaynağa göre en düşük müsait günlük fiyata dayanır, vergi ve ücretlerin dahil olup olmadığı kaynakta belirtilmiyor."
inlet-beach,Inlet Beach,Inlet Beach,winter-2027,Kış 2027,2027-01-16,2027-01-23,7,searched,94,"{""Beach Homes & Cottages"": 72, ""Condominiums, Townhomes & Villas"": 19, ""Rental Agencies"": 3, ""Resorts"": 1, ""bilinmeyen kategori 5"": 1}",0,81,4.0,0.593,"{""stüdyo"": 0, ""1"": 5, ""2"": 6, ""3"": 22, ""4"": 25, ""5"": 12, ""6+"": 11}",10.0,0,0.0,0,0,0,,,,2026-10-07,abe7764d13cb4c9198e2b873ebc4d7c7,"2026-10-07 tarihinde yapılan aramada görünen ilanlar; tam envanter değildir; fiyatlar kaynağa göre en düşük müsait günlük fiyata dayanır, vergi ve ücretlerin dahil olup olmadığı kaynakta belirtilmiyor."
inlet-beach,Inlet Beach,Inlet Beach,spring-break-2027,Bahar tatili 2027,2027-03-13,2027-03-20,7,searched,101,"{""Beach Homes & Cottages"": 77, ""Condominiums, Townhomes & Villas"": 21, ""Rental Agencies"": 3, ""Resorts"": 1, ""bilinmeyen kategori 5"": 1}",0,88,4.0,0.591,"{""stüdyo"": 0, ""1"": 5, ""2"": 8, ""3"": 23, ""4"": 27, ""5"": 13, ""6+"": 12}",10.0,0,0.0,0,0,0,,,,2026-10-07,abe7764d13cb4c9198e2b873ebc4d7c7,"2026-10-07 tarihinde yapılan aramada görünen ilanlar; tam envanter değildir; fiyatlar kaynağa göre en düşük müsait günlük fiyata dayanır, vergi ve ücretlerin dahil olup olmadığı kaynakta belirtilmiyor."
inlet-beach,Inlet Beach,Inlet Beach,summer-2027,Yaz 2027,2027-07-10,2027-07-17,7,searched,101,"{""Beach Homes & Cottages"": 77, ""Condominiums, Townhomes & Villas"": 21, ""Rental Agencies"": 3, ""Resorts"": 1, ""bilinmeyen kategori 5"": 1}",0,88,4.0,0.591,"{""stüdyo"": 0, ""1"": 5, ""2"": 8, ""3"": 23, ""4"": 27, ""5"": 13, ""6+"": 12}",10.0,0,0.0,0,0,0,,,,2026-10-07,abe7764d13cb4c9198e2b873ebc4d7c7,"2026-10-07 tarihinde yapılan aramada görünen ilanlar; tam envanter değildir; fiyatlar kaynağa göre en düşük müsait günlük fiyata dayanır, vergi ve ücretlerin dahil olup olmadığı kaynakta belirtilmiyor."
