bolge_id,mahalle,ay,takvimi_fiyatli_ilan,aylik_ortanca_gecelik_usd,arama_gunu,veri_surumu,etiket
dune-allen,Dune Allen,2026-10,3,250.0,2026-10-07,abe7764d13cb4c9198e2b873ebc4d7c7,"Fiyat takviminden: ilanların aylık ortanca gecelik fiyatlarının ortancası (bizim hesabımız); 2026-10-07 tarihinde yapılan aramada görünen ilanlar; tam envanter değildir; fiyatlar kaynağa göre en düşük müsait günlük fiyata dayanır, vergi ve ücretlerin dahil olup olmadığı kaynakta belirtilmiyor."
dune-allen,Dune Allen,2026-11,3,250.0,2026-10-07,abe7764d13cb4c9198e2b873ebc4d7c7,"Fiyat takviminden: ilanların aylık ortanca gecelik fiyatlarının ortancası (bizim hesabımız); 2026-10-07 tarihinde yapılan aramada görünen ilanlar; tam envanter değildir; fiyatlar kaynağa göre en düşük müsait günlük fiyata dayanır, vergi ve ücretlerin dahil olup olmadığı kaynakta belirtilmiyor."
dune-allen,Dune Allen,2026-12,3,250.0,2026-10-07,abe7764d13cb4c9198e2b873ebc4d7c7,"Fiyat takviminden: ilanların aylık ortanca gecelik fiyatlarının ortancası (bizim hesabımız); 2026-10-07 tarihinde yapılan aramada görünen ilanlar; tam envanter değildir; fiyatlar kaynağa göre en düşük müsait günlük fiyata dayanır, vergi ve ücretlerin dahil olup olmadığı kaynakta belirtilmiyor."
dune-allen,Dune Allen,2027-01,3,243.75,2026-10-07,abe7764d13cb4c9198e2b873ebc4d7c7,"Fiyat takviminden: ilanların aylık ortanca gecelik fiyatlarının ortancası (bizim hesabımız); 2026-10-07 tarihinde yapılan aramada görünen ilanlar; tam envanter değildir; fiyatlar kaynağa göre en düşük müsait günlük fiyata dayanır, vergi ve ücretlerin dahil olup olmadığı kaynakta belirtilmiyor."
gulf-place,Gulf Place,2026-10,6,178.88,2026-10-07,abe7764d13cb4c9198e2b873ebc4d7c7,"Fiyat takviminden: ilanların aylık ortanca gecelik fiyatlarının ortancası (bizim hesabımız); 2026-10-07 tarihinde yapılan aramada görünen ilanlar; tam envanter değildir; fiyatlar kaynağa göre en düşük müsait günlük fiyata dayanır, vergi ve ücretlerin dahil olup olmadığı kaynakta belirtilmiyor."
gulf-place,Gulf Place,2026-11,5,168.75,2026-10-07,abe7764d13cb4c9198e2b873ebc4d7c7,"Fiyat takviminden: ilanların aylık ortanca gecelik fiyatlarının ortancası (bizim hesabımız); 2026-10-07 tarihinde yapılan aramada görünen ilanlar; tam envanter değildir; fiyatlar kaynağa göre en düşük müsait günlük fiyata dayanır, vergi ve ücretlerin dahil olup olmadığı kaynakta belirtilmiyor."
gulf-place,Gulf Place,2026-12,4,185.75,2026-10-07,abe7764d13cb4c9198e2b873ebc4d7c7,"Fiyat takviminden: ilanların aylık ortanca gecelik fiyatlarının ortancası (bizim hesabımız); 2026-10-07 tarihinde yapılan aramada görünen ilanlar; tam envanter değildir; fiyatlar kaynağa göre en düşük müsait günlük fiyata dayanır, vergi ve ücretlerin dahil olup olmadığı kaynakta belirtilmiyor."
gulf-place,Gulf Place,2027-01,3,120.0,2026-10-07,abe7764d13cb4c9198e2b873ebc4d7c7,"Fiyat takviminden: ilanların aylık ortanca gecelik fiyatlarının ortancası (bizim hesabımız); 2026-10-07 tarihinde yapılan aramada görünen ilanlar; tam envanter değildir; fiyatlar kaynağa göre en düşük müsait günlük fiyata dayanır, vergi ve ücretlerin dahil olup olmadığı kaynakta belirtilmiyor."
gulf-place,Gulf Place,2027-02,1,200.0,2026-10-07,abe7764d13cb4c9198e2b873ebc4d7c7,"Fiyat takviminden: ilanların aylık ortanca gecelik fiyatlarının ortancası (bizim hesabımız); 2026-10-07 tarihinde yapılan aramada görünen ilanlar; tam envanter değildir; fiyatlar kaynağa göre en düşük müsait günlük fiyata dayanır, vergi ve ücretlerin dahil olup olmadığı kaynakta belirtilmiyor."
gulf-place,Gulf Place,2027-03,2,281.25,2026-10-07,abe7764d13cb4c9198e2b873ebc4d7c7,"Fiyat takviminden: ilanların aylık ortanca gecelik fiyatlarının ortancası (bizim hesabımız); 2026-10-07 tarihinde yapılan aramada görünen ilanlar; tam envanter değildir; fiyatlar kaynağa göre en düşük müsait günlük fiyata dayanır, vergi ve ücretlerin dahil olup olmadığı kaynakta belirtilmiyor."
santa-rosa-beach,Santa Rosa Beach,2026-10,15,316.66,2026-10-07,abe7764d13cb4c9198e2b873ebc4d7c7,"Fiyat takviminden: ilanların aylık ortanca gecelik fiyatlarının ortancası (bizim hesabımız); 2026-10-07 tarihinde yapılan aramada görünen ilanlar; tam envanter değildir; fiyatlar kaynağa göre en düşük müsait günlük fiyata dayanır, vergi ve ücretlerin dahil olup olmadığı kaynakta belirtilmiyor."
santa-rosa-beach,Santa Rosa Beach,2026-11,18,272.0,2026-10-07,abe7764d13cb4c9198e2b873ebc4d7c7,"Fiyat takviminden: ilanların aylık ortanca gecelik fiyatlarının ortancası (bizim hesabımız); 2026-10-07 tarihinde yapılan aramada görünen ilanlar; tam envanter değildir; fiyatlar kaynağa göre en düşük müsait günlük fiyata dayanır, vergi ve ücretlerin dahil olup olmadığı kaynakta belirtilmiyor."
santa-rosa-beach,Santa Rosa Beach,2026-12,19,185.0,2026-10-07,abe7764d13cb4c9198e2b873ebc4d7c7,"Fiyat takviminden: ilanların aylık ortanca gecelik fiyatlarının ortancası (bizim hesabımız); 2026-10-07 tarihinde yapılan aramada görünen ilanlar; tam envanter değildir; fiyatlar kaynağa göre en düşük müsait günlük fiyata dayanır, vergi ve ücretlerin dahil olup olmadığı kaynakta belirtilmiyor."
santa-rosa-beach,Santa Rosa Beach,2027-01,18,167.5,2026-10-07,abe7764d13cb4c9198e2b873ebc4d7c7,"Fiyat takviminden: ilanların aylık ortanca gecelik fiyatlarının ortancası (bizim hesabımız); 2026-10-07 tarihinde yapılan aramada görünen ilanlar; tam envanter değildir; fiyatlar kaynağa göre en düşük müsait günlük fiyata dayanır, vergi ve ücretlerin dahil olup olmadığı kaynakta belirtilmiyor."
santa-rosa-beach,Santa Rosa Beach,2027-03,1,315.0,2026-10-07,abe7764d13cb4c9198e2b873ebc4d7c7,"Fiyat takviminden: ilanların aylık ortanca gecelik fiyatlarının ortancası (bizim hesabımız); 2026-10-07 tarihinde yapılan aramada görünen ilanlar; tam envanter değildir; fiyatlar kaynağa göre en düşük müsait günlük fiyata dayanır, vergi ve ücretlerin dahil olup olmadığı kaynakta belirtilmiyor."
blue-mountain-beach,Blue Mountain Beach,2026-10,29,148.5,2026-10-07,abe7764d13cb4c9198e2b873ebc4d7c7,"Fiyat takviminden: ilanların aylık ortanca gecelik fiyatlarının ortancası (bizim hesabımız); 2026-10-07 tarihinde yapılan aramada görünen ilanlar; tam envanter değildir; fiyatlar kaynağa göre en düşük müsait günlük fiyata dayanır, vergi ve ücretlerin dahil olup olmadığı kaynakta belirtilmiyor."
blue-mountain-beach,Blue Mountain Beach,2026-11,28,136.26,2026-10-07,abe7764d13cb4c9198e2b873ebc4d7c7,"Fiyat takviminden: ilanların aylık ortanca gecelik fiyatlarının ortancası (bizim hesabımız); 2026-10-07 tarihinde yapılan aramada görünen ilanlar; tam envanter değildir; fiyatlar kaynağa göre en düşük müsait günlük fiyata dayanır, vergi ve ücretlerin dahil olup olmadığı kaynakta belirtilmiyor."
blue-mountain-beach,Blue Mountain Beach,2026-12,26,128.58,2026-10-07,abe7764d13cb4c9198e2b873ebc4d7c7,"Fiyat takviminden: ilanların aylık ortanca gecelik fiyatlarının ortancası (bizim hesabımız); 2026-10-07 tarihinde yapılan aramada görünen ilanlar; tam envanter değildir; fiyatlar kaynağa göre en düşük müsait günlük fiyata dayanır, vergi ve ücretlerin dahil olup olmadığı kaynakta belirtilmiyor."
blue-mountain-beach,Blue Mountain Beach,2027-01,25,112.5,2026-10-07,abe7764d13cb4c9198e2b873ebc4d7c7,"Fiyat takviminden: ilanların aylık ortanca gecelik fiyatlarının ortancası (bizim hesabımız); 2026-10-07 tarihinde yapılan aramada görünen ilanlar; tam envanter değildir; fiyatlar kaynağa göre en düşük müsait günlük fiyata dayanır, vergi ve ücretlerin dahil olup olmadığı kaynakta belirtilmiyor."
grayton-beach,Grayton Beach,2026-10,2,421.5,2026-10-07,abe7764d13cb4c9198e2b873ebc4d7c7,"Fiyat takviminden: ilanların aylık ortanca gecelik fiyatlarının ortancası (bizim hesabımız); 2026-10-07 tarihinde yapılan aramada görünen ilanlar; tam envanter değildir; fiyatlar kaynağa göre en düşük müsait günlük fiyata dayanır, vergi ve ücretlerin dahil olup olmadığı kaynakta belirtilmiyor."
grayton-beach,Grayton Beach,2026-11,2,412.5,2026-10-07,abe7764d13cb4c9198e2b873ebc4d7c7,"Fiyat takviminden: ilanların aylık ortanca gecelik fiyatlarının ortancası (bizim hesabımız); 2026-10-07 tarihinde yapılan aramada görünen ilanlar; tam envanter değildir; fiyatlar kaynağa göre en düşük müsait günlük fiyata dayanır, vergi ve ücretlerin dahil olup olmadığı kaynakta belirtilmiyor."
grayton-beach,Grayton Beach,2026-12,2,411.25,2026-10-07,abe7764d13cb4c9198e2b873ebc4d7c7,"Fiyat takviminden: ilanların aylık ortanca gecelik fiyatlarının ortancası (bizim hesabımız); 2026-10-07 tarihinde yapılan aramada görünen ilanlar; tam envanter değildir; fiyatlar kaynağa göre en düşük müsait günlük fiyata dayanır, vergi ve ücretlerin dahil olup olmadığı kaynakta belirtilmiyor."
grayton-beach,Grayton Beach,2027-01,1,200.0,2026-10-07,abe7764d13cb4c9198e2b873ebc4d7c7,"Fiyat takviminden: ilanların aylık ortanca gecelik fiyatlarının ortancası (bizim hesabımız); 2026-10-07 tarihinde yapılan aramada görünen ilanlar; tam envanter değildir; fiyatlar kaynağa göre en düşük müsait günlük fiyata dayanır, vergi ve ücretlerin dahil olup olmadığı kaynakta belirtilmiyor."
grayton-beach,Grayton Beach,2027-02,1,202.5,2026-10-07,abe7764d13cb4c9198e2b873ebc4d7c7,"Fiyat takviminden: ilanların aylık ortanca gecelik fiyatlarının ortancası (bizim hesabımız); 2026-10-07 tarihinde yapılan aramada görünen ilanlar; tam envanter değildir; fiyatlar kaynağa göre en düşük müsait günlük fiyata dayanır, vergi ve ücretlerin dahil olup olmadığı kaynakta belirtilmiyor."
grayton-beach,Grayton Beach,2027-03,1,205.0,2026-10-07,abe7764d13cb4c9198e2b873ebc4d7c7,"Fiyat takviminden: ilanların aylık ortanca gecelik fiyatlarının ortancası (bizim hesabımız); 2026-10-07 tarihinde yapılan aramada görünen ilanlar; tam envanter değildir; fiyatlar kaynağa göre en düşük müsait günlük fiyata dayanır, vergi ve ücretlerin dahil olup olmadığı kaynakta belirtilmiyor."
watercolor,WaterColor,2026-10,14,132.81,2026-10-07,abe7764d13cb4c9198e2b873ebc4d7c7,"Fiyat takviminden: ilanların aylık ortanca gecelik fiyatlarının ortancası (bizim hesabımız); 2026-10-07 tarihinde yapılan aramada görünen ilanlar; tam envanter değildir; fiyatlar kaynağa göre en düşük müsait günlük fiyata dayanır, vergi ve ücretlerin dahil olup olmadığı kaynakta belirtilmiyor."
watercolor,WaterColor,2026-11,12,121.03,2026-10-07,abe7764d13cb4c9198e2b873ebc4d7c7,"Fiyat takviminden: ilanların aylık ortanca gecelik fiyatlarının ortancası (bizim hesabımız); 2026-10-07 tarihinde yapılan aramada görünen ilanlar; tam envanter değildir; fiyatlar kaynağa göre en düşük müsait günlük fiyata dayanır, vergi ve ücretlerin dahil olup olmadığı kaynakta belirtilmiyor."
watercolor,WaterColor,2026-12,11,119.17,2026-10-07,abe7764d13cb4c9198e2b873ebc4d7c7,"Fiyat takviminden: ilanların aylık ortanca gecelik fiyatlarının ortancası (bizim hesabımız); 2026-10-07 tarihinde yapılan aramada görünen ilanlar; tam envanter değildir; fiyatlar kaynağa göre en düşük müsait günlük fiyata dayanır, vergi ve ücretlerin dahil olup olmadığı kaynakta belirtilmiyor."
watercolor,WaterColor,2027-01,14,111.5,2026-10-07,abe7764d13cb4c9198e2b873ebc4d7c7,"Fiyat takviminden: ilanların aylık ortanca gecelik fiyatlarının ortancası (bizim hesabımız); 2026-10-07 tarihinde yapılan aramada görünen ilanlar; tam envanter değildir; fiyatlar kaynağa göre en düşük müsait günlük fiyata dayanır, vergi ve ücretlerin dahil olup olmadığı kaynakta belirtilmiyor."
watercolor,WaterColor,2027-03,1,155.0,2026-10-07,abe7764d13cb4c9198e2b873ebc4d7c7,"Fiyat takviminden: ilanların aylık ortanca gecelik fiyatlarının ortancası (bizim hesabımız); 2026-10-07 tarihinde yapılan aramada görünen ilanlar; tam envanter değildir; fiyatlar kaynağa göre en düşük müsait günlük fiyata dayanır, vergi ve ücretlerin dahil olup olmadığı kaynakta belirtilmiyor."
seaside,Seaside,2026-10,87,769.62,2026-10-07,abe7764d13cb4c9198e2b873ebc4d7c7,"Fiyat takviminden: ilanların aylık ortanca gecelik fiyatlarının ortancası (bizim hesabımız); 2026-10-07 tarihinde yapılan aramada görünen ilanlar; tam envanter değildir; fiyatlar kaynağa göre en düşük müsait günlük fiyata dayanır, vergi ve ücretlerin dahil olup olmadığı kaynakta belirtilmiyor."
seaside,Seaside,2026-11,113,851.38,2026-10-07,abe7764d13cb4c9198e2b873ebc4d7c7,"Fiyat takviminden: ilanların aylık ortanca gecelik fiyatlarının ortancası (bizim hesabımız); 2026-10-07 tarihinde yapılan aramada görünen ilanlar; tam envanter değildir; fiyatlar kaynağa göre en düşük müsait günlük fiyata dayanır, vergi ve ücretlerin dahil olup olmadığı kaynakta belirtilmiyor."
seaside,Seaside,2026-12,115,894.11,2026-10-07,abe7764d13cb4c9198e2b873ebc4d7c7,"Fiyat takviminden: ilanların aylık ortanca gecelik fiyatlarının ortancası (bizim hesabımız); 2026-10-07 tarihinde yapılan aramada görünen ilanlar; tam envanter değildir; fiyatlar kaynağa göre en düşük müsait günlük fiyata dayanır, vergi ve ücretlerin dahil olup olmadığı kaynakta belirtilmiyor."
seaside,Seaside,2027-01,116,886.99,2026-10-07,abe7764d13cb4c9198e2b873ebc4d7c7,"Fiyat takviminden: ilanların aylık ortanca gecelik fiyatlarının ortancası (bizim hesabımız); 2026-10-07 tarihinde yapılan aramada görünen ilanlar; tam envanter değildir; fiyatlar kaynağa göre en düşük müsait günlük fiyata dayanır, vergi ve ücretlerin dahil olup olmadığı kaynakta belirtilmiyor."
seaside,Seaside,2027-02,20,931.74,2026-10-07,abe7764d13cb4c9198e2b873ebc4d7c7,"Fiyat takviminden: ilanların aylık ortanca gecelik fiyatlarının ortancası (bizim hesabımız); 2026-10-07 tarihinde yapılan aramada görünen ilanlar; tam envanter değildir; fiyatlar kaynağa göre en düşük müsait günlük fiyata dayanır, vergi ve ücretlerin dahil olup olmadığı kaynakta belirtilmiyor."
seaside,Seaside,2027-03,20,1050.75,2026-10-07,abe7764d13cb4c9198e2b873ebc4d7c7,"Fiyat takviminden: ilanların aylık ortanca gecelik fiyatlarının ortancası (bizim hesabımız); 2026-10-07 tarihinde yapılan aramada görünen ilanlar; tam envanter değildir; fiyatlar kaynağa göre en düşük müsait günlük fiyata dayanır, vergi ve ücretlerin dahil olup olmadığı kaynakta belirtilmiyor."
seagrove,Seagrove,2026-10,10,322.5,2026-10-07,abe7764d13cb4c9198e2b873ebc4d7c7,"Fiyat takviminden: ilanların aylık ortanca gecelik fiyatlarının ortancası (bizim hesabımız); 2026-10-07 tarihinde yapılan aramada görünen ilanlar; tam envanter değildir; fiyatlar kaynağa göre en düşük müsait günlük fiyata dayanır, vergi ve ücretlerin dahil olup olmadığı kaynakta belirtilmiyor."
seagrove,Seagrove,2026-11,13,300.0,2026-10-07,abe7764d13cb4c9198e2b873ebc4d7c7,"Fiyat takviminden: ilanların aylık ortanca gecelik fiyatlarının ortancası (bizim hesabımız); 2026-10-07 tarihinde yapılan aramada görünen ilanlar; tam envanter değildir; fiyatlar kaynağa göre en düşük müsait günlük fiyata dayanır, vergi ve ücretlerin dahil olup olmadığı kaynakta belirtilmiyor."
seagrove,Seagrove,2026-12,11,265.5,2026-10-07,abe7764d13cb4c9198e2b873ebc4d7c7,"Fiyat takviminden: ilanların aylık ortanca gecelik fiyatlarının ortancası (bizim hesabımız); 2026-10-07 tarihinde yapılan aramada görünen ilanlar; tam envanter değildir; fiyatlar kaynağa göre en düşük müsait günlük fiyata dayanır, vergi ve ücretlerin dahil olup olmadığı kaynakta belirtilmiyor."
seagrove,Seagrove,2027-01,11,220.0,2026-10-07,abe7764d13cb4c9198e2b873ebc4d7c7,"Fiyat takviminden: ilanların aylık ortanca gecelik fiyatlarının ortancası (bizim hesabımız); 2026-10-07 tarihinde yapılan aramada görünen ilanlar; tam envanter değildir; fiyatlar kaynağa göre en düşük müsait günlük fiyata dayanır, vergi ve ücretlerin dahil olup olmadığı kaynakta belirtilmiyor."
seagrove,Seagrove,2027-02,3,151.0,2026-10-07,abe7764d13cb4c9198e2b873ebc4d7c7,"Fiyat takviminden: ilanların aylık ortanca gecelik fiyatlarının ortancası (bizim hesabımız); 2026-10-07 tarihinde yapılan aramada görünen ilanlar; tam envanter değildir; fiyatlar kaynağa göre en düşük müsait günlük fiyata dayanır, vergi ve ücretlerin dahil olup olmadığı kaynakta belirtilmiyor."
seagrove,Seagrove,2027-03,4,275.5,2026-10-07,abe7764d13cb4c9198e2b873ebc4d7c7,"Fiyat takviminden: ilanların aylık ortanca gecelik fiyatlarının ortancası (bizim hesabımız); 2026-10-07 tarihinde yapılan aramada görünen ilanlar; tam envanter değildir; fiyatlar kaynağa göre en düşük müsait günlük fiyata dayanır, vergi ve ücretlerin dahil olup olmadığı kaynakta belirtilmiyor."
watersound,WaterSound,2026-10,4,461.5,2026-10-07,abe7764d13cb4c9198e2b873ebc4d7c7,"Fiyat takviminden: ilanların aylık ortanca gecelik fiyatlarının ortancası (bizim hesabımız); 2026-10-07 tarihinde yapılan aramada görünen ilanlar; tam envanter değildir; fiyatlar kaynağa göre en düşük müsait günlük fiyata dayanır, vergi ve ücretlerin dahil olup olmadığı kaynakta belirtilmiyor."
watersound,WaterSound,2026-11,4,344.12,2026-10-07,abe7764d13cb4c9198e2b873ebc4d7c7,"Fiyat takviminden: ilanların aylık ortanca gecelik fiyatlarının ortancası (bizim hesabımız); 2026-10-07 tarihinde yapılan aramada görünen ilanlar; tam envanter değildir; fiyatlar kaynağa göre en düşük müsait günlük fiyata dayanır, vergi ve ücretlerin dahil olup olmadığı kaynakta belirtilmiyor."
watersound,WaterSound,2026-12,4,334.12,2026-10-07,abe7764d13cb4c9198e2b873ebc4d7c7,"Fiyat takviminden: ilanların aylık ortanca gecelik fiyatlarının ortancası (bizim hesabımız); 2026-10-07 tarihinde yapılan aramada görünen ilanlar; tam envanter değildir; fiyatlar kaynağa göre en düşük müsait günlük fiyata dayanır, vergi ve ücretlerin dahil olup olmadığı kaynakta belirtilmiyor."
watersound,WaterSound,2027-01,3,299.25,2026-10-07,abe7764d13cb4c9198e2b873ebc4d7c7,"Fiyat takviminden: ilanların aylık ortanca gecelik fiyatlarının ortancası (bizim hesabımız); 2026-10-07 tarihinde yapılan aramada görünen ilanlar; tam envanter değildir; fiyatlar kaynağa göre en düşük müsait günlük fiyata dayanır, vergi ve ücretlerin dahil olup olmadığı kaynakta belirtilmiyor."
watersound,WaterSound,2027-02,1,299.25,2026-10-07,abe7764d13cb4c9198e2b873ebc4d7c7,"Fiyat takviminden: ilanların aylık ortanca gecelik fiyatlarının ortancası (bizim hesabımız); 2026-10-07 tarihinde yapılan aramada görünen ilanlar; tam envanter değildir; fiyatlar kaynağa göre en düşük müsait günlük fiyata dayanır, vergi ve ücretlerin dahil olup olmadığı kaynakta belirtilmiyor."
watersound,WaterSound,2027-03,2,412.12,2026-10-07,abe7764d13cb4c9198e2b873ebc4d7c7,"Fiyat takviminden: ilanların aylık ortanca gecelik fiyatlarının ortancası (bizim hesabımız); 2026-10-07 tarihinde yapılan aramada görünen ilanlar; tam envanter değildir; fiyatlar kaynağa göre en düşük müsait günlük fiyata dayanır, vergi ve ücretlerin dahil olup olmadığı kaynakta belirtilmiyor."
seacrest,Seacrest,2026-10,11,197.25,2026-10-07,abe7764d13cb4c9198e2b873ebc4d7c7,"Fiyat takviminden: ilanların aylık ortanca gecelik fiyatlarının ortancası (bizim hesabımız); 2026-10-07 tarihinde yapılan aramada görünen ilanlar; tam envanter değildir; fiyatlar kaynağa göre en düşük müsait günlük fiyata dayanır, vergi ve ücretlerin dahil olup olmadığı kaynakta belirtilmiyor."
seacrest,Seacrest,2026-11,10,136.12,2026-10-07,abe7764d13cb4c9198e2b873ebc4d7c7,"Fiyat takviminden: ilanların aylık ortanca gecelik fiyatlarının ortancası (bizim hesabımız); 2026-10-07 tarihinde yapılan aramada görünen ilanlar; tam envanter değildir; fiyatlar kaynağa göre en düşük müsait günlük fiyata dayanır, vergi ve ücretlerin dahil olup olmadığı kaynakta belirtilmiyor."
seacrest,Seacrest,2026-12,8,118.8,2026-10-07,abe7764d13cb4c9198e2b873ebc4d7c7,"Fiyat takviminden: ilanların aylık ortanca gecelik fiyatlarının ortancası (bizim hesabımız); 2026-10-07 tarihinde yapılan aramada görünen ilanlar; tam envanter değildir; fiyatlar kaynağa göre en düşük müsait günlük fiyata dayanır, vergi ve ücretlerin dahil olup olmadığı kaynakta belirtilmiyor."
seacrest,Seacrest,2027-01,8,112.25,2026-10-07,abe7764d13cb4c9198e2b873ebc4d7c7,"Fiyat takviminden: ilanların aylık ortanca gecelik fiyatlarının ortancası (bizim hesabımız); 2026-10-07 tarihinde yapılan aramada görünen ilanlar; tam envanter değildir; fiyatlar kaynağa göre en düşük müsait günlük fiyata dayanır, vergi ve ücretlerin dahil olup olmadığı kaynakta belirtilmiyor."
rosemary-beach,Rosemary Beach,2026-10,8,518.75,2026-10-07,abe7764d13cb4c9198e2b873ebc4d7c7,"Fiyat takviminden: ilanların aylık ortanca gecelik fiyatlarının ortancası (bizim hesabımız); 2026-10-07 tarihinde yapılan aramada görünen ilanlar; tam envanter değildir; fiyatlar kaynağa göre en düşük müsait günlük fiyata dayanır, vergi ve ücretlerin dahil olup olmadığı kaynakta belirtilmiyor."
rosemary-beach,Rosemary Beach,2026-11,8,337.5,2026-10-07,abe7764d13cb4c9198e2b873ebc4d7c7,"Fiyat takviminden: ilanların aylık ortanca gecelik fiyatlarının ortancası (bizim hesabımız); 2026-10-07 tarihinde yapılan aramada görünen ilanlar; tam envanter değildir; fiyatlar kaynağa göre en düşük müsait günlük fiyata dayanır, vergi ve ücretlerin dahil olup olmadığı kaynakta belirtilmiyor."
rosemary-beach,Rosemary Beach,2026-12,8,373.0,2026-10-07,abe7764d13cb4c9198e2b873ebc4d7c7,"Fiyat takviminden: ilanların aylık ortanca gecelik fiyatlarının ortancası (bizim hesabımız); 2026-10-07 tarihinde yapılan aramada görünen ilanlar; tam envanter değildir; fiyatlar kaynağa göre en düşük müsait günlük fiyata dayanır, vergi ve ücretlerin dahil olup olmadığı kaynakta belirtilmiyor."
rosemary-beach,Rosemary Beach,2027-01,5,434.25,2026-10-07,abe7764d13cb4c9198e2b873ebc4d7c7,"Fiyat takviminden: ilanların aylık ortanca gecelik fiyatlarının ortancası (bizim hesabımız); 2026-10-07 tarihinde yapılan aramada görünen ilanlar; tam envanter değildir; fiyatlar kaynağa göre en düşük müsait günlük fiyata dayanır, vergi ve ücretlerin dahil olup olmadığı kaynakta belirtilmiyor."
rosemary-beach,Rosemary Beach,2027-02,1,325.0,2026-10-07,abe7764d13cb4c9198e2b873ebc4d7c7,"Fiyat takviminden: ilanların aylık ortanca gecelik fiyatlarının ortancası (bizim hesabımız); 2026-10-07 tarihinde yapılan aramada görünen ilanlar; tam envanter değildir; fiyatlar kaynağa göre en düşük müsait günlük fiyata dayanır, vergi ve ücretlerin dahil olup olmadığı kaynakta belirtilmiyor."
inlet-beach,Inlet Beach,2026-10,11,185.5,2026-10-07,abe7764d13cb4c9198e2b873ebc4d7c7,"Fiyat takviminden: ilanların aylık ortanca gecelik fiyatlarının ortancası (bizim hesabımız); 2026-10-07 tarihinde yapılan aramada görünen ilanlar; tam envanter değildir; fiyatlar kaynağa göre en düşük müsait günlük fiyata dayanır, vergi ve ücretlerin dahil olup olmadığı kaynakta belirtilmiyor."
inlet-beach,Inlet Beach,2026-11,9,139.0,2026-10-07,abe7764d13cb4c9198e2b873ebc4d7c7,"Fiyat takviminden: ilanların aylık ortanca gecelik fiyatlarının ortancası (bizim hesabımız); 2026-10-07 tarihinde yapılan aramada görünen ilanlar; tam envanter değildir; fiyatlar kaynağa göre en düşük müsait günlük fiyata dayanır, vergi ve ücretlerin dahil olup olmadığı kaynakta belirtilmiyor."
inlet-beach,Inlet Beach,2026-12,10,128.0,2026-10-07,abe7764d13cb4c9198e2b873ebc4d7c7,"Fiyat takviminden: ilanların aylık ortanca gecelik fiyatlarının ortancası (bizim hesabımız); 2026-10-07 tarihinde yapılan aramada görünen ilanlar; tam envanter değildir; fiyatlar kaynağa göre en düşük müsait günlük fiyata dayanır, vergi ve ücretlerin dahil olup olmadığı kaynakta belirtilmiyor."
inlet-beach,Inlet Beach,2027-01,10,124.02,2026-10-07,abe7764d13cb4c9198e2b873ebc4d7c7,"Fiyat takviminden: ilanların aylık ortanca gecelik fiyatlarının ortancası (bizim hesabımız); 2026-10-07 tarihinde yapılan aramada görünen ilanlar; tam envanter değildir; fiyatlar kaynağa göre en düşük müsait günlük fiyata dayanır, vergi ve ücretlerin dahil olup olmadığı kaynakta belirtilmiyor."
inlet-beach,Inlet Beach,2027-02,1,326.0,2026-10-07,abe7764d13cb4c9198e2b873ebc4d7c7,"Fiyat takviminden: ilanların aylık ortanca gecelik fiyatlarının ortancası (bizim hesabımız); 2026-10-07 tarihinde yapılan aramada görünen ilanlar; tam envanter değildir; fiyatlar kaynağa göre en düşük müsait günlük fiyata dayanır, vergi ve ücretlerin dahil olup olmadığı kaynakta belirtilmiyor."
inlet-beach,Inlet Beach,2027-03,1,544.66,2026-10-07,abe7764d13cb4c9198e2b873ebc4d7c7,"Fiyat takviminden: ilanların aylık ortanca gecelik fiyatlarının ortancası (bizim hesabımız); 2026-10-07 tarihinde yapılan aramada görünen ilanlar; tam envanter değildir; fiyatlar kaynağa göre en düşük müsait günlük fiyata dayanır, vergi ve ücretlerin dahil olup olmadığı kaynakta belirtilmiyor."
