# Aynı ilan, aynı giriş-çıkış tarihi, iki farklı sorgu tarihi; yalnız iki çekimde de fiyatlı ilanlar; bizim hesabımız.
kaynak,etiket,temel,mahalle,pencere,onceki_pencere,giris,cikis,eslesen_ilan,ortanca_degisim,ortanca_fark_usd
Book>Direct,aynı evlerin aynı hafta için 2026-10-08 ve 2026-10-09 tarihlerinde sorgulanan fiyatları; bizim hesabımız,gecelik fiyat (Book>Direct),Dune Allen,ay-2027-03,spring-break-2027,2027-03-13,2027-03-20,0,,
Book>Direct,aynı evlerin aynı hafta için 2026-10-08 ve 2026-10-09 tarihlerinde sorgulanan fiyatları; bizim hesabımız,gecelik fiyat (Book>Direct),Dune Allen,ay-2027-07,summer-2027,2027-07-10,2027-07-17,0,,
Book>Direct,aynı evlerin aynı hafta için 2026-10-08 ve 2026-10-09 tarihlerinde sorgulanan fiyatları; bizim hesabımız,gecelik fiyat (Book>Direct),Gulf Place,ay-2027-03,spring-break-2027,2027-03-13,2027-03-20,0,,
Book>Direct,aynı evlerin aynı hafta için 2026-10-08 ve 2026-10-09 tarihlerinde sorgulanan fiyatları; bizim hesabımız,gecelik fiyat (Book>Direct),Gulf Place,ay-2027-07,summer-2027,2027-07-10,2027-07-17,0,,
Book>Direct,aynı evlerin aynı hafta için 2026-10-08 ve 2026-10-09 tarihlerinde sorgulanan fiyatları; bizim hesabımız,gecelik fiyat (Book>Direct),Santa Rosa Beach,ay-2027-03,spring-break-2027,2027-03-13,2027-03-20,0,,
Book>Direct,aynı evlerin aynı hafta için 2026-10-08 ve 2026-10-09 tarihlerinde sorgulanan fiyatları; bizim hesabımız,gecelik fiyat (Book>Direct),Santa Rosa Beach,ay-2027-07,summer-2027,2027-07-10,2027-07-17,0,,
Book>Direct,aynı evlerin aynı hafta için 2026-10-08 ve 2026-10-09 tarihlerinde sorgulanan fiyatları; bizim hesabımız,gecelik fiyat (Book>Direct),Blue Mountain Beach,ay-2027-03,spring-break-2027,2027-03-13,2027-03-20,0,,
Book>Direct,aynı evlerin aynı hafta için 2026-10-08 ve 2026-10-09 tarihlerinde sorgulanan fiyatları; bizim hesabımız,gecelik fiyat (Book>Direct),Blue Mountain Beach,ay-2027-07,summer-2027,2027-07-10,2027-07-17,0,,
Book>Direct,aynı evlerin aynı hafta için 2026-10-08 ve 2026-10-09 tarihlerinde sorgulanan fiyatları; bizim hesabımız,gecelik fiyat (Book>Direct),Grayton Beach,ay-2027-03,spring-break-2027,2027-03-13,2027-03-20,0,,
Book>Direct,aynı evlerin aynı hafta için 2026-10-08 ve 2026-10-09 tarihlerinde sorgulanan fiyatları; bizim hesabımız,gecelik fiyat (Book>Direct),Grayton Beach,ay-2027-07,summer-2027,2027-07-10,2027-07-17,0,,
Book>Direct,aynı evlerin aynı hafta için 2026-10-08 ve 2026-10-09 tarihlerinde sorgulanan fiyatları; bizim hesabımız,gecelik fiyat (Book>Direct),WaterColor,ay-2027-03,spring-break-2027,2027-03-13,2027-03-20,0,,
Book>Direct,aynı evlerin aynı hafta için 2026-10-08 ve 2026-10-09 tarihlerinde sorgulanan fiyatları; bizim hesabımız,gecelik fiyat (Book>Direct),WaterColor,ay-2027-07,summer-2027,2027-07-10,2027-07-17,0,,
Book>Direct,aynı evlerin aynı hafta için 2026-10-08 ve 2026-10-09 tarihlerinde sorgulanan fiyatları; bizim hesabımız,gecelik fiyat (Book>Direct),Seaside,ay-2027-03,spring-break-2027,2027-03-13,2027-03-20,0,,
Book>Direct,aynı evlerin aynı hafta için 2026-10-08 ve 2026-10-09 tarihlerinde sorgulanan fiyatları; bizim hesabımız,gecelik fiyat (Book>Direct),Seaside,ay-2027-07,summer-2027,2027-07-10,2027-07-17,0,,
Book>Direct,aynı evlerin aynı hafta için 2026-10-08 ve 2026-10-09 tarihlerinde sorgulanan fiyatları; bizim hesabımız,gecelik fiyat (Book>Direct),Seagrove,ay-2027-03,spring-break-2027,2027-03-13,2027-03-20,0,,
Book>Direct,aynı evlerin aynı hafta için 2026-10-08 ve 2026-10-09 tarihlerinde sorgulanan fiyatları; bizim hesabımız,gecelik fiyat (Book>Direct),Seagrove,ay-2027-07,summer-2027,2027-07-10,2027-07-17,0,,
Book>Direct,aynı evlerin aynı hafta için 2026-10-08 ve 2026-10-09 tarihlerinde sorgulanan fiyatları; bizim hesabımız,gecelik fiyat (Book>Direct),WaterSound,ay-2027-03,spring-break-2027,2027-03-13,2027-03-20,0,,
Book>Direct,aynı evlerin aynı hafta için 2026-10-08 ve 2026-10-09 tarihlerinde sorgulanan fiyatları; bizim hesabımız,gecelik fiyat (Book>Direct),WaterSound,ay-2027-07,summer-2027,2027-07-10,2027-07-17,0,,
Book>Direct,aynı evlerin aynı hafta için 2026-10-08 ve 2026-10-09 tarihlerinde sorgulanan fiyatları; bizim hesabımız,gecelik fiyat (Book>Direct),Seacrest,ay-2027-03,spring-break-2027,2027-03-13,2027-03-20,0,,
Book>Direct,aynı evlerin aynı hafta için 2026-10-08 ve 2026-10-09 tarihlerinde sorgulanan fiyatları; bizim hesabımız,gecelik fiyat (Book>Direct),Seacrest,ay-2027-07,summer-2027,2027-07-10,2027-07-17,0,,
Book>Direct,aynı evlerin aynı hafta için 2026-10-08 ve 2026-10-09 tarihlerinde sorgulanan fiyatları; bizim hesabımız,gecelik fiyat (Book>Direct),Alys Beach,ay-2027-03,spring-break-2027,2027-03-13,2027-03-20,0,,
Book>Direct,aynı evlerin aynı hafta için 2026-10-08 ve 2026-10-09 tarihlerinde sorgulanan fiyatları; bizim hesabımız,gecelik fiyat (Book>Direct),Alys Beach,ay-2027-07,summer-2027,2027-07-10,2027-07-17,0,,
Book>Direct,aynı evlerin aynı hafta için 2026-10-08 ve 2026-10-09 tarihlerinde sorgulanan fiyatları; bizim hesabımız,gecelik fiyat (Book>Direct),Rosemary Beach,ay-2027-03,spring-break-2027,2027-03-13,2027-03-20,0,,
Book>Direct,aynı evlerin aynı hafta için 2026-10-08 ve 2026-10-09 tarihlerinde sorgulanan fiyatları; bizim hesabımız,gecelik fiyat (Book>Direct),Rosemary Beach,ay-2027-07,summer-2027,2027-07-10,2027-07-17,0,,
Book>Direct,aynı evlerin aynı hafta için 2026-10-08 ve 2026-10-09 tarihlerinde sorgulanan fiyatları; bizim hesabımız,gecelik fiyat (Book>Direct),Inlet Beach,ay-2027-03,spring-break-2027,2027-03-13,2027-03-20,0,,
Book>Direct,aynı evlerin aynı hafta için 2026-10-08 ve 2026-10-09 tarihlerinde sorgulanan fiyatları; bizim hesabımız,gecelik fiyat (Book>Direct),Inlet Beach,ay-2027-07,summer-2027,2027-07-10,2027-07-17,0,,
kiralama şirketleri,aynı evlerin aynı hafta için 2026-10-08 ve 2026-10-09 tarihlerinde sorgulanan fiyatları; bizim hesabımız,7 gecelik toplam (sitenin),Dune Allen,ay-2027-03,spring-break-2027,2027-03-13,2027-03-20,45,0.0,0.0
kiralama şirketleri,aynı evlerin aynı hafta için 2026-10-08 ve 2026-10-09 tarihlerinde sorgulanan fiyatları; bizim hesabımız,7 gecelik toplam (sitenin),Dune Allen,ay-2027-07,summer-2027,2027-07-10,2027-07-17,46,0.0,0.0
kiralama şirketleri,aynı evlerin aynı hafta için 2026-10-08 ve 2026-10-09 tarihlerinde sorgulanan fiyatları; bizim hesabımız,7 gecelik toplam (sitenin),Gulf Place,ay-2027-03,spring-break-2027,2027-03-13,2027-03-20,11,0.0,0.0
kiralama şirketleri,aynı evlerin aynı hafta için 2026-10-08 ve 2026-10-09 tarihlerinde sorgulanan fiyatları; bizim hesabımız,7 gecelik toplam (sitenin),Gulf Place,ay-2027-07,summer-2027,2027-07-10,2027-07-17,15,0.0,0.0
kiralama şirketleri,aynı evlerin aynı hafta için 2026-10-08 ve 2026-10-09 tarihlerinde sorgulanan fiyatları; bizim hesabımız,7 gecelik toplam (sitenin),Santa Rosa Beach,ay-2027-03,spring-break-2027,2027-03-13,2027-03-20,44,0.0,0.0
kiralama şirketleri,aynı evlerin aynı hafta için 2026-10-08 ve 2026-10-09 tarihlerinde sorgulanan fiyatları; bizim hesabımız,7 gecelik toplam (sitenin),Santa Rosa Beach,ay-2027-07,summer-2027,2027-07-10,2027-07-17,51,-0.0011,-7.49
kiralama şirketleri,aynı evlerin aynı hafta için 2026-10-08 ve 2026-10-09 tarihlerinde sorgulanan fiyatları; bizim hesabımız,7 gecelik toplam (sitenin),Blue Mountain Beach,ay-2027-03,spring-break-2027,2027-03-13,2027-03-20,54,0.0,0.0
kiralama şirketleri,aynı evlerin aynı hafta için 2026-10-08 ve 2026-10-09 tarihlerinde sorgulanan fiyatları; bizim hesabımız,7 gecelik toplam (sitenin),Blue Mountain Beach,ay-2027-07,summer-2027,2027-07-10,2027-07-17,66,0.0,0.0
kiralama şirketleri,aynı evlerin aynı hafta için 2026-10-08 ve 2026-10-09 tarihlerinde sorgulanan fiyatları; bizim hesabımız,7 gecelik toplam (sitenin),Grayton Beach,ay-2027-03,spring-break-2027,2027-03-13,2027-03-20,28,0.0,0.0
kiralama şirketleri,aynı evlerin aynı hafta için 2026-10-08 ve 2026-10-09 tarihlerinde sorgulanan fiyatları; bizim hesabımız,7 gecelik toplam (sitenin),Grayton Beach,ay-2027-07,summer-2027,2027-07-10,2027-07-17,31,0.0,0.0
kiralama şirketleri,aynı evlerin aynı hafta için 2026-10-08 ve 2026-10-09 tarihlerinde sorgulanan fiyatları; bizim hesabımız,7 gecelik toplam (sitenin),WaterColor,ay-2027-03,spring-break-2027,2027-03-13,2027-03-20,45,0.0,0.0
kiralama şirketleri,aynı evlerin aynı hafta için 2026-10-08 ve 2026-10-09 tarihlerinde sorgulanan fiyatları; bizim hesabımız,7 gecelik toplam (sitenin),WaterColor,ay-2027-07,summer-2027,2027-07-10,2027-07-17,52,0.0,0.0
kiralama şirketleri,aynı evlerin aynı hafta için 2026-10-08 ve 2026-10-09 tarihlerinde sorgulanan fiyatları; bizim hesabımız,7 gecelik toplam (sitenin),Seaside,ay-2027-03,spring-break-2027,2027-03-13,2027-03-20,71,0.004,25.38
kiralama şirketleri,aynı evlerin aynı hafta için 2026-10-08 ve 2026-10-09 tarihlerinde sorgulanan fiyatları; bizim hesabımız,7 gecelik toplam (sitenin),Seaside,ay-2027-07,summer-2027,2027-07-10,2027-07-17,97,0.0,0.0
kiralama şirketleri,aynı evlerin aynı hafta için 2026-10-08 ve 2026-10-09 tarihlerinde sorgulanan fiyatları; bizim hesabımız,7 gecelik toplam (sitenin),Seagrove,ay-2027-03,spring-break-2027,2027-03-13,2027-03-20,220,0.0,0.0
kiralama şirketleri,aynı evlerin aynı hafta için 2026-10-08 ve 2026-10-09 tarihlerinde sorgulanan fiyatları; bizim hesabımız,7 gecelik toplam (sitenin),Seagrove,ay-2027-07,summer-2027,2027-07-10,2027-07-17,260,-0.0023,-9.78
kiralama şirketleri,aynı evlerin aynı hafta için 2026-10-08 ve 2026-10-09 tarihlerinde sorgulanan fiyatları; bizim hesabımız,7 gecelik toplam (sitenin),WaterSound,ay-2027-03,spring-break-2027,2027-03-13,2027-03-20,43,0.0,0.0
kiralama şirketleri,aynı evlerin aynı hafta için 2026-10-08 ve 2026-10-09 tarihlerinde sorgulanan fiyatları; bizim hesabımız,7 gecelik toplam (sitenin),WaterSound,ay-2027-07,summer-2027,2027-07-10,2027-07-17,48,0.001,6.5
kiralama şirketleri,aynı evlerin aynı hafta için 2026-10-08 ve 2026-10-09 tarihlerinde sorgulanan fiyatları; bizim hesabımız,7 gecelik toplam (sitenin),Seacrest,ay-2027-03,spring-break-2027,2027-03-13,2027-03-20,115,0.0,0.0
kiralama şirketleri,aynı evlerin aynı hafta için 2026-10-08 ve 2026-10-09 tarihlerinde sorgulanan fiyatları; bizim hesabımız,7 gecelik toplam (sitenin),Seacrest,ay-2027-07,summer-2027,2027-07-10,2027-07-17,128,0.0,0.0
kiralama şirketleri,aynı evlerin aynı hafta için 2026-10-08 ve 2026-10-09 tarihlerinde sorgulanan fiyatları; bizim hesabımız,7 gecelik toplam (sitenin),Alys Beach,ay-2027-03,spring-break-2027,2027-03-13,2027-03-20,0,,
kiralama şirketleri,aynı evlerin aynı hafta için 2026-10-08 ve 2026-10-09 tarihlerinde sorgulanan fiyatları; bizim hesabımız,7 gecelik toplam (sitenin),Alys Beach,ay-2027-07,summer-2027,2027-07-10,2027-07-17,0,,
kiralama şirketleri,aynı evlerin aynı hafta için 2026-10-08 ve 2026-10-09 tarihlerinde sorgulanan fiyatları; bizim hesabımız,7 gecelik toplam (sitenin),Rosemary Beach,ay-2027-03,spring-break-2027,2027-03-13,2027-03-20,82,0.0,0.0
kiralama şirketleri,aynı evlerin aynı hafta için 2026-10-08 ve 2026-10-09 tarihlerinde sorgulanan fiyatları; bizim hesabımız,7 gecelik toplam (sitenin),Rosemary Beach,ay-2027-07,summer-2027,2027-07-10,2027-07-17,90,0.0,0.0
kiralama şirketleri,aynı evlerin aynı hafta için 2026-10-08 ve 2026-10-09 tarihlerinde sorgulanan fiyatları; bizim hesabımız,7 gecelik toplam (sitenin),Inlet Beach,ay-2027-03,spring-break-2027,2027-03-13,2027-03-20,38,0.0,0.0
kiralama şirketleri,aynı evlerin aynı hafta için 2026-10-08 ve 2026-10-09 tarihlerinde sorgulanan fiyatları; bizim hesabımız,7 gecelik toplam (sitenin),Inlet Beach,ay-2027-07,summer-2027,2027-07-10,2027-07-17,41,0.0,0.0
