external_id,ad,city,adres,enlem,boylam,erisim_turu,olanaklar
5c81ab02f836f9166348e96c,Stallworth Preserve,Santa Rosa Beach,125 Stallworth Blvd,30.35548,-86.2638,neighborhood,
5c818bddf836f90dc03cccc3,Beach Highlands - 44,Santa Rosa Beach,363 Highland Ave,30.35543144,-86.26117861,neighborhood,Parking|Beach Conditions Flag
5c8195dcf836f9166535cb93,Bullard - 43a,Santa Rosa Beach,125 Highland Ave,30.35482,-86.25864,neighborhood,
5df3aad15a6c24371775bd16,Dune Allen Regional Beach Access,Santa Rosa Beach,5999 W Scenic Hwy 30A,30.3538643,-86.2549063,regional,Seasonal Lifeguards|Parking|Beach Conditions Flag|ADA Accessible Restrooms|ADA Accessible Boardwalk|ADA Accessible Parking|Water Fountain|Vendor Managed
5c8000ddf836f94c3171b973,Fort Panic Regional Beach Access - 43,Santa Rosa Beach,5753 W Scenic Hwy 30A,30.35265753,-86.25126616,regional,Restrooms|Parking|Vendor Managed|Beach Conditions Flag|ADA Accessible Boardwalk|ADA Accessible Parking|ADA Accessible Restrooms|Water Fountain|Seasonal Lifeguards
5c81ac5bf836f90dc03cccd6,West Allen Loop - 42,Santa Rosa Beach,5605 Co. Hwy 30A,30.353478,-86.2511337,neighborhood,
5c81a5eef836f9166535cb9a,Lake Causeway - 41,Santa Rosa Beach,5173 W County Hwy 30A,30.35009290291938,-86.24214210848508,neighborhood,Beach Conditions Flag
64dd46e5d7a14c5b34023dc2,Palms of Dune Allen West - 44,Santa Rosa Beach,4991 W Co Hwy 30A,30.34963,-86.23912,neighborhood,
5c81a7dcf836f9166348e965,Palms of Dune Allen East - 43,Santa Rosa Beach,4925 W Co. Hwy 30A,30.34938,-86.23817,neighborhood,
5c803a5e0970a77f5a2f0e82,Ed Walline Regional Beach Access - 39,Santa Rosa Beach,4447 W Scenic Hwy 30A,30.34666444,-86.22992065,regional,Seasonal Lifeguards|Parking|Beach Conditions Flag|ADA Accessible Restrooms|ADA Accessible Boardwalk|ADA Accessible Parking|Picnic Pavilion|Water Fountain|Beach Wheelchairs Available|Vendor Managed
5c81aa70f836f90dc03cccd5,Shellseekers - 38a,Santa Rosa Beach,4201 W Co Hwy 30A,30.34577,-86.22691,neighborhood,Vendor Managed
5c81aa94f836f9166348e96b,Spooky Lane - 38,Santa Rosa Beach,92 S Spooky Ln,30.34565217,-86.22586271,neighborhood,Vendor Managed
5c803abb0970a7346100fff5,Gulfview Heights Regional Beach Access - 37,Santa Rosa Beach,186 Gulfview Heights St,30.34417648,-86.2210781,regional,Restrooms|Parking|Vendor Managed|Beach Conditions Flag|ADA Accessible Parking|ADA Accessible Restrooms|Water Fountain|Seasonal Lifeguards|Picnic Pavilion
5c79a4b00970a7972e59c7a2,Blue Mountain Regional Beach Access - 36,Santa Rosa Beach,2365 S Scenic Hwy 83,30.33801417,-86.2008975,regional,Restrooms|Parking|Vendor Managed|Beach Conditions Flag|ADA Accessible Parking|ADA Accessible Restrooms|Water Fountain|Seasonal Lifeguards
5c81a399f836f9166535cb95,Gulf Point Road - 35,Santa Rosa Beach,446 Blue Mountain Rd,30.33756744,-86.19872115,neighborhood,
5c81aa00f836f9166348e96a,Seagrade Road - 34,Santa Rosa Beach,590 Blue Mountain Rd,30.336988,-86.196428,neighborhood,
5c81959ff836f9166348e953,Blue Lake Road - 33,Santa Rosa Beach,726 Blue Mountain Rd,30.33645936,-86.19432151,neighborhood,
5c81a8f2f836f9166348e968,Ray’s Multi­‐Mountain - 32,Santa Rosa Beach,125 Sandy Ln,30.32902214,-86.16721941,neighborhood,
6a315b65def75df603062712,"Bets ""Beachmama"" Haynes Regional Beach Access",Grayton Beach,44 Hotz Ave.,30.32923,-86.165866,regional,Restrooms
5c819a5af836f9166348e957,Grayton Dunes - 17,Santa Rosa Beach,288 Garfield St,30.32862865,-86.1646969,neighborhood,Beach Conditions Flag|Vendor Managed
5c819c45f836f90dc03cccc6,Grayton Dunes (West),Santa Rosa Beach,199 Banfill St,30.328918,-86.163974,neighborhood,
5c819666f836f9166348e955,Dogwood/Thyme - 29,Santa Rosa Beach,2560 E Co. Hwy 30A,30.31808,-86.13289,neighborhood,
5c81a4e0f836f90dc03cccc9,Hickory - 28,Santa Rosa Beach,2624 E Co. Hwy 30A,30.31780537,-86.13189461,neighborhood,Vendor Managed
5c81a633f836f9166535cb9d,Live Oak - 27,Santa Rosa Beach,2680 E Co. Hwy 30A,30.31748,-86.13113,neighborhood,Vendor Managed
5c81a707f836f90dc03ccccf,Nightcap Street - 26,Santa Rosa Beach,2722 E Co. Hwy 30A,30.31731,-86.13032,neighborhood,Vendor Managed
5c81a576f836f9166348e95e,Highway 395 - 25,Santa Rosa Beach,2790 E Co. Hwy 30A,30.31696,-86.13,neighborhood,Vendor Managed
5c81a5acf836f90dc03cccca,Holly - 24,Santa Rosa Beach,2844 E Co. Hwy 30A,30.3167,-86.12845,neighborhood,Vendor Managed
5c818ba6f836f90dc03cccc2,Azalea/Camellia - 23,Santa Rosa Beach,2920 E Co. Hwy 30A,30.31642,-86.12725,neighborhood,
5c8199eaf836f90dc03cccc5,Gardenia - 22,Santa Rosa Beach,3016 E Co. Hwy 30A,30.31619,-86.12604,neighborhood,Beach Conditions Flag|Vendor Managed
5c81a530f836f9166535cb98,Headland Ave,Santa Rosa Beach,48 S Headland Ave.,30.3175,-86.12518,neighborhood,Vendor Managed
5c81a2e4f836f9166348e959,Greenwood - 21,Santa Rosa Beach,118 Montgomery St,30.31527464,-86.12397344,neighborhood,Vendor Managed
5c818b77f836f9166535cb92,Andalusia - 20,Santa Rosa Beach,52 S Andalusia St,30.314753,-86.122601,neighborhood,
5c8196ccf836f90dc03cccc4,Dothan - 19,Santa Rosa Beach,276 Montgomery St (Corner of Dothan & Montgomery St),30.31468,-86.12122,neighborhood,Vendor Managed
5c81a944f836f9166348e969,San Juan - 18,Santa Rosa Beach,48 S San Juan Ave.,30.31400119,-86.12023879,neighborhood,
5c8189f0f836f90da711b134,Santa Clara Regional Beach Access - 17,Santa Rosa Beach,3468 E Scenic Hwy 30A,30.31363771,-86.11926901,regional,Seasonal Lifeguards|Parking|Beach Conditions Flag|ADA Accessible Restrooms|ADA Accessible Boardwalk|Water Fountain|Beach Wheelchairs Available|Vendor Managed
5c81a817f836f9166535cba1,Pelayo - 16,Santa Rosa Beach,3576 E Co. Hwy 30A,30.31373424,-86.1170954,neighborhood,
5c819629f836f9166348e954,Campbell Street - 15,Santa Rosa Beach,3694 E Co. Hwy 30A,30.31221044,-86.11507717,neighborhood,
5c818c91f836f9166348e952,Beachwood Villas - 14,Santa Rosa Beach,3874 E Co. Hwy 30A,30.31250352,-86.11273593,neighborhood,
6a315ac269745399950aca62,Seagrove Regional Beach Access,Santa Rosa Beach,3910 E. Co. Hwy. 30A,30.312094,-86.111853,regional,Restrooms|Parking|ADA Accessible Boardwalk|ADA Accessible Parking|ADA Accessible Restrooms
5c81a77ef836f9166535cb9f,One Seagrove - 13,Santa Rosa Beach,57 Seagrove Pl,30.31025258,-86.10883706,neighborhood,Vendor Managed|Beach Conditions Flag
5c81a8c7f836f9166535cba2,Ramsgate - 11,Santa Rosa Beach,679 Eastern Lake Rd,30.30743,-86.09985,neighborhood,
5c81995ff836f9166348e956,Eastern Lake NBA West - 11B,Santa Rosa Beach,491 Eastern Lake Rd,30.30754,-86.09644,neighborhood,
5c81a895f836f9166348e967,Eastern Lake NBA East - 11A,Santa Rosa Beach,188 San Roy Rd,30.30634,-86.09572,neighborhood,
5c81abadf836f9166348e96d,Sugar Dunes - 9,Santa Rosa Beach,140 Beachside Dr,30.30530811,-86.09242902,neighborhood,Beach Conditions Flag
5c81ac29f836f9166535cba4,Walton Dunes - 8,Santa Rosa Beach,258 Beach Front Trl,30.30377301,-86.08730994,neighborhood,Vendor Managed
5c81a321f836f9166348e95a,Gulf Lakes Estates - 7,Seacrest,8040 E Co. Hwy 30A,30.2919291,-86.05403969,neighborhood,
5c81aa36f836f9166535cba3,Seabreeze - 6,Inlet Beach,8286 E Co Hwy 30A,30.29053164,-86.05041605,neighborhood,
5c81a9d7f836f90dc03cccd4,Seacrest Dr - 5,Seacrest,8520 E Co Hwy 30A,30.28927222,-86.04675178,neighborhood,
5c81acb0f836f9166348e96f,Winston Lane - 4,Inlet Beach,188 Winston Ln,30.276155,-86.012212,neighborhood,Beach Conditions Flag
5c81abfcf836f9166348e96e,Wall Street - 3,Inlet Beach,264 S Wall St,30.27457197,-86.00813817,neighborhood,Vendor Managed
5c8188bbf836f90da711b132,"Inlet Beach Regional Access - 2a, 2b, 2c",Inlet Beach,303 West Park Place Ave,30.27401447,-86.00393018,regional,Seasonal Lifeguards|Beach Conditions Flag|ADA Accessible Restrooms|ADA Accessible Boardwalk|ADA Accessible Parking|Water Fountain|Beach Wheelchairs Available|Vendor Managed
5c81a841f836f9166348e966,South Walton Lakeshore Dr - 1a,Inlet Beach,202 S Walton Lakeshore Dr,30.27129,-85.9998,neighborhood,Vendor Managed
5c81a6a2f836f9166348e961,Lupine - 1,Inlet Beach,242 Walton Magnolia Ln,30.2713,-85.99579,neighborhood,
