external_id,ad,city,tur,enlem,boylam
5c818987f836f904d13edd14,Miramar Beach Regional Beach Access - 49,Miramar Beach,regional,30.37819479,-86.38752755
5c81a66df836f90dc03ccccd,Haugen Park - 55,Miramar Beach,bays-lakes,30.3902136,-86.3800308
634d712b5a6c245190003bd2,Scenic Gulf Drive Regional Beach Access,Miramar Beach,regional,30.37496,-86.36365
5c819a2ff836f9166535cb94,Geronimo Street - 48,Miramar Beach,neighborhood,30.3752,-86.36065
5c81a752f836f9166348e962,Legion Park - 52,Miramar Beach,bays-lakes,30.38673585,-86.3588617
5c81a745f836f90dc03cccd0,Norwood Drive - 47,Miramar Beach,neighborhood,30.37379,-86.350746
5c81a7aef836f9166348e964,Open Gulf Street - 46,Miramar Beach,neighborhood,30.37322864,-86.34868783
5c81a978f836f90dc03cccd3,Sand Trap - 45,Miramar Beach,neighborhood,30.37273692,-86.34612358
5c81a551f836f9166535cb99,Arts Center,Santa Rosa Beach,bays-lakes,30.3986262,-86.2312999
5c81a5a7f836f9166348e95f,Cessna Landing  - 51,Santa Rosa Beach,bays-lakes,30.394976,-86.228467
5c81a780f836f9166348e963,Kellogg Property,Santa Rosa Beach,bays-lakes,30.4043,-86.2117
5c81a703f836f90dc03cccce,Thomas Pilcher Park,Santa Rosa Beach,bays-lakes,30.39792108,-86.16959253
5c81a7d7f836f90dc03cccd2,Western Lake - 50,Grayton Beach,bays-lakes,30.3299,-86.1635
5c81a5fdf836f90dc03ccccb,Bayside Ranchettes Park,Santa Rosa Beach,bays-lakes,30.37885,-86.14813
5c81a7aff836f90dc03cccd1,Point Washington - 53,Santa Rosa Beach,bays-lakes,30.3728,-86.115
5c81a812f836f9166535cba0,Eastern Lake - 54,Santa Rosa Beach,bays-lakes,30.3094,-86.0896
5c81a726f836f9166535cb9e,Lake Powell,Inlet Beach,bays-lakes,30.28302,-85.99996
